First Name,Last Name,Email,Job Title,LinkedIn,Timezone - Lead,Company,Is_Valid_Email,Is_Valid_LinkedIn,Source_File,Date_Processed
Bernhard,Dudler,bernhard.dudler@laprairiegroup.ch,Senior Manager of Innovation,https://www.linkedin.com/in/bernhard-dudler-84b5842b,EU,La Prairie,True,True,ActiveCosmeticsMarket,2025-07-03
Daniel,Stangl,daniel.stangl@laprairiegroup.ch,Director Innovation,https://www.linkedin.com/in/daniel-stangl-3181a4a5,EU,La Prairie,True,True,ActiveCosmeticsMarket,2025-07-03
Katie,Mares,katie@murad.co.uk,BUSINESS DEVELOPMENT MANAGER AND TRAINER,https://www.linkedin.com/in/katie-mares-74b8908b,EU,Murad,True,True,ActiveCosmeticsMarket,2025-07-03
Luigi,Cadorin,luigi.cadorin@unifarco.it,Global Business Development Director -Board Director Unifarco SL,https://www.linkedin.com/in/luigi-cadorin-0560026,EU,Unifarco,True,True,ActiveCosmeticsMarket,2025-07-03
Mai,Herold,mai@dermalogica.dk,Marketingchef,https://www.linkedin.com/in/mai-herold-74659232,EU,FÆRCH,True,True,ActiveCosmeticsMarket,2025-07-03
Marcio,Akita,marcio.akita@adcos.com.br,Director of Operations & R&D Executive,https://www.linkedin.com/in/marcio-akita-923aa919,US,ADCOS,True,True,ActiveCosmeticsMarket,2025-07-03
Matthew,Cooper,mcooper@burtsbees.com,Principal Scientist,https://www.linkedin.com/in/matthew-cooper-a527065,US,Burt's Bees,True,True,ActiveCosmeticsMarket,2025-07-03
Michela,De carli,michela.decarli@unifarco.it,"Supply Chain Management, Launch Management & Project Management",https://www.linkedin.com/in/micheladecarli,US,Unifarco,True,True,ActiveCosmeticsMarket,2025-07-03
Olivia,Llorens,olivia.llorens@germaine-de-capuccini.com,Director de desarrollo de marketing de productos,https://www.linkedin.com/in/olivia-llorens-a38645109,EU,Germaine de Capuccini,True,True,ActiveCosmeticsMarket,2025-07-03
Petra,Hrušáková,petra.hrusakova@dermacol.cz,EXPORT trade Marketing Manager,https://www.linkedin.com/in/petra-hrušáková-4b68b469,EU,Dermacol,True,True,ActiveCosmeticsMarket,2025-07-03
