First Name,Last Name,Email,Job Title,LinkedIn,Timezone - Lead,Company,Is_Valid_Email,Is_Valid_LinkedIn,Source_File,Date_Processed
Andrew,Brodkey,a.brodkey@batterymetalsinc.com,"General Counsel and Director, Legal, Regulatory and Commercial",https://www.linkedin.com/in/andrewbrodkey,US,Battery Metals,True,True,BatteryRecyclingMarket,2025-07-03
Alberto,Tosoni,a.tosoni@ecomet-italia.it,CEO,https://www.linkedin.com/in/alberto-tosoni-41300570,EU,Ecomet,True,True,BatteryRecyclingMarket,2025-07-03
Aljoša,Antolin,aantolin@redivium.com,Director of Business Development,https://www.linkedin.com/in/aljosaantolin,EU,Redivium,True,True,BatteryRecyclingMarket,2025-07-03
Arnaud,Cardineaud,acardineaud@evaporation.fr,Directeur général,https://www.linkedin.com/in/arnaud-cardineaud-069742153,EU,France Evaporation,True,True,BatteryRecyclingMarket,2025-07-03
Alejandro,Casas,acasas@naica.com.ve,Director,https://www.linkedin.com/in/alejandro-casas-17088580,US,North American International,True,True,BatteryRecyclingMarket,2025-07-03
Adam,Cecil,acecil@alpinepowersystems.com,President- Motive Power,https://www.linkedin.com/in/adam-cecil-8324761a,US,Alpine Power,True,True,BatteryRecyclingMarket,2025-07-03
Alain,Dehay,adehay@evaporation.fr,Président,https://www.linkedin.com/in/alain-dehay-22a909119,EU,France Evaporation,True,True,BatteryRecyclingMarket,2025-07-03
Agata,Dzieniewska,agata.dzieniewska@pkrecykling.pl,Specjalista ds. projektów wdrożeniowych i rozwoju,https://www.linkedin.com/in/agata-dzieniewska,EU,PK Recykling,True,True,BatteryRecyclingMarket,2025-07-03
Alberto,León,aleon@grupoingles.es,General Manager Ingles Steel,https://www.linkedin.com/in/alberto-león-b11610148,EU,Grupo Inglés,True,True,BatteryRecyclingMarket,2025-07-03
Alexander,Allen,allen@nthcycle.com,VP Corporate Development,https://www.linkedin.com/in/alexander-allen-b5109419,US,Nth Cycle,True,True,BatteryRecyclingMarket,2025-07-03
Andrew,Moeller,andrew.moeller@battri.co,Co-Founder and Director,https://www.linkedin.com/in/andrew-moeller-b285aa58,EU,Battri,True,True,BatteryRecyclingMarket,2025-07-03
Arnaud,Villers d'Arbouet,arnaud.villersdarbouet@mecaware.com,Président,https://www.linkedin.com/in/arnaud-villers-d-arbouet-61652b51,EU,Mecaware,True,True,BatteryRecyclingMarket,2025-07-03
Benita,Malinowska,benita.malinowska@pkrecykling.pl,Inżynier procesu,https://www.linkedin.com/in/benita-malinowska-6bb07a1a1,EU,Polska Recyklingu,True,True,BatteryRecyclingMarket,2025-07-03
Benoît,Samanos,benoit.samanos@mecaware.com,Chief Operating Officer,https://www.linkedin.com/in/benoît-samanos-60a6a039,EU,Mecaware,True,True,BatteryRecyclingMarket,2025-07-03
Bill,Ryan,bryan@enviroguard.com,Chief Marketing Officer,https://www.linkedin.com/in/bill-ryan-818b4711,US,EnviroGuard,True,True,BatteryRecyclingMarket,2025-07-03
Bryan,Oh,bryan@neumaterials.com,Co-Founder & Chief Executive Officer,https://www.linkedin.com/in/bryanoh1,US,NEU,True,True,BatteryRecyclingMarket,2025-07-03
Byron,Vega,bvega@rubixenergy.com,Lider de abastecimiento,https://www.linkedin.com/in/byron-vega-22363474,US,Rubix Energy,True,True,BatteryRecyclingMarket,2025-07-03
Cal,Lankton,cal@redwoodmaterials.com,Chief Commercial Officer,https://www.linkedin.com/in/callankton,US,Redwood Materials,True,True,BatteryRecyclingMarket,2025-07-03
Catherine,Lenaerts,catherine.lenaerts@febelauto.be,General Manager,https://www.linkedin.com/in/catherinelenaerts,EU,Febelauto,True,True,BatteryRecyclingMarket,2025-07-03
Cecilia,Dowd,cecilia.dowd@earn-service.com,Extended Producer Responsibility Manager,https://www.linkedin.com/in/cecilia-dowd-a21635b,EU,EARN,True,True,BatteryRecyclingMarket,2025-07-03
Chad,Sepulveda,chad@batteryrecyclersofamerica.com,Co-Owner,https://www.linkedin.com/in/chad-sepulveda-71739a17,US,Battery Recyclers,True,True,BatteryRecyclingMarket,2025-07-03
Camilla,Jonassen,cj@retur.dk,Chefkonsulent / Business Development Manager,https://www.linkedin.com/in/camilla-jonassen-a5b2695,EU,Retur,True,True,BatteryRecyclingMarket,2025-07-03
Carolyn,Yarina,cyarina@revextech.com,"Strategy Advisor, Business Development",https://www.linkedin.com/in/carolynyarina,US,Revex,True,True,BatteryRecyclingMarket,2025-07-03
Daniel,Mo,daniel@cellcycle.co.uk,Director of Operations,https://www.linkedin.com/in/daniel-mo-14a108117,EU,Cellcycle,True,True,BatteryRecyclingMarket,2025-07-03
David,Turmel,david.turmel@corepile.fr,Directeur des opérations,https://www.linkedin.com/in/david-turmel-4b099b1a6,EU,Corepile,True,True,BatteryRecyclingMarket,2025-07-03
David,Noronha,david@energysource.com.br,Chief Executive Officer,https://www.linkedin.com/in/david-noronha-045676189,US,Energy Source,True,True,BatteryRecyclingMarket,2025-07-03
Dawid,Stepien,dawid.stepien@mbrecycling.pl,Managing Director Raw Materials,https://www.linkedin.com/in/dawid-stępień-a6b826b6,EU,MB Recycling,True,True,BatteryRecyclingMarket,2025-07-03
Desmond,Toh,desmondt@glcrecycle.com,Global Head of Sustainability,https://www.linkedin.com/in/desmond-toh-99b30213,US,GLC Recycle,True,True,BatteryRecyclingMarket,2025-07-03
David,Fauvre,dfauvre@bluewhalematerials.com,Co-Founder and Chief Strategy Officer,https://www.linkedin.com/in/fauvre,US,Blue Whale Materials,True,True,BatteryRecyclingMarket,2025-07-03
Eric,Bois,eric.bois@batribox.fr,Directeur du marketing et du développement,https://www.linkedin.com/in/ericbois,EU,Screlec,True,True,BatteryRecyclingMarket,2025-07-03
Eric,Yip,ericy@glcrecycle.com,"Director, QHSE",https://www.linkedin.com/in/eric-yip-kong-wai-5a643376,US,GLC Recycle,True,True,BatteryRecyclingMarket,2025-07-03
Eyrún,Gudjonsdottir,eyrun@renas.no,Head of Business Development,https://www.linkedin.com/in/gudjonsdottir,EU,RENAS,True,True,BatteryRecyclingMarket,2025-07-03
Fabienne,Riaucourt,fabienne.riaucourt@hydrovolt.com,Directrice des opérations,https://www.linkedin.com/in/fabienne-riaucourt-64795b19,EU,Hydrovolt,True,True,BatteryRecyclingMarket,2025-07-03
Filip,Gabryelewicz,filipg@wastesservice.com,Chief Business Development Officer,https://www.linkedin.com/in/filip-gabryelewicz-93043290,EU,Wastes Service,True,True,BatteryRecyclingMarket,2025-07-03
Flavia,Forte,flavia.forte@ecorecycling.eu,Process Engineer,https://www.linkedin.com/in/flavia-forte-42a874140,US,Eco Recycling,True,True,BatteryRecyclingMarket,2025-07-03
Frits,Stam,fs@schrootverwerking.nl,Algemeen directeur,https://www.linkedin.com/in/frits-stam-3a0aab28,EU,Schrootverwerking,True,True,BatteryRecyclingMarket,2025-07-03
Giuseppe,Colombo,giuseppe.colombo@piomboleghe.it,Proprietario di azienda,https://www.linkedin.com/in/giuseppe-colombo-429783297,US,Piomboleghe,True,True,BatteryRecyclingMarket,2025-07-03
Grant,Mccleskey,grant@ampgrp.net,Business Development Manager,https://www.linkedin.com/in/grant-mccleskey-81a5881b8,US,AMP Group,True,True,BatteryRecyclingMarket,2025-07-03
Grzegorz,Gołaszewski,grzegorz.golaszewski@mb-group.pl,CEO,https://www.linkedin.com/in/grzegorz-gołaszewski-1640219b,EU,MB Group,True,True,BatteryRecyclingMarket,2025-07-03
Hugo,Schumann,h.schumann@elemental.biz,CEO Elemental USA,https://www.linkedin.com/in/hugo-schumann-0259a09,US,Elemental,True,True,BatteryRecyclingMarket,2025-07-03
Harm,Noorman,harm.noorman@stichting-open.org,Manager Compliance Services,https://www.linkedin.com/in/harmnoorman,EU,Stibat,True,True,BatteryRecyclingMarket,2025-07-03
Heiko,Laufenberg,heiko.laufenberg@cylib.de,Head of Supply Chain and Procurement,https://www.linkedin.com/in/heiko-laufenberg-b0b91789,EU,cylib,True,True,BatteryRecyclingMarket,2025-07-03
Hugo,Bouquet de Jolinière,hugo.bouquetdejoliniere@batribox.fr,Responsable Développement e-mobilité et Service Industriel,https://www.linkedin.com/in/hugo-bouquet-de-jolinière-a83649145,EU,Screlec,True,True,BatteryRecyclingMarket,2025-07-03
Jacob,Jin,jacob.jin@austinelements.com,Founder and CEO,https://www.linkedin.com/in/jacob-jin-85556917,US,Austin Elements,True,True,BatteryRecyclingMarket,2025-07-03
Julien,Amesland,jamesland@ecosystem.eco,Controleur de Gestion  Achats Logistique,https://www.linkedin.com/in/julien-amesland-45a91a127,EU,Ecosystem,True,True,BatteryRecyclingMarket,2025-07-03
Joanna,Janczewska,janczewska@asekol.pl,Dyrektor ds. Recyklingu,https://www.linkedin.com/in/joanna-janczewska-59a0642a9,EU,ASEKOL,True,True,BatteryRecyclingMarket,2025-07-03
Jason,Ripley,jason@hripley.co.uk,commercial director,https://www.linkedin.com/in/jason-ripley-77499151,EU,H Ripley & Co,True,True,BatteryRecyclingMarket,2025-07-03
Jeremy,Butler,jeremy@dcpower.cc,Chief Financial Officer,https://www.linkedin.com/in/jeremy-butler-4621b31a6,US,DC Power,True,True,BatteryRecyclingMarket,2025-07-03
James,Mccallum,jm@equipment-assets.com,COO,https://www.linkedin.com/in/james-mccallum-854b8a208,US,Equipment Assets,True,True,BatteryRecyclingMarket,2025-07-03
John,Metric,jmetric@aleonmetals.com,Director of Operations,https://www.linkedin.com/in/jmetric,US,Aleon Metals,True,True,BatteryRecyclingMarket,2025-07-03
Jeffry,Miner,jminer@recyclingcoordinators.com,Vice President,https://www.linkedin.com/in/jeffry-miner-83a81429,US,Recycling Coordinators,True,True,BatteryRecyclingMarket,2025-07-03
John,Graham,john.graham@gopherresource.com,Chief Executive Officer,https://www.linkedin.com/in/john-graham-a645b16,US,Gopher Resource,True,True,BatteryRecyclingMarket,2025-07-03
Jose,Amaral,jose.amaral@valorcar.pt,Manager of Technical Department,https://www.linkedin.com/in/jose-amaral-16689510a,US,Valorcar,True,True,BatteryRecyclingMarket,2025-07-03
Juan,Sierra,jsierra@powerandenergyusa.com,President,https://www.linkedin.com/in/juan-f-sierra-65708033,US,Power and Energy,True,True,BatteryRecyclingMarket,2025-07-03
John,Tilly,jtilly@northeastbattery.com,President / CEO,https://www.linkedin.com/in/john-tilly-9b32538,US,Northeast Battery,True,True,BatteryRecyclingMarket,2025-07-03
John,Vincion,jvincion@alpinepowersystems.com,CRITICAL INFRASTRUCTURE MANAGER STRATEGIC ACCOUNTS,https://www.linkedin.com/in/john-vincion-14a17020,US,Alpine Power Systems,True,True,BatteryRecyclingMarket,2025-07-03
Kari,Bang,kari@batteriretur.no,Environment Engineer/Safety Adviser for Dangerous Goods,https://www.linkedin.com/in/kari-bang-03886819,EU,Batteriretur,True,True,BatteryRecyclingMarket,2025-07-03
Karolina,Wrońska,karolina.wronska@asekol.pl,Dyrektor Marketingu,https://www.linkedin.com/in/karolina-wronska,EU,ASEKOL,True,True,BatteryRecyclingMarket,2025-07-03
Katarina,Haugersveen,katarina@renas.no,Head of Market Development,https://www.linkedin.com/in/katarinajonsson,EU,RENAS,True,True,BatteryRecyclingMarket,2025-07-03
Katarzyna,Sodo,katarzyna.sodo@mbrecycling.pl,Dyrektor ds. administracyjnych,https://www.linkedin.com/in/katarzyna-sodo-13274a225,EU,MB Recycling,True,True,BatteryRecyclingMarket,2025-07-03
Kelvin,Robson,kelvin@haztechwaste.co.uk,Sales Director,https://www.linkedin.com/in/kelvin-robson-lion-👨🏻‍💻-5a21a960,EU,Haz Tech,True,True,BatteryRecyclingMarket,2025-07-03
Yik,Koh,koh@visiongreensg.com,Commercial Manager,https://www.linkedin.com/in/yik-heng-koh-750416299,US,Vision Green,True,True,BatteryRecyclingMarket,2025-07-03
Luca,Vollenweider,l.vollenweider@milldam.nl,International Trade Consultant,https://www.linkedin.com/in/luca-vollenweider-287a0676,EU,Milldam,True,True,BatteryRecyclingMarket,2025-07-03
Lukasz,Zielinski,l.zielinski@elemental.biz,Global Purchasing Director,https://www.linkedin.com/in/lukasz-zielinski-3050862,EU,Elemental,True,True,BatteryRecyclingMarket,2025-07-03
Laura,Castelli,laura.castelli@erion.it,General Manager at Erion Energy,https://www.linkedin.com/in/lcastelli,US,Erion,True,True,BatteryRecyclingMarket,2025-07-03
Leo,Raudys,lraudys@call2recycle.org,President and CEO,https://www.linkedin.com/in/leoraudys,US,Call2Recycle,True,True,BatteryRecyclingMarket,2025-07-03
Luca,Campadello,luca.campadello@erion.it,Strategic Development & Innovation Manager,https://www.linkedin.com/in/luca-campadello,US,Erion,True,True,BatteryRecyclingMarket,2025-07-03
Ludovica,Baldassari,ludovica.baldassari@ecorecycling.eu,Technical Manager,https://www.linkedin.com/in/ludovica-baldassari-1551618b,US,Eco Recycling,True,True,BatteryRecyclingMarket,2025-07-03
Miriam,Lassernig,m.lassernig@landbell.de,Digital Transformation Manager,https://www.linkedin.com/in/miriam-lassernig,EU,Landbell,True,True,BatteryRecyclingMarket,2025-07-03
Markus,Pache,m.pache@landbell.de,Director Sales,https://www.linkedin.com/in/markus-pache-37a4901a3,EU,Landbell,True,True,BatteryRecyclingMarket,2025-07-03
Marcus,Oliveira,marcus.oliveira@circularbrain.io,Founder and Chief Innovation Officer,https://www.linkedin.com/in/marcuswilliamoliveira,US,Circular Brain,True,True,BatteryRecyclingMarket,2025-07-03
Michael,Hobden,michael.hobden@hripley.co.uk,Group Compliance Manager,https://www.linkedin.com/in/michael-hobden-26628b71,EU,H Ripley,True,True,BatteryRecyclingMarket,2025-07-03
Megan,O'Connor,oconnor@nthcycle.com,Co-Founder and CEO,https://www.linkedin.com/in/megan-o-connor-193ab0112,US,Nth Cycle,True,True,BatteryRecyclingMarket,2025-07-03
Paul,Sabarny,paul@cylib.de,Co-Founder & CTO,https://www.linkedin.com/in/paul-sabarny-77309a157,EU,Cylib,True,True,BatteryRecyclingMarket,2025-07-03
Peter,Lai,peter@majestic-corp.com,Director,https://www.linkedin.com/in/peter-lai-13810725,EU,TeleCycle,True,True,BatteryRecyclingMarket,2025-07-03
Philippe,Celis,philippe.celis@bebatpro.eu,Bus. Unit Consultant @ BebatPRO,https://www.linkedin.com/in/philippe-celis-66b2907,EU,Bebat,True,True,BatteryRecyclingMarket,2025-07-03
Philippe,Celis,philippe.celis@reneos.eu,Chief Executive Officer,https://www.linkedin.com/in/philippe-celis-66b2907,EU,Reneos,True,True,BatteryRecyclingMarket,2025-07-03
Patrick,Richard,prichard@ecosystem.eco,Directeur du développement,https://www.linkedin.com/in/patrickrichard1,EU,Ecosystem,True,True,BatteryRecyclingMarket,2025-07-03
Philip,Start,pstart@northeastbattery.com,Distribution Center Manager,https://www.linkedin.com/in/philip-start-13a71811,US,Northeast Battery,True,True,BatteryRecyclingMarket,2025-07-03
Rodrigo,Almeida,ralmeida@ascendelements.com,Vice President Supply Chain,https://www.linkedin.com/in/rodrigorezendealmeida,US,Ascend Elements,True,True,BatteryRecyclingMarket,2025-07-03
René,Eijsbouts,rene.eijsbouts@wecycle.nl,Adviseur gemeenten en overheid,https://www.linkedin.com/in/rené-eijsbouts-38b7a811,EU,Wecycle,True,True,BatteryRecyclingMarket,2025-07-03
Sebastien,Romet,sebastien.romet@battri.co,Co-Founder and Director at Battri,https://www.linkedin.com/in/sebastien-romet-08557514,EU,Battri,True,True,BatteryRecyclingMarket,2025-07-03
Shaheem,Ali,shaheem@recyclico.com,Chief Financial Officer,https://www.linkedin.com/in/shaheem-ali,US,RecycLiCo,True,True,BatteryRecyclingMarket,2025-07-03
Steven,Kinsbursky,stevenk@kbirecycling.com,"President, CEO",https://www.linkedin.com/in/steven-kinsbursky-a2a58627,US,KBI,True,True,BatteryRecyclingMarket,2025-07-03
Susan,Thomas,sthomas@enviroguard.com,Channel Sales Manager - Central Region,https://www.linkedin.com/in/thomassusan,US,EnviroGuard,True,True,BatteryRecyclingMarket,2025-07-03
Sylvain,Haaby,sylvain.haaby@volta-batteries.fr,Responsable Commercial,https://www.linkedin.com/in/sylvainhaabyvoltabatteries,EU,Volta Batteries,True,True,BatteryRecyclingMarket,2025-07-03
Tim,Marlow,tim@libertyrecyclingsolutions.com,Co-Founder and Commercial Director,https://www.linkedin.com/in/timmarlow,EU,Liberty Recycling,True,True,BatteryRecyclingMarket,2025-07-03
Tom,Allen,tom.allen@allbatterysalesandservice.com,President,https://www.linkedin.com/in/tom-allen-3b0a8b29,US,All Battery,True,True,BatteryRecyclingMarket,2025-07-03
Tom,Wood,tom.wood@austinelements.com,Director of Operations,https://www.linkedin.com/in/tomzwood,US,Austin Elements,True,True,BatteryRecyclingMarket,2025-07-03
Torben,Frahm,torben.frahm@erp-recycling.org,Country General Manager (ERP Denmark),https://www.linkedin.com/in/torben-frahm-2275b214,EU,European Recycling Platform,True,True,BatteryRecyclingMarket,2025-07-03
Trina,Pham,trina.pham@redwoodmaterials.com,Technical Program Manager,https://www.linkedin.com/in/trinapham,US,Redwood Materials,True,True,BatteryRecyclingMarket,2025-07-03
Nils,Wieczorek,wieczorek@stiftung-grs.de,Head Of Research And Development,https://www.linkedin.com/in/nils-wieczorek-5210a0130,EU,GRS Batterien,True,True,BatteryRecyclingMarket,2025-07-03
Xavier,Kaufman,xavier.kaufman@thefutureisneutral.com,Chief Business Officer - VP ReFactory,https://www.linkedin.com/in/xavier-kaufman-68b85758,EU,The Future Is Neutral,True,True,BatteryRecyclingMarket,2025-07-03
Yi,Ding,yd@reelementtech.com,Chief Technology Officer,https://www.linkedin.com/in/yi-ding-7b4bbba3,US,ReElement,True,True,BatteryRecyclingMarket,2025-07-03
Yvette,Lambert,ylambert@emergencypowerservices.com,Chief Financial Officer,https://www.linkedin.com/in/yvette-lambert-48361a3b,US,Emergency Power Services,True,True,BatteryRecyclingMarket,2025-07-03
