First Name,Last Name,Email,Job Title,LinkedIn,Timezone - Lead,Company,Is_Valid_Email,Is_Valid_LinkedIn,Source_File,Date_Processed
Raoul,Mallart,raoul.mallart@7sensingsoftware.com,VP Product Development,https://www.linkedin.com/in/raoulmallart,EU,7 Sensing,True,True,BearingMarket,2025-07-03
Jasey,Bratek,jasey@abpd.org,Certification Programs Director,https://www.linkedin.com/in/jasey-bratek-4491ba18b,US,American Board of Pediatric Dentistry,True,True,BearingMarket,2025-07-03
Sucheta,Chakraborty,sucheta@abybaby.co.in,Deputy General Manager,https://www.linkedin.com/in/sucheta-chakraborty-b6383922,US,Abybaby,True,True,BearingMarket,2025-07-03
Ryan,Jones,ryan.jones@acciodata.com,Director - Consulting & Special Projects,https://www.linkedin.com/in/ryan-jones-4a55a620,US,Accio Data,True,True,BearingMarket,2025-07-03
Harsh,Dixit,harsh.dixit@acoem.com,Regional Business Manager,https://www.linkedin.com/in/harshdixit,US,Acoem,True,True,BearingMarket,2025-07-03
Ranjit,Roy,ranjit.roy@acoem.com,"Director-Sales, Environment Division ( India and Middle East)",https://www.linkedin.com/in/rannjit-head-salesbd,US,Acoem,True,True,BearingMarket,2025-07-03
Rajesh,Warrier,rajesh@actww.com,Chief Operating Officer (COO),https://www.linkedin.com/in/rajesh-warrier-coo-act,EU,Air Cargo Trader,True,True,BearingMarket,2025-07-03
John,Peterson,john@adamsandsmith.com,Vice President of Construction,https://www.linkedin.com/in/john-peterson-5b33531b,US,Adams & Smith,True,True,BearingMarket,2025-07-03
Kelvin,Severino,kseverino@adepprecision.com,President/ CEO,https://www.linkedin.com/in/kelvin-severino-841378152,US,ADEP Precision,True,True,BearingMarket,2025-07-03
James,Vallejos,jvallejos@adepprecision.com,Vice President of Sales,https://www.linkedin.com/in/james-vallejos-1381bb10,US,ADEP Precision,True,True,BearingMarket,2025-07-03
Roxana,Szilagyi,roxana.szilagyi@adicare.co.uk,Compliance Manager,https://www.linkedin.com/in/roxana-szilagyi-2619aa19a,EU,Adicare,True,True,BearingMarket,2025-07-03
Claire,Ha,claire@adtrue.com,Strategic Partnerships Development Manager,https://www.linkedin.com/in/claire-ha,EU,AdTrue,True,True,BearingMarket,2025-07-03
Haluk,Aydın,haluk.aydin@aktif-yasam.com,Satış Pazarlama Direktörü,https://www.linkedin.com/in/haluk-aydın-162778b4,EU,Aktif Yaşam,True,True,BearingMarket,2025-07-03
Steffany,Moonaz,steffany@arthritis.yoga,Founder,https://www.linkedin.com/in/steffanymoonaz,US,Yoga for Arthritis,True,True,BearingMarket,2025-07-03
Thomas,Kobe,thomas.kobe@asco-scm.com,Managing Director,https://www.linkedin.com/in/thomas-kobe-5b6477100,EU,English,True,True,BearingMarket,2025-07-03
Julian,Brownlie,julian@asialandandsea.com,Founder and Executive Chairman,https://www.linkedin.com/in/julian-brownlie-ba58ab128,US,Asia Land and Sea,True,True,BearingMarket,2025-07-03
Konstantinos,Spartiotis,konstantinos@athlos.fi,founder & CEO,https://www.linkedin.com/in/konstantinos-spartiotis-0ba46914b,EU,Athlos,True,True,BearingMarket,2025-07-03
Laura,Mojarro,laura@atlasland.com,Executive Associate,https://www.linkedin.com/in/laura-mojarro-5a9099148,US,Atlas,True,True,BearingMarket,2025-07-03
Dustin,Widner,dustin@atlasland.com,Commercial Construction Manager,https://www.linkedin.com/in/dustin-widner-a6846155,US,Atlas Properties,True,True,BearingMarket,2025-07-03
Ellen,Blanchette,ellen@atomicroastery.com,Director of Wholesale,https://www.linkedin.com/in/ellen-blanchette-b15018127,US,Atomic Roasters,True,True,BearingMarket,2025-07-03
David,Ibnale,david@avp.vc,Co-founder & Managing Partner,https://www.linkedin.com/in/ibnale,US,Advance Venture,True,True,BearingMarket,2025-07-03
Alex,Christ,alex@avp.vc,General Partner,https://www.linkedin.com/in/alex-christ-61018a11,US,Advance Venture Partners,True,True,BearingMarket,2025-07-03
Karen,Asher,kasher@axespt.com,AR Director,https://www.linkedin.com/in/karen-asher-98156040,US,Axes,True,True,BearingMarket,2025-07-03
Bruce,Watson,bwatson@axespt.com,"Partner, Business Development",https://www.linkedin.com/in/bruce-watson-pt,US,Axes,True,True,BearingMarket,2025-07-03
Sebastian,Anastassiou,sebastian@nina.capital,Partner & Head of Investments,https://www.linkedin.com/in/sebastian-anastassiou,EU,Nina Capital,True,True,BearingMarket,2025-07-03
Troy,Grimsley,tgrimsley@northcentralco.com,Commodities Trader,https://www.linkedin.com/in/troy-grimsley-a214757,US,North Central,True,True,BearingMarket,2025-07-03
David,Zilverberg,dzilverberg@northcentralco.com,Commodity Trader,https://www.linkedin.com/in/david-zilverberg-21b657a4,US,North Central,True,True,BearingMarket,2025-07-03
Tony,Mccoy,tmccoy@northeastohioprecast.com,Owner,https://www.linkedin.com/in/tony-mccoy-b14263115,US,Northeast Ohio Precast,True,True,BearingMarket,2025-07-03
Luigi,Oldani,luigi@oldaniartstudio.com,"Founder, Owner, Principal Designer",https://www.linkedin.com/in/luigi-oldani-b26a6a6,US,Oldani Art Studio,True,True,BearingMarket,2025-07-03
Marina,Go,marina@orientalmerchant.eu,Quality Assurance Specialist,https://www.linkedin.com/in/marina-go-25b864110,EU,Oriental Merchant,True,True,BearingMarket,2025-07-03
Sander,De kinderen,sander@orientalmerchant.eu,QA Professional,https://www.linkedin.com/in/sander-de-kinderen-89130a35,EU,Oriental Merchant,True,True,BearingMarket,2025-07-03
Nicholas,Schroeder,nschroeder@osoc.com,Spine Surgeon,https://www.linkedin.com/in/nicholas-schroeder-973891129,US,OSOC,True,True,BearingMarket,2025-07-03
Michal,Szlas,michal@otty.com,CEO,https://www.linkedin.com/in/michal-szlas-44113547,EU,OTTY,True,True,BearingMarket,2025-07-03
Andrii,Mykytiuk,andrii.mykytiuk@payforce.ua,Chief Technology Officer,https://www.linkedin.com/in/andrii-mykytiuk-33443449,EU,PayForce,True,True,BearingMarket,2025-07-03
Yurii,Piatak,ypiatak@payforce.ua,Head of Department,https://www.linkedin.com/in/yurii-piatak-483298297,EU,PayForce,True,True,BearingMarket,2025-07-03
Satsuki,Amano,satsuki.amano@pentaxmedical.com,Global Product Manager,https://www.linkedin.com/in/satsuki-amano-871109126,EU,Pentax Medical,True,True,BearingMarket,2025-07-03
Eri,Hayashi,eri.hayashi@pentaxmedical.com,Project Leader,https://www.linkedin.com/in/eri-hayashi-272891148,EU,Pentax Medical,True,True,BearingMarket,2025-07-03
Gilles,Tannugi,gilles@perfmaker.com,Co-Founder & CMO,https://www.linkedin.com/in/gillestannugi,EU,Perfmaker,True,True,BearingMarket,2025-07-03
Tihamer,Orban,tihamer.orban@phaim.co.uk,President and CSO,https://www.linkedin.com/in/tihamer-orban-2338921a0,EU,Phaim,True,True,BearingMarket,2025-07-03
Simon,Ochs,s.ochs@pipeforce.io,Co-Founder / COO,https://www.linkedin.com/in/simon-ochs-abb780112,EU,PIPEFORCE,True,True,BearingMarket,2025-07-03
Stephan,Niedermeier,s.niedermeier@pipeforce.io,Founder / CTO,https://www.linkedin.com/in/sniederm,EU,PIPEFORCE,True,True,BearingMarket,2025-07-03
Julie,Mitchell,julie@pittwaterdaysurgery.com.au,Director Of Nursing,https://www.linkedin.com/in/julie-mitchell-235a61182,US,Pittwater Day Surgery,True,True,BearingMarket,2025-07-03
Daiane,Camilo,daiane.camilo@pizzattolog.com.br,Gerencia de Relacionamento - Clientes Estratégicos,https://www.linkedin.com/in/daiane-camilo,US,Pizzattolog,True,True,BearingMarket,2025-07-03
Ray,Dogra,rdogra@plandek.com,Chief Product Officer,https://www.linkedin.com/in/raydogra,EU,Plandek,True,True,BearingMarket,2025-07-03
Jason,Pyne,jason@portagrid.com,Managing Director,https://www.linkedin.com/in/jason-pyne,US,Portagrid,True,True,BearingMarket,2025-07-03
Arash,Mansouri,arash@pressnxpress.com,Chief Executive Officer,https://www.linkedin.com/in/arash-mansouri,US,Press'nXPress,True,True,BearingMarket,2025-07-03
Mak,Vaezpour,mak@pressnxpress.com,Chief Operating Officer,https://www.linkedin.com/in/siamak-vaezpour,US,PressnXPress,True,True,BearingMarket,2025-07-03
Daniel,Larouche,daniel.larouche@pro-automation.com,Directeur des opérations,https://www.linkedin.com/in/daniel-larouche-a67b6695,US,Pro Automation,True,True,BearingMarket,2025-07-03
Sébastien,Bélanger,sebastien.belanger@pro-automation.com,Chargé de projet d’automatisation,https://www.linkedin.com/in/sebasbel,US,Pro Automation,True,True,BearingMarket,2025-07-03
Sandra,Venzke,sandra@pronature.co.za,Director,https://www.linkedin.com/in/sandra-venzke-1697ab185,EU,ProNature,True,True,BearingMarket,2025-07-03
Bernhard,Lembeck,bernhard@pronature.co.za,Managing Director,https://www.linkedin.com/in/bernhard-lembeck-59ab703,EU,ProNature,True,True,BearingMarket,2025-07-03
Orly,Golan,orly.golan@psyomics.com,Director of Product Design,https://www.linkedin.com/in/orly-golan-95b56a23,EU,Psyomics,True,True,BearingMarket,2025-07-03
Dan,Beck,db@pt20.com.au,Director,https://www.linkedin.com/in/danpbeck,US,PT 2.0,True,True,BearingMarket,2025-07-03
Chris,Styles,cstyles@puritygas.ca,Co-Founder & Managing Director,https://www.linkedin.com/in/chris-styles-2478568,US,Purity Gas,True,True,BearingMarket,2025-07-03
Alan,Hopkins,ahopkins@puritygas.ca,Co-Founder & Managing Director,https://www.linkedin.com/in/alan-hopkins-1bb72229,US,Purity Gas,True,True,BearingMarket,2025-07-03
Kevin,Loduwick,kloduwick@quantechs.com,Director,https://www.linkedin.com/in/kevin-loduwick-0ab6aa19,EU,Quantechs,True,True,BearingMarket,2025-07-03
Andrzej,Olejniczak,andrzej.olejniczak@r3think.pl,"Lean, Agile & ITSM Expert",https://www.linkedin.com/in/andrzej-olejniczak-6029306,EU,RETHINK,True,True,BearingMarket,2025-07-03
Tal,Oron,tal@reali.org.il,Head Of Research and Development,https://www.linkedin.com/in/tal-oron-9aa6a42b,US,Reali,True,True,BearingMarket,2025-07-03
Udi,Rubinstein,udi.rubinstein@reali.org.il,Chief Development Officer of the Reali School in Haifa,https://www.linkedin.com/in/udi-rubinstein-20a11b1a9,US,Reali,True,True,BearingMarket,2025-07-03
Hannah,Raffelsberger,hannah.raffelsberger@reboard.se,Head of Global Sales,https://www.linkedin.com/in/hannah-raffelsberger-887b9254,EU,Re-board,True,True,BearingMarket,2025-07-03
Mark,Way,mark.way@rec-solutions.com,"Electrical Machines, Optical Design, Principal Talent Acquisition Lead",https://www.linkedin.com/in/mark-way,EU,Rec-Solutions,True,True,BearingMarket,2025-07-03
Morgan,Yarborough,morgan@recompose.life,Services Manager,https://www.linkedin.com/in/morgan-yarborough,US,Recompose,True,True,BearingMarket,2025-07-03
Katrina,Spade,katrina@recompose.life,Founder and CEO,https://www.linkedin.com/in/katrina-spade-37047439,US,Recompose,True,True,BearingMarket,2025-07-03
Monica,Culen,monica.culen@rednoses.org,Founder & CEO,https://www.linkedin.com/in/monica-culen,EU,Red Noses,True,True,BearingMarket,2025-07-03
James,Xu,james@renocon.com.au,Managing Director,https://www.linkedin.com/in/james-xu-57428a117,US,Reno Con,True,True,BearingMarket,2025-07-03
James,Paron,jparon@rosenbergcanada.com,Vice President Sales and Marketing,https://www.linkedin.com/in/jimparon,US,Rosenberg Fans,True,True,BearingMarket,2025-07-03
Dan,Csomos,dcsomos@ruthmancompanies.com,National Sales Manager,https://www.linkedin.com/in/dan-csomos-a43b04b,US,Ruthman,True,True,BearingMarket,2025-07-03
Fabiana,Garcia,fabiana.garcia@santarita.org.br,Gerente de Mercado e Relacionamento Médico,https://www.linkedin.com/in/fabiana-garcia-84300236,US,Hospital Santa Rita,True,True,BearingMarket,2025-07-03
Evandro,Silva,evandro.silva@santarita.org.br,Gerente de Integração e Processos,https://www.linkedin.com/in/evandro-carlos-silva-4543651a3,US,Hospital Santa Rita,True,True,BearingMarket,2025-07-03
Thomas,Boesen,boesen@scifeon.com,Founder & CEO,https://www.linkedin.com/in/thomaspeterboesen,EU,Scifeon,True,True,BearingMarket,2025-07-03
Jakob,Boysen,boysen@scifeon.com,Principal Software Engineer & Platform Lead,https://www.linkedin.com/in/jakobboysen,EU,Scifeon,True,True,BearingMarket,2025-07-03
Tiffany,Hopkins,tiffanyh@shactee.net,CEO,https://www.linkedin.com/in/tiffany-hopkins-3275a119,US,Shactee,True,True,BearingMarket,2025-07-03
Pawel,Tatarczuk,pawelt@shactee.net,Managing Director,https://www.linkedin.com/in/pawel-tatarczuk-pmp-59637699,US,Shactee,True,True,BearingMarket,2025-07-03
Anna,Pryimak,anna@siroccoenergy.com,Co-Founder and Chief Operating Officer,https://www.linkedin.com/in/anna-pryimak,US,Sirocco Energy,True,True,BearingMarket,2025-07-03
Allie,Silber,allie@skyislands.org,Science Teacher,https://www.linkedin.com/in/allie-silber-476019162,US,Sky Islands,True,True,BearingMarket,2025-07-03
Deniz,Yaşar,d.yasar@stellartaxadvice.com,Partner / Registered Tax Advisor / Financial Consultant,https://www.linkedin.com/in/denizyasaramsterdam,EU,Stellar Tax,True,True,BearingMarket,2025-07-03
Ralph,Hall,ralph@structure1.com,Vice President,https://www.linkedin.com/in/ralph-hall-p-e-42970017,US,PSE,True,True,BearingMarket,2025-07-03
Rubén,Pérez,ruben@azoteagrupo.com,Director de estrategia y desarrollo de empresas,https://www.linkedin.com/in/rubénb299a37a,EU,Azotea,True,True,BearingMarket,2025-07-03
Alan,Haydock,alan.haydock@bayleys.co.nz,"Senior Commercial Broker, Auckland City & Fringe",https://www.linkedin.com/in/alan-haydock-1760ba14,US,Bayleys,True,True,BearingMarket,2025-07-03
Millie,Liang,millie.liang@bayleys.co.nz,Associate Director of International Sales,https://www.linkedin.com/in/millie-liang-41003810a,US,Bayleys,True,True,BearingMarket,2025-07-03
Enric,Nogueiro,enric.nogueiro@bdpcompliance.com,Asesor en protección de datos personales,https://www.linkedin.com/in/enric-nogueiro-0b270596,EU,Data Protection Compliance,True,True,BearingMarket,2025-07-03
Ana,De pedro,ana@berardcpas.com,Manager,https://www.linkedin.com/in/anadepedro,US,Berard & Associates,True,True,BearingMarket,2025-07-03
Shazia,Day,shazia@berardcpas.com,Audit Senior,https://www.linkedin.com/in/shaziaday,US,Berard,True,True,BearingMarket,2025-07-03
Barry,Glover,barry@bge-automotive.co.uk,Managing Director & Principal Engineer at BGE Automotive Ltd,https://www.linkedin.com/in/barry-glover-bge,EU,BGE Automotive,True,True,BearingMarket,2025-07-03
Marc,Klusman,marc@bioteqpartner.com,Founder and Executive Partner BioteqPartner BV,https://www.linkedin.com/in/marc-klusman-8a61635,EU,BioteqPartner,True,True,BearingMarket,2025-07-03
Jessica,Wachsman,jessica.wachsman@birchesacademy.org,Dean of Operations,https://www.linkedin.com/in/jessica-wachsman-53532591,US,The Birches Academy,True,True,BearingMarket,2025-07-03
Tunji,Giwa,tunji.giwa@bounteous.com,Assoc. Product Director,https://www.linkedin.com/in/tunjigiwa,US,Bounteous,True,True,BearingMarket,2025-07-03
Rob,Tedesco,rob.tedesco@bounteous.com,"Senior Vice President, Product",https://www.linkedin.com/in/robertcharlestedesco,US,Bounteous,True,True,BearingMarket,2025-07-03
Yang,Meng,yang@browansolicitors.co.uk,Managing Director,https://www.linkedin.com/in/yang-meng-23918a184,EU,Browan,True,True,BearingMarket,2025-07-03
Aya,Adel,aya.adel@buildineg.com,Senior Technical Office Engineer,https://www.linkedin.com/in/aya-adel-9a4a381b2,EU,BuildIn,True,True,BearingMarket,2025-07-03
Stéphane,Langevin,s.langevin@cabinet-hive.com,Président | Expert-comptable,https://www.linkedin.com/in/stéphane-langevin-b4586166,EU,Hive,True,True,BearingMarket,2025-07-03
Chase,Rogers,chase@capefearnetworks.com,Assistant It Manager,https://www.linkedin.com/in/chase-rogers-a10263266,US,Cape Fear Networks,True,True,BearingMarket,2025-07-03
Eric,Henzel,eric@capefearnetworks.com,IT Director,https://www.linkedin.com/in/eric-henzel-44514991,US,Cape Fear Networks,True,True,BearingMarket,2025-07-03
Tiffany,Alvoet,talvoet@cardassets.com,System Implementation Manager,https://www.linkedin.com/in/tiffany-alvoet-02744358,US,Card Assets,True,True,BearingMarket,2025-07-03
Mads,Søgaard,mads.sogaard@carglass.dk,General Manager,https://www.linkedin.com/in/msogaard,EU,Carglass,True,True,BearingMarket,2025-07-03
Carina,Bukkehave,carina.bukkehave@carglass.dk,Regional General Manager Nordic,https://www.linkedin.com/in/carina-bukkehave-80a6064,EU,Carglass,True,True,BearingMarket,2025-07-03
Jason,Elsegood,jason@cccnt.com.au,Director,https://www.linkedin.com/in/jason-elsegood-35853153,US,CCC,True,True,BearingMarket,2025-07-03
Michael,Branigan,michael@ccdmag.com,"Co-founder, Past President and Associate Publisher",https://www.linkedin.com/in/michaelbranigan,US,Colorado Construction & Design,True,True,BearingMarket,2025-07-03
Fred,Alverson,fred.alverson@cci-corporation.com,Technical Advisor - Engine Coolants,https://www.linkedin.com/in/fred-alverson-95942a37,US,CCi,True,True,BearingMarket,2025-07-03
Pavel,Kopacka,pavel.kopacka@certec.cz,Provozní manažer,https://www.linkedin.com/in/pavel-kopacka-962b7b56,EU,Certec,True,True,BearingMarket,2025-07-03
Ilko,Ivanov,ilko@chariot-electricbus.com,Technical Director,https://www.linkedin.com/in/ilko-ivanov-a576a052,EU,Chariot,True,True,BearingMarket,2025-07-03
Valentin,Pavlov,valentin@chariot-electricbus.com,Business Development Manager,https://www.linkedin.com/in/valentin-pavlov-emba-pmp-a1521520,US,Chariot,True,True,BearingMarket,2025-07-03
Jordan,Masters,jordan@chevtraffic.co.nz,Managing Director,https://www.linkedin.com/in/jordan-masters-4402048b,US,Chevron Traffic,True,True,BearingMarket,2025-07-03
Steve,Blanchette,steve.blanchette@clariprod.com,Co-Founder and Vice President,https://www.linkedin.com/in/steve-blanchette-2664727,US,Clariprod,True,True,BearingMarket,2025-07-03
Rose,Carville,rose@coachhire4u.com,Director of Sales & Business Development,https://www.linkedin.com/in/rose-carville-director-44152823,EU,Coachhire4u,True,True,BearingMarket,2025-07-03
Joseph,Freeman,joe@cotapaxi.com,International Sales Director,https://www.linkedin.com/in/joseph-freeman-77676b52,US,Cotapaxi,True,True,BearingMarket,2025-07-03
Fernando,Cuis,fernando@cuisinteractive.com,Company Owner,https://www.linkedin.com/in/fernandocuis,US,CUIS Interactive,True,True,BearingMarket,2025-07-03
Rashed,Mahmud,rashed@cvasu.ac.bd,Research Manager for Bangladesh,https://www.linkedin.com/in/rashed-mahmud-96200112b,EU,CVASU,True,True,BearingMarket,2025-07-03
Davit,Gasparyan,davit@davelcreative.com,Co-Founder/CEO,https://www.linkedin.com/in/davgasparyan,US,Davel Creative,True,True,BearingMarket,2025-07-03
Elen,Gasparyan,elen@davelcreative.com,Exectuive Creative Director/Co-founder,https://www.linkedin.com/in/elengasparyan,US,Davel Creative,True,True,BearingMarket,2025-07-03
Devon,Wegman,devon@devongraceinteriors.com,"Owner, Interior Designer",https://www.linkedin.com/in/devon-wegman-ncidq-715b1844,US,DGI,True,True,BearingMarket,2025-07-03
Michael,Wegman,michael.wegman@devongraceinteriors.com,"Principal, Co-Owner",https://www.linkedin.com/in/michael-wegman-33338433,US,Answer Incorrect,True,True,BearingMarket,2025-07-03
Yang,Lin,yang.lin@digitalstarters.com,"Co-Founder, CEO",https://www.linkedin.com/in/yang-lin-37504424,EU,360 Digital Starters,True,True,BearingMarket,2025-07-03
Jennifer,Mcclure,jennifer@disrupthr.co,CEO / Chief Excitement Officer,https://www.linkedin.com/in/jennifermcclure,US,DisruptHR,True,True,BearingMarket,2025-07-03
Michael,Kearney,michael.kearney@dnr.wa.gov,"Division Manager, Product Sales & Leasing",https://www.linkedin.com/in/michael-kearney-0b102950,US,Washington State Natural Resources,True,True,BearingMarket,2025-07-03
Thomas,Gorman,thomas.gorman@dnr.wa.gov,Division Manager,https://www.linkedin.com/in/thomas-gorman-3820041b,US,Washington State Natural Resources,True,True,BearingMarket,2025-07-03
Simon,Frazer,simon@doctorstraining.com,Founder and CEO,https://www.linkedin.com/in/dr-simon-frazer-9a5636141,EU,DoctorsTraining,True,True,BearingMarket,2025-07-03
Liz,Spencer,liz@doctorstraining.com,Practice Director Healthcare,https://www.linkedin.com/in/liz-spencer-722b732b,EU,DoctorsTraining,True,True,BearingMarket,2025-07-03
Divya,Veluvolu,divya@driphydration.com,Medical Director,https://www.linkedin.com/in/dr-divya-veluvolu-mb-bch-boa-4a7986189,EU,Drip Hydration,True,True,BearingMarket,2025-07-03
Matteo,Camporeale,matteo.camporeale@e-tecno.it,"Owner, Chief Operations Officer",https://www.linkedin.com/in/matteo-camporeale-57b08a8a,US,E.T.S.,True,True,BearingMarket,2025-07-03
Pedro,Estacio,pedro.estacio@eic.com.pe,CEO,https://www.linkedin.com/in/pedroestacio,US,EIC,True,True,BearingMarket,2025-07-03
Murat,Sari,murat.sari@eknenerji.com,Elektrik-Elektronik Mühendisi,https://www.linkedin.com/in/murat-sari-645466b4,EU,EKN,True,True,BearingMarket,2025-07-03
Mustafa,Kibar,mustafa.kibar@eknenerji.com,Electric Engineer,https://www.linkedin.com/in/mustafa-kibar-4964a1202,EU,EKN,True,True,BearingMarket,2025-07-03
Ivan,Chirkov,ivan@eleon.ee,Lead Mechanical Engineer,https://www.linkedin.com/in/ivan-chirkov-80ab4091,EU,Eleon,True,True,BearingMarket,2025-07-03
Renske,Van de Lockant,renske@elfkroegetocht.nl,Commissielid,https://www.linkedin.com/in/renske-van-de-lockant-17b393140,EU,Kuukse elfkroegetocht,True,True,BearingMarket,2025-07-03
Erik,Van de Ven,erik@elfkroegetocht.nl,PR-commissie Kuukse elfkroegetocht,https://www.linkedin.com/in/erik-van-de-ven-5625678,EU,Elf Kroegetocht,True,True,BearingMarket,2025-07-03
Grégoire,Tutenuit,gregoire.tutenuit@emuage.com,Founder & President,https://www.linkedin.com/in/grégoire-tutenuit-180a716,EU,Emuage,True,True,BearingMarket,2025-07-03
Liam,Smith,liam.smith@erea.edu.au,National Executive Director/ CEO,https://www.linkedin.com/in/liam-smith-461935112,US,Edmund Rice Education,True,True,BearingMarket,2025-07-03
Jakob,Kapus,jakob@eventregistry.org,CMO,https://www.linkedin.com/in/jakob-kapus-9780ba132,EU,Event Registry,True,True,BearingMarket,2025-07-03
Yash,Bhatnagar,yash@eventregistry.org,Head of Sales and Business Development,https://www.linkedin.com/in/bhatnagaryash,EU,Event Registry,True,True,BearingMarket,2025-07-03
David,Tillman,david@experiencegeniusacademy.com,Senior Vice President Of Development and Production,https://www.linkedin.com/in/david-tillman-6b69208,US,Genius Academy,True,True,BearingMarket,2025-07-03
Gary,Wood,gary@experiencegeniusacademy.com,Vice President of Curriculum and Instruction,https://www.linkedin.com/in/gary-j-wood-4a374344,US,Genius Academy,True,True,BearingMarket,2025-07-03
Clare,Farrington,clare.farrington@expresscontractcleaners.co.uk,Commercial Director,https://www.linkedin.com/in/clare-farrington-b7179766,EU,Express Contract Cleaners,True,True,BearingMarket,2025-07-03
Nicola,Dalton,ndalton@eyesurgery.com.au,Senior Orthoptist - Clinical Research Manager,https://www.linkedin.com/in/nicola-dalton-68a484123,US,Eye Surgery,True,True,BearingMarket,2025-07-03
Matt,Ford,matt@fallsviewgroup.com,Director of IT,https://www.linkedin.com/in/matt-ford-9290b556,US,Fallsview,True,True,BearingMarket,2025-07-03
Scott,Lekatz,slekatz@fehncompanies.com,Business Development Manager,https://www.linkedin.com/in/scott-lekatz-14572213,US,Fehn,True,True,BearingMarket,2025-07-03
Michael,Chainey,mc@fenchurchinsurance.com,Director,https://www.linkedin.com/in/michael-chainey,EU,Fenchurch,True,True,BearingMarket,2025-07-03
Charlotte,Riney,cr@fenchurchinsurance.com,Commercial Insurance Broker - Insurance Specialist to the Construction Industry,https://www.linkedin.com/in/charlotte-riney-cert-cii-2b82b110a,EU,Fenchurch Insurance,True,True,BearingMarket,2025-07-03
Pablo,G,pablo@fifthsunpictures.com,Chief Operating Officer & Project Manager,https://www.linkedin.com/in/pablo-g-b08a2a161,US,Fifth Sun Pictures,True,True,BearingMarket,2025-07-03
Todd,Elmer,todd@finishing.tech,President,https://www.linkedin.com/in/todd-elmer-0b38a015,US,Finishing,True,True,BearingMarket,2025-07-03
John,Fisher,john@firepotfood.com,Founder,https://www.linkedin.com/in/john-fisher-614910b,EU,Outdoorfood,True,True,BearingMarket,2025-07-03
Chloe,Battle,chloe@firepotfood.com,Managing Director,https://www.linkedin.com/in/chloe-battle,EU,Outdoorfood,True,True,BearingMarket,2025-07-03
Tristan,Fischer,tristan@fischerfarms.co.uk,Founder & Group CEO - Helping AgTech & Biotech Companies Scale Indoor Farming,https://www.linkedin.com/in/tristanfischer,EU,Fischer Farms,True,True,BearingMarket,2025-07-03
Sam,Green,sam@fischerfarms.co.uk,Chief Technical Officer,https://www.linkedin.com/in/sam-green-meng-3764b054,EU,Fischer Farms,True,True,BearingMarket,2025-07-03
Tatyana,Moro,tatyana.moro@flexnetworks.ca,"Manager, Carrier Relations Procurement (National)",https://www.linkedin.com/in/tatyana-moro-25851820,US,FlexNetworks,True,True,BearingMarket,2025-07-03
Andrew,Beswick,andrew.beswick@flexnetworks.ca,"Director, Field Operations - National",https://www.linkedin.com/in/andrew-beswick-8a4b1a26,US,FlexNetworks,True,True,BearingMarket,2025-07-03
Trevor,Mackenzie,trevor.mackenzie@fountainledge.com,Founder,https://www.linkedin.com/in/trevormackenzie,EU,Fountainledge,True,True,BearingMarket,2025-07-03
Daniel,Lewis,dan@freeagent247.com,Founder - Owner & Managing Director,https://www.linkedin.com/in/daniel-lewis-ab2a1b50,EU,FreeAgent247,True,True,BearingMarket,2025-07-03
Gerard,Smith,gerard@freeagent247.com,Sales director,https://www.linkedin.com/in/gerard-smith-673b5a203,EU,FreeAgent247,True,True,BearingMarket,2025-07-03
Stephan,Strohmeier,stephan@freshx.de,Geschäftsführender Gesellschafter,https://www.linkedin.com/in/stephan-strohmeier-450a72122,EU,FreshX,True,True,BearingMarket,2025-07-03
Kai,Mosebach,kai@freshx.de,Managing Partner,https://www.linkedin.com/in/kai-mosebach-b29005a0,EU,FreshX,True,True,BearingMarket,2025-07-03
Lawton,Bates,lawton@fusion-biotec.com,Lead Printed Circuit Board Design Engineer,https://www.linkedin.com/in/lawton-bates-b809a097,US,Fusion Biotec,True,True,BearingMarket,2025-07-03
Sean,Woodyard,swoodyard@gear-resource.com,President,https://www.linkedin.com/in/sean-woodyard-99843710,US,Gear Resource,True,True,BearingMarket,2025-07-03
Alex,Ptashniy,alex@geckodynamics.com,Chief Technology Officer,https://www.linkedin.com/in/alexey-ptashniy,EU,Gecko Dynamics,True,True,BearingMarket,2025-07-03
Tomochika,Kamiya,tk@ginkan.jp,CEO,https://www.linkedin.com/in/tomochika-kamiya-2a635b38,EU,GINKAN,True,True,BearingMarket,2025-07-03
Hiroshi,Mita,hmita@ginkan.jp,"Co-Founder, CTO",https://www.linkedin.com/in/hiroshimita,EU,GINKAN,True,True,BearingMarket,2025-07-03
Sundar,Pattanaik,sundar@golivio.com,Manager Steel Operations,https://www.linkedin.com/in/sundar-pattanaik-32449b70,US,LIVIO,True,True,BearingMarket,2025-07-03
Josue,Cortes,josue.cortes@gomezgroupmetering.com,Subdirector de producción,https://www.linkedin.com/in/josue-cortes-32042888,EU,Gomez Metering,True,True,BearingMarket,2025-07-03
Taylor,Townsend,taylor.townsend@gopowersolar.com,Electro Mechanical Engineer,https://www.linkedin.com/in/taylor-townsend-a67864149,US,Go Power,True,True,BearingMarket,2025-07-03
Sean,O'Connor,sean.oconnor@gopowersolar.com,Division Manager Dometic Go Power CPV,https://www.linkedin.com/in/sean-o-connor-16b60411,US,Go Power!,True,True,BearingMarket,2025-07-03
Rob,Grant,rob.grant@gr2l.co.uk,MD,https://www.linkedin.com/in/rob-grant-b02a767,EU,GR2L,True,True,BearingMarket,2025-07-03
David,Pokorny,dpokorny@grandlifestyles.com,Chief Operating Officer,https://www.linkedin.com/in/david-pokorny-6b45358a,US,Grand Lifestyles,True,True,BearingMarket,2025-07-03
Christina,Procaccianti,christina@greenlineapothecary.com,"Founder, CEO & Director of Pharmacy",https://www.linkedin.com/in/christinaprocaccianti,US,Green Line Apothecary,True,True,BearingMarket,2025-07-03
Ken,Procaccianti,ken@greenlineapothecary.com,President & Chief Operating Officer,https://www.linkedin.com/in/procaccianti,US,Green Line Apothecary,True,True,BearingMarket,2025-07-03
Harry,Poortman,harry@hapes.nl,CEO,https://www.linkedin.com/in/harry-poortman-9b482b96,EU,Hape,True,True,BearingMarket,2025-07-03
Jill,Geist,jill@hatw.org,Program Manager,https://www.linkedin.com/in/jill-geist-dettman-0a3a1911,US,Hands Across The Water,True,True,BearingMarket,2025-07-03
Katie,Sander,kpagesander@hatw.org,Executive Director,https://www.linkedin.com/in/katie-page-sander-823256143,US,Hands Across The Water,True,True,BearingMarket,2025-07-03
Tanya,Filer,t.filer@hawkinsinsolvency.co.uk,Insolvency Compliance Manager,https://www.linkedin.com/in/tanya-filer-4b663617b,EU,Hawkins Insolvency,True,True,BearingMarket,2025-07-03
Stan,Cosoreanu,stanc@haydonmaterials.com,Area Technical Manager,https://www.linkedin.com/in/stan-cosoreanu-93236631,US,Haydon Materials,True,True,BearingMarket,2025-07-03
William,Samedy,wsamedy@highcrown.com,Founder & CEO,https://www.linkedin.com/in/williamsamedy,US,HighCrown,True,True,BearingMarket,2025-07-03
Thanh,Tran,thanh.tran@hqa.com.vn,Assistant Valuer,https://www.linkedin.com/in/thanh-huyen-tran-277b79141,EU,Hoang Quan Appraisal,True,True,BearingMarket,2025-07-03
Mohan,Badkundri,mohan.badkundri@hsblox.com,Vice President Of Development,https://www.linkedin.com/in/mohan-badkundri-17152912,US,HSBlox,True,True,BearingMarket,2025-07-03
Lynn,Carroll,lynn.carroll@hsblox.com,Chief Operating Officer & Head of Strategy,https://www.linkedin.com/in/lynn-carroll-047111,US,HSBlox,True,True,BearingMarket,2025-07-03
Normaswati,Zainuddin,n.zainuddin@hw.ac.uk,"Senior Manager, Partnership Development",https://www.linkedin.com/in/normaswati-zainuddin-78a467a5,EU,Heriot-Watt,True,True,BearingMarket,2025-07-03
Matthew,Roberts,mroberts@hydra-clear.com,Engineering Director,https://www.linkedin.com/in/matthew-roberts-2868a2aa,EU,Hydra Clear,True,True,BearingMarket,2025-07-03
Kurt,Meersman,kurt@iba-boekhouding.be,Partner,https://www.linkedin.com/in/kurt-meersman-7a28b923,EU,IBA,True,True,BearingMarket,2025-07-03
Karam,Souibri,souibri@icpc.fr,"Partner, Interventional cardiologist, Chief of cardiovascular imaging department, Accredited to HAS",https://www.linkedin.com/in/karam-souibri-960a30114,EU,Cœur Paris Centre,True,True,BearingMarket,2025-07-03
Laurent,Sebagh,sebagh@icpc.fr,Responsable du service de Cardiologie Interventionnelle,https://www.linkedin.com/in/laurent-sebagh-570b1725,EU,Cœur Paris Centre,True,True,BearingMarket,2025-07-03
Mitch,Berryman,mitch.berryman@iet.com.au,General Manager,https://www.linkedin.com/in/mitch-berryman-91733780,US,Insight Electrical,True,True,BearingMarket,2025-07-03
Miguel,Freire,mfreire@impreg.com,Business Development Manager for the United States and Latin América,https://www.linkedin.com/in/mpcf,US,IMPREG,True,True,BearingMarket,2025-07-03
Nurullah,Humayun,nhumayun@impreg.com,Supply Chain Manager,https://www.linkedin.com/in/nurvcu,US,IMPREG,True,True,BearingMarket,2025-07-03
Caroline,Cryer,caroline.cryer@inframark.com,VP of Commercial and Business Operations,https://www.linkedin.com/in/caroline-cryer-7a793b11,US,Inframark,True,True,BearingMarket,2025-07-03
Bridget,Berardinelli,bridget.berardinelli@inframark.com,"General Manager, Digital",https://www.linkedin.com/in/bridget-berardinelli,US,Inframark,True,True,BearingMarket,2025-07-03
Tony,Bugeja,tonyb@innovairgroup.com,Operations Manager Innovair Automation Group,https://www.linkedin.com/in/tony-bugeja-p-eng-98b3102,US,Innovair,True,True,BearingMarket,2025-07-03
Shawn,Mooney,shawnm@innovairgroup.com,Operations Manager,https://www.linkedin.com/in/shawn-mooney-0b7267b5,US,Innovair,True,True,BearingMarket,2025-07-03
Bill,Bajema,bill.bajema@iri-oiltool.com,Executive Vice President,https://www.linkedin.com/in/bill-bajema-313768274,US,Industrial Rubber,True,True,BearingMarket,2025-07-03
Aleksandr,Sobolev,sobolev@it-atlas.ru,Chief Executive Officer,https://www.linkedin.com/in/александр-соболев-120766160,EU,IT ATLAS,True,False,BearingMarket,2025-07-03
Chetan,Hemani,c.hemani@jicon.com,Managing Director,https://www.linkedin.com/in/chetan-hemani-216b01a8,US,Jicon,True,True,BearingMarket,2025-07-03
Ambar,Reddekopp,ambar@journey4wealth.com,Owner,https://www.linkedin.com/in/ambarreddekopp,US,Journey Financial,True,True,BearingMarket,2025-07-03
Iuliana,Floricică,iuliana.floricica@junecom.ro,CEO & Co-founder,https://www.linkedin.com/in/iuliana-floricică-908235a,EU,June,True,True,BearingMarket,2025-07-03
Vladislav,Polasek,vladislav.polasek@kanakgroup.com,Výkonný ředitel,https://www.linkedin.com/in/vladislav-polasek-53961254,EU,Kanak Group,True,True,BearingMarket,2025-07-03
Vishal,Chandani,vishal@kcpsych.com.au,Director and Social Worker,https://www.linkedin.com/in/vishal-chandani-53335614,US,KC Psych,True,True,BearingMarket,2025-07-03
Kd,Hall,kd@kdhallfoundation.org,President,https://www.linkedin.com/in/kd-hall-sr-88466834,US,KD Hall Foundation,True,True,BearingMarket,2025-07-03
Kristina,De Verdier,kristina@kdvstudio.se,Founder & Design Director,https://www.linkedin.com/in/kristina-de-verdier-2068731,EU,KDV Studio,True,True,BearingMarket,2025-07-03
Bill,Kibart,bill.kibart@kehui.com,Managing Director,https://www.linkedin.com/in/bill-kibart-47297716,EU,Kehui,True,True,BearingMarket,2025-07-03
Tom,Preston,tpreston@kineticdesign.net,Director of Engineering,https://www.linkedin.com/in/thomaspreston30,US,Kinetic Design,True,True,BearingMarket,2025-07-03
Pako,Pimsaguan,ppimsaguan@kineticdesign.net,President,https://www.linkedin.com/in/pako-pimsaguan-68238121,US,Kinetic Design,True,True,BearingMarket,2025-07-03
Markku,Riipi,markku.riipi@kpedu.fi,Lecturer,https://www.linkedin.com/in/markku-j-riipi-299400227,EU,KPEDU,True,True,BearingMarket,2025-07-03
Alvaro,Castillo,alvaro@lafamiliamultiservices.com,Owner,https://www.linkedin.com/in/alvaro-castillo-creditrepair,US,La Familia Multiservices,True,True,BearingMarket,2025-07-03
Nicole,Mccreedy,nm@last-mile.dk,Senior Communications Project Manager,https://www.linkedin.com/in/nicole-mccreedy-66979921,EU,Last Mile,True,True,BearingMarket,2025-07-03
Craig,Ludwig,cl@last-mile.dk,Partner,https://www.linkedin.com/in/craig-ludwig-a8358811,EU,Last Mile,True,True,BearingMarket,2025-07-03
Haoze,Zhang,haoze.zhang@lavector.com,"VP, Client Services & Business Development",https://www.linkedin.com/in/haozezhang,US,Lavector,True,True,BearingMarket,2025-07-03
Reilly,Newell,reilly@leap.net,"Art Director, UX/UI Designer, Brand Strategist",https://www.linkedin.com/in/reilly-newell-a147b191,US,Leap,True,True,BearingMarket,2025-07-03
Nathan,Chambraud,nathan@lesbigboss.fr,Product Manager,https://www.linkedin.com/in/nathan-chambraud,EU,lesBigBoss,True,True,BearingMarket,2025-07-03
Mehmet,Lüleci,mehmet@llcajans.com,Founder at LLC Advertising & Production Agency,https://www.linkedin.com/in/mehmet-lüleci-30a4a369,EU,Ajans,True,True,BearingMarket,2025-07-03
Daniel,Peña Zepeda,daniel@localadventures.travel,Co-Founder,https://www.linkedin.com/in/danielpenaz,US,LocalAdventures,True,True,BearingMarket,2025-07-03
Vanessa,Ong,vanessa@lokahi.org.au,Board Observer/Advisor,https://www.linkedin.com/in/vanessa-ong-01a21a72,US,Lokahi Foundation,True,True,BearingMarket,2025-07-03
Logan,Fitch,logan@lykenscompanies.com,Development Manager,https://www.linkedin.com/in/logan-fitch-60959752,US,Lykens,True,True,BearingMarket,2025-07-03
Lance,Hanna,lanceh@lyonhealy.com,General Manager Sales Operations,https://www.linkedin.com/in/lance-hanna-a2b74a4,US,Lyon & Healy,True,True,BearingMarket,2025-07-03
Roger,Van der goot,roger@maesstad.nl,Directeur,https://www.linkedin.com/in/roger-van-der-goot-047211bb,EU,Maesstad,True,True,BearingMarket,2025-07-03
Priyadarshni,Manak,priyadarshni.manak@magicfinserv.com,Lead Consultant,https://www.linkedin.com/in/priyadarshni-manak,US,Magic FinServ,True,True,BearingMarket,2025-07-03
Acky,Kamdar,acky.kamdar@magicfinserv.com,Chief Executive Officer,https://www.linkedin.com/in/ackykamdar,US,Magic FinServ,True,True,BearingMarket,2025-07-03
Brennan,O'keefe,brennan@manifestationbabe.com,Chief Operations Officer,https://www.linkedin.com/in/brennan-o-keefe-2ba139a4,US,Manifestation Babe,True,True,BearingMarket,2025-07-03
Kathrin,Zenkina,kathrin@manifestationbabe.com,Chief Executive Officer,https://www.linkedin.com/in/kathrin-zenkina-170824a6,US,Manifestation Babe,True,True,BearingMarket,2025-07-03
Ahmed,Aboud,ahmed.aboud@masar-eg.org,Training And Development Consultant,https://www.linkedin.com/in/ahmed-aboud-a12896a9,EU,Masar,True,True,BearingMarket,2025-07-03
Ahmed,Mostafa,ahmed.mostafa@masar-eg.org,Co-Founder,https://www.linkedin.com/in/ahmed-m-mstafa,EU,Masar,True,True,BearingMarket,2025-07-03
Jayaputra,Santoso,jayaputra.santoso@maucash.id,Finance Director,https://www.linkedin.com/in/jayaputrasantoso,US,Maucash,True,True,BearingMarket,2025-07-03
Indra,Suryawan,indra.suryawan@maucash.id,Chief Marketing Officer,https://www.linkedin.com/in/indra-suryawan-94b879b8,US,Maucash,True,True,BearingMarket,2025-07-03
Jamie,Fry,jamie@maximumair.co.uk,Projects and Engineering Director,https://www.linkedin.com/in/jamie-fry-2a4551150,EU,Maximum,True,True,BearingMarket,2025-07-03
James,Mcsill,james@mcsill.com,Chief Executive Officer,https://www.linkedin.com/in/jamesmcsill,EU,MCSILL,True,True,BearingMarket,2025-07-03
Gene,Groys,ggroys@medasync.com,CSO,https://www.linkedin.com/in/genegroys,US,MedaSync,True,True,BearingMarket,2025-07-03
Simon,Brandner,s.brandner@meili-technology.com,Ingénieur Chef de Projets,https://www.linkedin.com/in/simon-brandner-87b994143,EU,Meili Technology,True,True,BearingMarket,2025-07-03
Håkan,Ernstsson,hakan.ernstsson@mekano.se,Area Business Development Manager,https://www.linkedin.com/in/håkan-ernstsson-4034817,EU,Mekano,True,True,BearingMarket,2025-07-03
Joakim,Eklund,joakim.eklund@mekano.se,IT & Marknadschef,https://www.linkedin.com/in/joakim-eklund,EU,Mekano,True,True,BearingMarket,2025-07-03
Kelsey,Kay,kelsey@melodyehsani.com,Chief Operating Officer,https://www.linkedin.com/in/kelseykay,US,Melody Ehsani,True,True,BearingMarket,2025-07-03
Erynn,Santos,erynn@melodyehsani.com,Director of Ecommerce + Marketing,https://www.linkedin.com/in/erynn-santos-4a972084,US,Melody Ehsani,True,True,BearingMarket,2025-07-03
Ismail,Othman,iothman@merayaco.com,Partner,https://www.linkedin.com/in/ismail-othman,EU,Meraya,True,True,BearingMarket,2025-07-03
Tracy,Alves,talves@metrr.com,"Vice President, Sales & Marketing",https://www.linkedin.com/in/tracy-alves-6175751b,US,Modesto and Empire Traction,True,True,BearingMarket,2025-07-03
Christopher,Liebscher,christopher@meyer-koering.de,Partner,https://www.linkedin.com/in/christopherliebscher,EU,MEYER-KÖRING,True,True,BearingMarket,2025-07-03
Karl,Brock,karl@meyer-koering.de,Partner,https://www.linkedin.com/in/dr-karl-brock-rechtsanwalt-lawyer,EU,MEYER-KÖRING,True,True,BearingMarket,2025-07-03
Hanna,Alonim,hanna.alonim@mifne-autism.com,Head of the Mifne Center,https://www.linkedin.com/in/dr-hanna-alonim-bba351b0,US,Mifne,True,True,BearingMarket,2025-07-03
Amir,Sardarnia,sardarnia@mihanblockchain.com,Co-Founder and COO,https://www.linkedin.com/in/amir-sardarnia-9679a8149,EU,MihanBlockchain,True,True,BearingMarket,2025-07-03
Kerry,Connelly,kerry@mmcdivingservices.co.uk,Business & IMS Director,https://www.linkedin.com/in/kerry-connelly-82a850b2,EU,MMC Diving,True,True,BearingMarket,2025-07-03
Andy,Kirby,andy@moneyalive.co.uk,CEO & Co-Founder,https://www.linkedin.com/in/andy-kirby-87969511,EU,Money Alive,True,True,BearingMarket,2025-07-03
Aaron,Coates,aaron@moneyalive.co.uk,Chief Product Officer,https://www.linkedin.com/in/aaronseancoates,EU,Money Alive,True,True,BearingMarket,2025-07-03
Johan,Östman,johan.ostman@mpyascitech.com,CEO & Talent Advisor,https://www.linkedin.com/in/johan-östman-46065014,EU,Mpya,True,True,BearingMarket,2025-07-03
Patrik,Artman,patrik.artman@mpyascitech.com,Business Developer & Talent Advisor,https://www.linkedin.com/in/patrik-artman-a93b2b23,EU,Mpya,True,True,BearingMarket,2025-07-03
Mohammed,Ali,syedali@mscartsandscience-edu.in,Assistant professor & Head of Biotechnology,https://www.linkedin.com/in/mohammed-yahoob-syed-ali-84b347204,US,Mohamed Sathak College,True,True,BearingMarket,2025-07-03
Maria,Campos,mcampos@msibg.com,Chief Administrative Officer,https://www.linkedin.com/in/maria-campos-590068110,US,MSI Benefits Group,True,True,BearingMarket,2025-07-03
Ashley,Gilder,agilder@msibg.com,"VP, Senior Benefits Consultant",https://www.linkedin.com/in/ashley-gilder-01689131,US,MSI Benefits Group,True,True,BearingMarket,2025-07-03
Daniel,S,daniels@mvsi.com,CEO,https://www.linkedin.com/in/danielsheahan,US,MVSI,True,True,BearingMarket,2025-07-03
Susan,Whitt,susan@mybooks1.com,Small Business Owner,https://www.linkedin.com/in/susan-whitt-971b3272,US,Affordable Accounting & Tax Services,True,True,BearingMarket,2025-07-03
Cherry,Stanford,cherry.stanford@myfamilyfirsthc.com,Director of Operations - Jacksonville,https://www.linkedin.com/in/cherry-stanford-a252231a2,US,Family First Homecare,True,True,BearingMarket,2025-07-03
Kerri,Melda,kmelda@namimultnomah.org,Executive Director,https://www.linkedin.com/in/kerri-melda-08323676,US,NAMI Multnomah,True,True,BearingMarket,2025-07-03
Michael,Barber,mbarber@natcoll.com,President/CEO,https://www.linkedin.com/in/michael-barber-b4a9a016,US,National Colloid,True,True,BearingMarket,2025-07-03
Jacinthe,Couillard,jacinthe@naturaedecor.com,Gestionnaire développement des affaires et produits,https://www.linkedin.com/in/jacinthe-couillard-23735426,US,Naturae Decor,True,True,BearingMarket,2025-07-03
Stéphanye,Roy,stephanye@naturaedecor.com,Vice-présidente développement de produits et logistique,https://www.linkedin.com/in/stéphanye-roy-9716b048,US,Naturae Decor,True,True,BearingMarket,2025-07-03
Nicholas,Toth,ntoth@ncvf.org,Compliance Committee Chair,https://www.linkedin.com/in/nicholas-toth-cincinnati,US,NCVF,True,True,BearingMarket,2025-07-03
Ross,Erickson,rerickson@ncvf.org,Member Board of Directors,https://www.linkedin.com/in/ross-erickson-208b3ba,US,NCVF,True,True,BearingMarket,2025-07-03
Satheesh,Kumar,satheeshk@neogencare.com,Head Of Operations,https://www.linkedin.com/in/satheesh-kumar-6361547,US,Neogen Care,True,True,BearingMarket,2025-07-03
Tracy,Tan,tracy@neon.cc,Vice President Finance,https://www.linkedin.com/in/tracy-tan-5b93433a,US,Neon,True,True,BearingMarket,2025-07-03
Nitin,Kapoor,nitin@netcoder.in,Managing Director,https://www.linkedin.com/in/nitin-kapoor-112357166,US,Netcoder,True,True,BearingMarket,2025-07-03
Marc,Subirats,marc@nina.capital,General Partner,https://www.linkedin.com/in/marc-subirats-38882a7,EU,Nina Capital,True,True,BearingMarket,2025-07-03
Matt,Stackpoole,matt@synergyadditive.com,Research And Development Manager,https://www.linkedin.com/in/matt-stackpoole-2081a3127,US,Synergy Additive,True,True,BearingMarket,2025-07-03
Aravind,Jonnalagadda,aravind@synergyadditive.com,Chief Technology Officer,https://www.linkedin.com/in/aravind-jonnalagadda,US,Synergy Additive,True,True,BearingMarket,2025-07-03
Amer,Ismail,amer@targetchemicals.com,Managing Director,https://www.linkedin.com/in/amer-ismail-52175227,EU,Target Chemicals,True,True,BearingMarket,2025-07-03
Vimal,Vira,vimal.vira@technoxander.com,"CTO, COO and Co-founder",https://www.linkedin.com/in/vimalvira,EU,TechnoXander,True,True,BearingMarket,2025-07-03
Sonal,Bomb,sonal.bomb@technoxander.com,CEO and Co-founder,https://www.linkedin.com/in/sonalbomb,EU,TechnoXander,True,True,BearingMarket,2025-07-03
Samantha,Strange,samantha@thecheesecakegirl.com,Small Business Owner,https://www.linkedin.com/in/samantha-strange-b7009494,US,The Cheesecake Girl,True,True,BearingMarket,2025-07-03
Sarah,Brown,sarah@theestas.com,Managing Director,https://www.linkedin.com/in/sarah-brown-898848204,EU,ESTAS,True,True,BearingMarket,2025-07-03
Simon,Brown,simon@theestas.com,Founder,https://www.linkedin.com/in/simonattheestas,EU,ESTAS,True,True,BearingMarket,2025-07-03
Steve,Smith,steve@thestudiogroup.co.uk,Director,https://www.linkedin.com/in/steve-smith-651356b,EU,The Studio,True,True,BearingMarket,2025-07-03
David,Edelman,david@thrivable.app,Founder and CEO,https://www.linkedin.com/in/davidedelman,US,Thrivable,True,True,BearingMarket,2025-07-03
Ryan,Fuchs,ryan@thrivable.app,COO,https://www.linkedin.com/in/ryanfuchs,US,Thrivable,True,True,BearingMarket,2025-07-03
Ezgi,Ertuğrul,eertugrul@tp-otc.com,Supplier Management Lead,https://www.linkedin.com/in/ezgi-ert,EU,TP-OTC,True,True,BearingMarket,2025-07-03
Farhan,Anwar,farhan@trade-tacts.com,Head of Projects,https://www.linkedin.com/in/farhan-anwar-b4aa09a3,US,Trade Tacts,True,True,BearingMarket,2025-07-03
Umer,Saleem,umer.saleem@trade-tacts.com,Manager Supply Chain & Business Operations,https://www.linkedin.com/in/umer-saleem-211a8186,US,Trade Tacts,True,True,BearingMarket,2025-07-03
Markus,Hopwood,markus.hopwood@treasury.tas.gov.au,Principal Business Analyst,https://www.linkedin.com/in/markus-hopwood-032b2345,US,Treasury,True,True,BearingMarket,2025-07-03
Tami,Mccrossen-orr,tami@trifiletticonsulting.com,Program Director,https://www.linkedin.com/in/tami-mccrossen-orr-6546094,US,Trifiletti,True,True,BearingMarket,2025-07-03
Karly,Katona,karly@trifiletticonsulting.com,Managing Director,https://www.linkedin.com/in/karly-katona-8336343b,US,Trifiletti,True,True,BearingMarket,2025-07-03
Satendra,Singh,satendra.singh@tuoren.in,Assistant Manager,https://www.linkedin.com/in/satendra-singh-450409182,US,Tuoren,True,True,BearingMarket,2025-07-03
Björn,Ögren,bjorn@turnpikegroup.com,Founder,https://www.linkedin.com/in/björn-ögren-3622364,EU,Turnpike,True,True,BearingMarket,2025-07-03
Thomas,Berglund,thomas.berglund@turnpikegroup.com,Managing Director Norway,https://www.linkedin.com/in/thomas-berglund-74589b,EU,Turnpike,True,True,BearingMarket,2025-07-03
Wymond,Wong,wymond@twincityheatingandair.com,CEO/Owner,https://www.linkedin.com/in/wymond-wong-1b055214,US,"Twin City Heating, Air and Electric",True,True,BearingMarket,2025-07-03
Joe,Wiener,joe@twincityheatingandair.com,Operations Manager,https://www.linkedin.com/in/joe-wiener-31b33b34,US,Twin City Heating and Air,True,True,BearingMarket,2025-07-03
Landy,Bennett,landy@ucs.net,Chief Administrative Officer,https://www.linkedin.com/in/landy-bennett-a03a2411,US,United Cooperative,True,True,BearingMarket,2025-07-03
Jared,Wennermark,jared@ucs.net,Sr. VP Planning & Procurement,https://www.linkedin.com/in/jared-wennermark-a2855a9b,US,United Cooperative,True,True,BearingMarket,2025-07-03
Abdulrahman,Ahmed,a.ahmed@uniparticle.com,Cofounder & Chief Executive Officer (CEO) @uniparticle,https://www.linkedin.com/in/abdulrahman-ahmed-204109103,EU,Uniparticle,True,True,BearingMarket,2025-07-03
Ramadan,Abdulla,ramadan@unitedtrans-me.com,Commercial Director,https://www.linkedin.com/in/ramadan-abdulla-1a269737,EU,United Trans,True,True,BearingMarket,2025-07-03
Andrew,Michigan,amichigan@urologysavannah.com,Urologist,https://www.linkedin.com/in/andrew-michigan-a1503a49,US,Urological Associates of Savannah,True,True,BearingMarket,2025-07-03
Erin,Smith,erin@uvmusic.org,Education Director,https://www.linkedin.com/in/erin-smith-08b78a3,US,Upper Valley Music Center,True,True,BearingMarket,2025-07-03
Julian,Scheid,j.scheid@veritas-group.de,Managing Director / Geschäftsführer,https://www.linkedin.com/in/julian-scheid-b344b0160,EU,Veritas,True,True,BearingMarket,2025-07-03
Srinivasan,Bharath,sbharath@vertexengineers.in,Head - Engineering & Business Development,https://www.linkedin.com/in/srinivasan-bharath-5a940a8b,US,Vertex Engineers,True,True,BearingMarket,2025-07-03
Gemma,Murphy,gemma@viewhr.co.uk,Director | HR and Employment Law Consultant | Workplace Investigator | Accredited Workplace Mediator,https://www.linkedin.com/in/gemma-murphy-2984321a,EU,ViewHR,True,True,BearingMarket,2025-07-03
Marcel,Zijlmans,marcel@vs-t.nl,Managing Director,https://www.linkedin.com/in/marcel-zijlmans-44899226,EU,VS-T,True,True,BearingMarket,2025-07-03
Jake,Ward,jake@wardpatent.com,Member and Registered Patent Attorney,https://www.linkedin.com/in/jake-ward-3523154,US,Ward Law Office,True,True,BearingMarket,2025-07-03
Amy,Rinaldo,amy@wardpatent.com,Attorney,https://www.linkedin.com/in/amyrinaldo,US,Ward Patent,True,True,BearingMarket,2025-07-03
Tarah,Malhotra-feinberg,tarah@wayfarerstudios.com,"Senior Vice President, Executive Producer, Man Enough",https://www.linkedin.com/in/tarahf,US,Wayfarer Studios,True,True,BearingMarket,2025-07-03
Andrew,Calof,andrew@wayfarerstudios.com,President of Production & Development,https://www.linkedin.com/in/andrew-calof-aba50589,US,Wayfarer Studios,True,True,BearingMarket,2025-07-03
Karla,Schönicke,ks@we-are-panda.com,Interim AI & Automation Lead,https://www.linkedin.com/in/karlaschoenicke,EU,PANDA,True,True,BearingMarket,2025-07-03
Guillaume,Cuynet,g.cuynet@wedr.fr,Solutions Architect,https://www.linkedin.com/in/guillaume-cuynet-045b651a9,EU,WedR,True,True,BearingMarket,2025-07-03
Jason,Spadaro,jspadaro@wfpa.org,Executive Director,https://www.linkedin.com/in/jason-spadaro-5373461bb,US,Washington Forest Protection,True,True,BearingMarket,2025-07-03
Ryan,Boese,rboese@workspaceinc.net,Vice President of Furniture,https://www.linkedin.com/in/ryan-boese-b14721131,US,Workspace,True,True,BearingMarket,2025-07-03
Kelly,Tyrrel,ktyrrel@workspaceinc.net,Interior Designer,https://www.linkedin.com/in/kelly-tyrrel-53123174,US,Workspace,True,True,BearingMarket,2025-07-03
Anneke,Weber,anneke@xpertek.co.za,Chief Executive Officer,https://www.linkedin.com/in/anneke-weber-44053444,EU,Xpertek,True,True,BearingMarket,2025-07-03
Cédric,Saadaoui correge,cedric@xpmetaldetectors.com,Responsable de projets en informatique industrielle,https://www.linkedin.com/in/cédric-saadaoui-correge-3045a7108,EU,XP Metal Detectors,True,True,BearingMarket,2025-07-03
Loic,Dubos,loic@xpmetaldetectors.com,Industrial Product Design Manager,https://www.linkedin.com/in/loic-dubos-aa119b21,EU,XP Metal Detectors,True,True,BearingMarket,2025-07-03
Mehmetali,Yalçin,mehmetali@zim.com.tr,Genel Müdür,https://www.linkedin.com/in/mehmetali-yalçin-705ba9107,EU,ZİM,True,True,BearingMarket,2025-07-03
Roni,Percik,roni@zviran.co.il,Global VP Human Resources,https://www.linkedin.com/in/ronipercik,US,Zviran,True,True,BearingMarket,2025-07-03
Sarig,Gafny,sarig@zviran.co.il,"Managing Partner, Europe",https://www.linkedin.com/in/sarig-gafny-86a26b1,US,Zviran,True,True,BearingMarket,2025-07-03
