First Name,Last Name,Email,Job Title,LinkedIn,Timezone - Lead,Company,Is_Valid_Email,Is_Valid_LinkedIn,Source_File,Date_Processed
Alla,Kornieieva,akornieieva@productech.co,Chief Operating Officer,https://www.linkedin.com/in/alla-kornieieva-0153a719,EU,Productech,True,True,BluetoothSpeakerMarket,2025-07-03
Ali,Khan,ali@nysahara.com,Senior Account Executive,https://www.linkedin.com/in/ali-khan-b1a2991a0,US,Sahara,True,True,BluetoothSpeakerMarket,2025-07-03
Aline,Oliveira,aline.oliveira@waaw.com.br,Coordenadora de marketing,https://www.linkedin.com/in/alineoliveira13,US,WAAW,True,True,BluetoothSpeakerMarket,2025-07-03
Alexander,Malamud,amalamud@productech.co,President,https://www.linkedin.com/in/alexander-malamud-71a2b4a8,US,Productech,True,True,BluetoothSpeakerMarket,2025-07-03
Azul,Alonso,azul@shopcjglobal.com,Chief Operating Officer,https://www.linkedin.com/in/azul-alonso-320659b9,US,CJ Global,True,True,BluetoothSpeakerMarket,2025-07-03
Cristian,Ionescu,cristian.ionescu@e-boda.ro,Research And Development Specialist,https://www.linkedin.com/in/cristian-sorin-ionescu-65525410b,EU,E-Boda,True,True,BluetoothSpeakerMarket,2025-07-03
Daniel,Havillio,daniel@energysistem.com,Product Management Director,https://www.linkedin.com/in/daniel-havillio-43386a9,EU,Energy Sistem,True,True,BluetoothSpeakerMarket,2025-07-03
Darcie,Caldwell,dcaldwell@spectraintl.com,Senior Design Department Specialist,https://www.linkedin.com/in/darcie-caldwell-b5141a2b,US,Spectra,True,True,BluetoothSpeakerMarket,2025-07-03
Gavin,O'duffy,gavin.oduffy@onesonic.com,Acting CTO,https://www.linkedin.com/in/goduffy,EU,Onesonic,True,True,BluetoothSpeakerMarket,2025-07-03
Ggmm,Gmbh,ggmm@ggmm.com,Oversea Marketing manager,https://www.linkedin.com/in/ggmm-gmbh-816a35101,EU,GGMM,True,True,BluetoothSpeakerMarket,2025-07-03
Jerry,Brach,jerry@pyleusa.com,Vice President Operations,https://www.linkedin.com/in/jerry-brach-6ba012a,US,Pyle,True,True,BluetoothSpeakerMarket,2025-07-03
John,Whitehead,john.whitehead@mixx-io.com,CTO,https://www.linkedin.com/in/john-whitehead-3685448,EU,MIXX,True,True,BluetoothSpeakerMarket,2025-07-03
Michael,Barron,mbarron@nwebrands.com,NATIONAL ACCOUNTS SALES MANAGER,https://www.linkedin.com/in/michael-barron-95446b45,US,NWE Brands,True,True,BluetoothSpeakerMarket,2025-07-03
Mike,Armstrong,mike@azatom.com,Managing Director,https://www.linkedin.com/in/mike-armstrong-88b30914,EU,Azatom,True,True,BluetoothSpeakerMarket,2025-07-03
Reagan,Fincher,reagan@turtleboxaudio.com,Co-Founder @ Turtlebox Audio,https://www.linkedin.com/in/reagan-fincher-b744451b,US,Turtlebox,True,True,BluetoothSpeakerMarket,2025-07-03
Ron,Shulda,rshulda@spectraintl.com,Design and Product Manager,https://www.linkedin.com/in/ron-shulda-7587998,US,Spectra,True,True,BluetoothSpeakerMarket,2025-07-03
Roger,Zumwalt,rzumwalt@nwebrands.com,President,https://www.linkedin.com/in/roger-zumwalt-89469018,US,NWE Brands,True,True,BluetoothSpeakerMarket,2025-07-03
Stelios,Zafeiropoulos,s.zafeiropoulos@crystalaudio.com,Purchasing Manager,https://www.linkedin.com/in/stelios-zafeiropoulos-a26ba4201,EU,Crystal Audio,True,True,BluetoothSpeakerMarket,2025-07-03
Sascha,Mallah,sascha.mallah@teufel.de,CEO,https://www.linkedin.com/in/sascha-mallah-b2a18b,EU,Teufel,True,True,BluetoothSpeakerMarket,2025-07-03
Terencio,Mestre,terencio.mestre@energysistem.com,Head of International Business & Brand Development,https://www.linkedin.com/in/terenciomestre,EU,Energy Sistem,True,True,BluetoothSpeakerMarket,2025-07-03
Vassilis,Tsakiris,vtsakiris@crystalaudio.com,"CEO, Head of R&D",https://www.linkedin.com/in/vassilistsakiris,US,Crystal Audio,True,True,BluetoothSpeakerMarket,2025-07-03
Will,Bradley,will@turtleboxaudio.com,Co-Founder,https://www.linkedin.com/in/will-bradley-19521b5,US,Turtlebox Audio,True,True,BluetoothSpeakerMarket,2025-07-03
