First Name,Last Name,Email,Job Title,LinkedIn,Timezone - Lead,Company,Is_Valid_Email,Is_Valid_LinkedIn,Source_File,Date_Processed
Alex,Angrill,aangrill@charmex.info,Director Comercial - Sales Manager,https://www.linkedin.com/in/alex-angrill-1b586a5a,EU,CHARMEX,True,True,CommercialDehumidifierMarket,2025-07-03
Sophia,Zhu,sophia@china-hvactech.com,Business Development Manager of Duokai Dehumidifier Humidifier,https://www.linkedin.com/in/duokaisophia,US,Duokai,True,True,CommercialDehumidifierMarket,2025-07-03
Karl,Jansson,karl.jansson@corroventa.se,Chief Commercial Officer (CCO),https://www.linkedin.com/in/karl-jansson-5a6b6471,EU,Corroventa,True,True,CommercialDehumidifierMarket,2025-07-03
Nick,Lea,nick.lea@corroventa.se,Technical and Development Manager,https://www.linkedin.com/in/nick-lea-16bb8519b,EU,Corroventa,True,True,CommercialDehumidifierMarket,2025-07-03
Ryogo,Kato,ryogo.kato@daikindevice.cz,President,https://www.linkedin.com/in/ryogo-kato-90b11176,EU,Daikin Device,True,True,CommercialDehumidifierMarket,2025-07-03
Rob,Jeffries,r.jeffries@dalair.co.uk,Director,https://www.linkedin.com/in/rob-jeffries-59907587,EU,Dalair,True,True,CommercialDehumidifierMarket,2025-07-03
Lloyd,Gough,lloyd.gough@dalair.co.uk,Director,https://www.linkedin.com/in/lloyd-gough-59684b214,EU,Dalair,True,True,CommercialDehumidifierMarket,2025-07-03
Wieslaw,Jaloszyński,wjaloszynski@dan-poltherm.pl,Dyrektor Handlowy,https://www.linkedin.com/in/wieslaw-jaloszyński-ab190b141,EU,Dan-Poltherm,True,True,CommercialDehumidifierMarket,2025-07-03
Torben,Duer,torben.duer@danthermgroup.com,Executive Chairman,https://www.linkedin.com/in/torbenduer,EU,Dantherm,True,True,CommercialDehumidifierMarket,2025-07-03
Quentin,Cao,quentin.cao@danthermgroup.com,Country Leader,https://www.linkedin.com/in/quentin-cao-5a4aa3b7,US,Dantherm,True,True,CommercialDehumidifierMarket,2025-07-03
Mark,Rhodes,mark@dehum.com,Director,https://www.linkedin.com/in/mark-rhodes-humidity-control,EU,DEHUM,True,True,CommercialDehumidifierMarket,2025-07-03
Rob,Brandeberry,rob@dehumidifiers.com,Mechanical Engineer,https://www.linkedin.com/in/robbrandeberry,US,Innovative Air,True,True,CommercialDehumidifierMarket,2025-07-03
Kacy,Orr,kacy@dehumidifiers.com,President,https://www.linkedin.com/in/kacy-orr-107668106,US,Innovative Air,True,True,CommercialDehumidifierMarket,2025-07-03
Lucas,Rahle,lucas@dehutech.com,CEO,https://www.linkedin.com/in/lucas-rahle-896a12157,EU,DehuTech,True,True,CommercialDehumidifierMarket,2025-07-03
Hal,Sindelar,hsindelar@desert-aire.com,Product Engineering Manager,https://www.linkedin.com/in/hal-sindelar-8871ba7a,US,Desert Aire,True,True,CommercialDehumidifierMarket,2025-07-03
Sean,Garster,sgarster@desert-aire.com,"Director of Sales, Marketing and Service",https://www.linkedin.com/in/sean-garster-76b85626,US,Desert Aire,True,True,CommercialDehumidifierMarket,2025-07-03
Patrick,Charrondiere,p.charrondiere@dessica.fr,Gérant,https://www.linkedin.com/in/patrick-charrondiere-438577103,EU,DESSiCA,True,True,CommercialDehumidifierMarket,2025-07-03
Fanny,Langlois,f.langlois@dessica.fr,Directrice Générale Déléguée de la SCOP Dessica,https://www.linkedin.com/in/fanny-langlois-66926339,EU,DESSiCA,True,True,CommercialDehumidifierMarket,2025-07-03
A.j.,White,aj@drysolutionsinc.com,Senior Application Engineer,https://www.linkedin.com/in/a-j-white-4617001b6,US,Dry Solutions,True,True,CommercialDehumidifierMarket,2025-07-03
Krystilyn,Smith,krystilyn@drysolutionsinc.com,Chief Administrative Officer,https://www.linkedin.com/in/krystilyn-smith-32586913b,US,Dry Solutions,True,True,CommercialDehumidifierMarket,2025-07-03
Michał,Matusewicz,michal@dstpoland.pl,Managing Director,https://www.linkedin.com/in/michał-matusewicz-8823278,EU,DST Poland,True,True,CommercialDehumidifierMarket,2025-07-03
Sandeep,Potti,sandeep.potti@euroclima.com,Chief Operating Officer - India Factory,https://www.linkedin.com/in/sandeep-potti-a611a9ab,US,Euroclima,True,True,CommercialDehumidifierMarket,2025-07-03
Sergey,Popov,sergey.popov@euroclima.com,C.E.O.,https://www.linkedin.com/in/sergey-popov-623176a4,EU,Euroclima,True,True,CommercialDehumidifierMarket,2025-07-03
Augusto,Galvan,augusto.galvan@fisair.com,Chief Technical Officer FISAIR NA and partial owner,https://www.linkedin.com/in/augusto-galvan-93800a140,US,FISAIR,True,True,CommercialDehumidifierMarket,2025-07-03
Steve,Palasek,spalasek@fisenusa.com,Engineering Manager,https://www.linkedin.com/in/steve-palasek-68076317,US,Fisen,True,True,CommercialDehumidifierMarket,2025-07-03
Alberto,Gasparini,gasparini@fral.it,CEO,https://www.linkedin.com/in/alberto-gasparini-4856783a,US,FRAL,True,True,CommercialDehumidifierMarket,2025-07-03
Marco,Incari,incari@fral.it,Director,https://www.linkedin.com/in/marco-incari-15732b29b,US,FRAL,True,True,CommercialDehumidifierMarket,2025-07-03
Ed,Hill,ehill@hillcompany.com,Owner,https://www.linkedin.com/in/ed-hill-b4b50a12,US,Hill Company,True,True,CommercialDehumidifierMarket,2025-07-03
Michał,Radka,michal.radka@klimor.com,Kierownik ds. sprzedaży,https://www.linkedin.com/in/michał-radka-6312b8183,EU,Klimor,True,True,CommercialDehumidifierMarket,2025-07-03
Anthony,Rouaux,anthony.rouaux@newr.fr,Directeur général,https://www.linkedin.com/in/anthony-rouaux-12811685,EU,New'R,True,True,CommercialDehumidifierMarket,2025-07-03
Kevin,Fernándezzarif,kevin@nextairgas.com,Vice President - Industrial Air,https://www.linkedin.com/in/kevinzarif,US,Next Air & Gas,True,True,CommercialDehumidifierMarket,2025-07-03
Mike,Zarif,mike@nextairgas.com,President & CEO,https://www.linkedin.com/in/mike-zarif-48430612b,US,Next Air & Gas,True,True,CommercialDehumidifierMarket,2025-07-03
Rodrigo,Martínez,rmartinez@quaternum.mx,Cofundador y CEO,https://www.linkedin.com/in/rodrigo-martínez-87634234,US,Quaternum,True,True,CommercialDehumidifierMarket,2025-07-03
Patrick,Gecer,p.gecer@reinderscorp.com,Head of Operations | COO,https://www.linkedin.com/in/patrick-gecer-6702a29a,EU,Reinders,True,True,CommercialDehumidifierMarket,2025-07-03
Gerrit,Reinders,g.reinders@reinderscorp.com,CEO at Reinders Corporation,https://www.linkedin.com/in/gerrit-jan-reinders-055b9810,EU,Reinders,True,True,CommercialDehumidifierMarket,2025-07-03
Elsa,Jolimaitre,elsa.jolimaitre@sosponge.com,Co-Founder & CTO,https://www.linkedin.com/in/elsa-jolimaitre-69a042b0,EU,So Sponge,True,True,CommercialDehumidifierMarket,2025-07-03
Brandy,Keen,brandy@surna.com,"Co-founder, Senior Technical Advisor",https://www.linkedin.com/in/brandy-keen-14651017b,US,Surna,True,True,CommercialDehumidifierMarket,2025-07-03
Ken,Gehring,kgehring@thermastor.com,President Emeritus,https://www.linkedin.com/in/ken-gehring-08a943b6,US,Therma-Stor,True,True,CommercialDehumidifierMarket,2025-07-03
Rachel,Kugle,rkugle@thermastor.com,Director of Operations,https://www.linkedin.com/in/rachelkugle,US,Therma-Stor,True,True,CommercialDehumidifierMarket,2025-07-03
Jessica,Kirsner,jessica@thermomatic.com.br,Chairman,https://www.linkedin.com/in/jessica-kirsner-7aba0b13,US,Thermomatic,True,True,CommercialDehumidifierMarket,2025-07-03
Todd,Owen,todd.owen@tocequip.com,President and General Manager,https://www.linkedin.com/in/todd-owen-069b4b9,US,TOC,True,True,CommercialDehumidifierMarket,2025-07-03
Jonathan,Hughes,jhughes@tradegearltd.co.uk,Managing Director,https://www.linkedin.com/in/jonathan-hughes-36b53214,EU,TRADE GEAR,True,True,CommercialDehumidifierMarket,2025-07-03
Giselle,Lenham,giselle.lenham@tradegearltd.co.uk,Director,https://www.linkedin.com/in/giselle-lenham-14a596143,EU,TRADE GEAR,True,True,CommercialDehumidifierMarket,2025-07-03
Frank,Ramirez,frank.ramirez@wahainc.com,Chief Executive Officer,https://www.linkedin.com/in/frank-r-ramirez-10784612,US,WaHa,True,True,CommercialDehumidifierMarket,2025-07-03
Chris,Kay,chris.kay@wahainc.com,President,https://www.linkedin.com/in/chris-armstrong-kay,US,WaHa,True,True,CommercialDehumidifierMarket,2025-07-03
Marc,Duthilleul,marc.duthilleul@cbk.fr,Associated CEO,https://www.linkedin.com/in/duthilleul,EU,CBK,True,True,CommercialDehumidifierMarket,2025-07-03
Haakon,Bryhn,haakon.bryhn@ag.no,Mng. Dir,https://www.linkedin.com/in/haakon-l-bryhn-52013a26,EU,Alfsen og Gunderson,True,True,CommercialDehumidifierMarket,2025-07-03
Nabeel,Mahmood,nabeel.mahmood@air2o.com,Brand Ambassador,https://www.linkedin.com/in/nabeelmahmood,US,Air2o,True,True,CommercialDehumidifierMarket,2025-07-03
Tom,Sullivan,tom.sullivan@air2o.com,Chief Operating Officer,https://www.linkedin.com/in/tom-sullivan-491706b4,US,Air2o,True,True,CommercialDehumidifierMarket,2025-07-03
Herman,Chiu,herman@airchange.com.au,Manager,https://www.linkedin.com/in/herman-chiu-75487a39,US,Air Change,True,True,CommercialDehumidifierMarket,2025-07-03
John,Hammond,jhammond@airgreeninc.com,CEO,https://www.linkedin.com/in/john-hammond-167683,US,AirGreen,True,True,CommercialDehumidifierMarket,2025-07-03
Matt,Morgan,mmorgan@airrover.com,Operations Manager,https://www.linkedin.com/in/matt-morgan-24728473,US,Air Rover,True,True,CommercialDehumidifierMarket,2025-07-03
Bo,Tiderman,bo@airwatergreen.com,CEO,https://www.linkedin.com/in/botiderman,EU,Airwatergreen,True,True,CommercialDehumidifierMarket,2025-07-03
Alex,Zhou,alex@alorair.com,Chief Executive Officer,https://www.linkedin.com/in/alex-zhou-922906ab,US,Alorair,True,True,CommercialDehumidifierMarket,2025-07-03
James,Holcroft,james.holcroft@apskroll.com,Technical Manager,https://www.linkedin.com/in/james-holcroft-032409112,EU,Skroll,True,True,CommercialDehumidifierMarket,2025-07-03
Vasilis,Bougatsos,bougatsos@bct-group.gr,President,https://www.linkedin.com/in/vasilisbougatsos,EU,BCT,True,True,CommercialDehumidifierMarket,2025-07-03
Daniele,Basso,d.basso@biemmedue.com,Research Development Technical Manager,https://www.linkedin.com/in/daniele-basso-42532a141,US,Biemmedue,True,True,CommercialDehumidifierMarket,2025-07-03
Neil,Partridge,neilp@brownell.co.uk,Managing Director,https://www.linkedin.com/in/neil-partridge-611b0b26,EU,Brownell,True,True,CommercialDehumidifierMarket,2025-07-03
Randy,Beeman,rbeeman@bvc.com,Chief Strategy Officer,https://www.linkedin.com/in/randy-beeman-457222198,US,Ventamatic,True,True,CommercialDehumidifierMarket,2025-07-03
Ryan,Mcconnell,rmcconnell@bvc.com,Chief Operating Officer,https://www.linkedin.com/in/rymac,US,Ventamatic,True,True,CommercialDehumidifierMarket,2025-07-03
Erik,Sabatier,erik.sabatier@cap2i.eu,Président-directeur général,https://www.linkedin.com/in/erik-sabatier-40a6739,EU,Cap2i,True,True,CommercialDehumidifierMarket,2025-07-03
Linda,Shahryary,linda@capitalenergyequipment.com,President,https://www.linkedin.com/in/linda-shahryary-037933bb,US,Capital Energy,True,True,CommercialDehumidifierMarket,2025-07-03
Darrell,Sandlin,darrell@carolinaheatpipe.com,President,https://www.linkedin.com/in/darrellsandlin,US,Carolina Heat Pipe,True,True,CommercialDehumidifierMarket,2025-07-03
Olivier,Bresson,olivier.bresson@cbk.fr,Directeur associé,https://www.linkedin.com/in/bressonolivier,EU,CBK,True,True,CommercialDehumidifierMarket,2025-07-03
