First Name,Last Name,Email,Job Title,LinkedIn,Timezone - Lead,Company,Is_Valid_Email,Is_Valid_LinkedIn,Source_File,Date_Processed
Phil,Latendresse,phill@gopettibone.com,Director of Engineering and Product Support,https://www.linkedin.com/in/phillatendresse,US,Pettibone,True,True,ConstructionEquipmentMarket,2025-07-03
Tom,Banse,tbanse@gopettibone.com,Senior Project Manager,https://www.linkedin.com/in/tom-banse-a5007b87,US,Pettibone,True,True,ConstructionEquipmentMarket,2025-07-03
Ignasi,García,ignasi@gruasrigar.com,Deputy General Manager Operations,https://www.linkedin.com/in/ignasirigar,EU,Grúas Rigar,True,True,ConstructionEquipmentMarket,2025-07-03
Craig,Penty,craig@guardasystems.com,Managing Director,https://www.linkedin.com/in/craig-penty-4863a48,US,Guarda Systems,True,True,ConstructionEquipmentMarket,2025-07-03
Darren,Huinker,darren@hempaving.com,VP of Sales,https://www.linkedin.com/in/darrenhuinker,US,HEM Paving,True,True,ConstructionEquipmentMarket,2025-07-03
Rick,Eisiminger,rick@hempaving.com,"Vice President, International Operations",https://www.linkedin.com/in/rick-eisiminger-72766511,US,HEM Paving,True,True,ConstructionEquipmentMarket,2025-07-03
Jeff,Henderson,jeff@hendersonauctions.com,Group CEO,https://www.linkedin.com/in/jeff-henderson-5baba26,US,Henderson Auctions,True,True,ConstructionEquipmentMarket,2025-07-03
Zoran,Vlahović,zoran.vlahovic@hidraulika-kurelja.hr,Technical Director,https://www.linkedin.com/in/zoran-vlahović-700657199,EU,Hidraulika Kurelja,True,True,ConstructionEquipmentMarket,2025-07-03
Barbara,Smrcek,barbara.smrcek@hidraulika-kurelja.hr,Head Of Procurement Department,https://www.linkedin.com/in/barbara-smrcek-b328884b,EU,Hidraulika Kurelja,True,True,ConstructionEquipmentMarket,2025-07-03
Corey,Eckhoff,corey@hilfinancial.com,Finance Director,https://www.linkedin.com/in/corey-eckhoff-07b297163,US,H.I.L.,True,True,ConstructionEquipmentMarket,2025-07-03
Robert,Furlani,r.furlani@hinowa.com,Purchase Officer,https://www.linkedin.com/in/robert-furlani-12a13970,US,Hinowa,True,True,ConstructionEquipmentMarket,2025-07-03
Mark,Gustin,mark.gustin@hmc-us.com,Manufacturing/Design Engineer,https://www.linkedin.com/in/mark-gustin-sealpro,US,Hercules Machinery,True,True,ConstructionEquipmentMarket,2025-07-03
Bryan,Daniel,bryan.daniel@hmc-us.com,Regional Sales Mgr,https://www.linkedin.com/in/bryan-daniel-1b78916b,US,Hercules Machinery,True,True,ConstructionEquipmentMarket,2025-07-03
Hubert,Mclaughlin,hubert@hml.ltd,"Director, HML Plant Hire & Construction",https://www.linkedin.com/in/hubert-mclaughlin-6b469990,EU,HML,True,True,ConstructionEquipmentMarket,2025-07-03
Mark,McLaughlin,mark@hml.ltd,Managing Director,https://www.linkedin.com/in/mark-mc-laughlin-96463363,EU,HML Construction,True,True,ConstructionEquipmentMarket,2025-07-03
Jussi,Seppälä,jussi.seppala@hrk.fi,Technical Director - Tekninen johtaja,https://www.linkedin.com/in/jussi-seppälä-b49848260,EU,HRK,True,True,ConstructionEquipmentMarket,2025-07-03
Frank,Leyh,frank.leyh@hti-handel.de,persönlicher haftender Geschäftsführer,https://www.linkedin.com/in/frank-leyh-1961941bb,EU,HTI Hortmann,True,True,ConstructionEquipmentMarket,2025-07-03
Janine,Huisman,janine@huismanauction.com,Vice President,https://www.linkedin.com/in/janine-huisman-58520b66,US,Huisman Auctions,True,True,ConstructionEquipmentMarket,2025-07-03
Brandon,Howell,bhowell@icrsupply.com,General Manager Operations,https://www.linkedin.com/in/brandon-howell-925082b0,US,ICR,True,True,ConstructionEquipmentMarket,2025-07-03
Jussi,Mäki,jussi@ikh.fi,Chief Commercial Officer (CCO),https://www.linkedin.com/in/jussi-mäki-70656964,EU,IKH,True,True,ConstructionEquipmentMarket,2025-07-03
Lucas,Zhang,lucas.zhang@imachinemall.com,Country Manager,https://www.linkedin.com/in/lucas-imachine-used-construction-machinery,EU,imachine,True,True,ConstructionEquipmentMarket,2025-07-03
Jeroen,Perin,jeroen@123machineverhuur.nl,Commercieel Directeur,https://www.linkedin.com/in/jeroen-perin-a9a56549,EU,123 Machineverhuur,True,True,ConstructionEquipmentMarket,2025-07-03
Richard,Jewell,rjewell@acmelift.com,Sr. Vice President,https://www.linkedin.com/in/richard-jewell-2101b31a,US,Acme Lift,True,True,ConstructionEquipmentMarket,2025-07-03
Cristian,Helwig,cristian.helwig@activgm.ro,Executive Director,https://www.linkedin.com/in/cristianhelwig,EU,Activ,True,True,ConstructionEquipmentMarket,2025-07-03
Fabio,Leite,fabio.leite@addiante.com.br,CEO at Addiante,https://www.linkedin.com/in/fabio-leite-1016ba23,US,Addiante,True,True,ConstructionEquipmentMarket,2025-07-03
Rickard,Jeppsson,rickard.jeppsson@ahlmmaskin.se,serviceansvarig,https://www.linkedin.com/in/rickard-jeppsson-aa503977,EU,Br Ahlm Maskin,True,True,ConstructionEquipmentMarket,2025-07-03
Daniel,Lu,daniel.lu@ailishengglobal.com,General Manager,https://www.linkedin.com/in/daniel-lu-4b911a1a3,US,Ailisheng,True,True,ConstructionEquipmentMarket,2025-07-03
Vincent,Albasini,vincent.albasini@alayanrentals.com,Managing Director,https://www.linkedin.com/in/vincent-albasini-9874a466,EU,Emerent,True,True,ConstructionEquipmentMarket,2025-07-03
Eric,Peterson,eric@alliedpower.com,President,https://www.linkedin.com/in/eric-peterson-b1a09635,US,Allied Power,True,True,ConstructionEquipmentMarket,2025-07-03
Ben,A,ben@allshawhire.co.uk,Owner / Director,https://www.linkedin.com/in/ben-a-758475122,EU,Allshaw Hire,True,True,ConstructionEquipmentMarket,2025-07-03
Angelo,Sarich,angelo@allworks.com.au,Managing Director,https://www.linkedin.com/in/angelo-sarich-b03604287,US,Allworks,True,True,ConstructionEquipmentMarket,2025-07-03
Bruce,Johnson,bruce.johnson@altradgeneration.com,Area Sales Manager,https://www.linkedin.com/in/bruce-johnson-240890139,EU,Altrad Generation,True,True,ConstructionEquipmentMarket,2025-07-03
Brad,Mccaleb,brad.mccaleb@ameco.com,"Director, Business Development",https://www.linkedin.com/in/brad-mccaleb-16610a63,US,AMECO,True,True,ConstructionEquipmentMarket,2025-07-03
Dan,Miller,danm@americanpiledriving.com,Chief Engineer,https://www.linkedin.com/in/dan-miller-45481297,US,American Piledriving,True,True,ConstructionEquipmentMarket,2025-07-03
Paul,Helks,phelks@apwebbplanthire.co.uk,Director,https://www.linkedin.com/in/paul-helks-b65a73102,EU,A P Webb Plant Hire,True,True,ConstructionEquipmentMarket,2025-07-03
Leigh,Webb,leigh.webb@ardenthire.com,Group Sales Director,https://www.linkedin.com/in/leighwebb,EU,Ardent Hire,True,True,ConstructionEquipmentMarket,2025-07-03
Jeremy,Fish,jeremy.fish@ardenthire.com,Chief Executive Officer,https://www.linkedin.com/in/jeremyfish,EU,Ardent Hire,True,True,ConstructionEquipmentMarket,2025-07-03
Marc,Heijens,m.heijens@arentis.com,Directeur,https://www.linkedin.com/in/marc-heijens-b9b15a19,EU,Arentis,True,True,ConstructionEquipmentMarket,2025-07-03
Peter,Nyström,peter.nystrom@arento.se,Procurement Manager,https://www.linkedin.com/in/peter-nyström-02b461ba,EU,Arento,True,True,ConstructionEquipmentMarket,2025-07-03
Krzysztof,Jakubowski,krzysztof@arerobot.com,CEO,https://www.linkedin.com/in/krzysztof-jakubowski-867474109,EU,Advanced Robotic,True,True,ConstructionEquipmentMarket,2025-07-03
Simon,Sørensen,ss@asp-produkt.dk,Direktør,https://www.linkedin.com/in/simon-sørensen-1a3029207,EU,Asp,True,True,ConstructionEquipmentMarket,2025-07-03
Henrique,Meireles,henrique.meireles@astecindustries.com,OpEx Leader (Líder de excelência operacional),https://www.linkedin.com/in/henrique-meireles-7a366447,US,ASTEC,True,True,ConstructionEquipmentMarket,2025-07-03
Alessandro,Gino,alessandro@autovictor.it,Chief Operating Officer,https://www.linkedin.com/in/alessandro-gino-88375179,US,Autovictor,True,True,ConstructionEquipmentMarket,2025-07-03
Bert,Advocaat,b.advocaat@baarsbv.com,Commercial Director,https://www.linkedin.com/in/bertadvocaat,EU,Baars,True,True,ConstructionEquipmentMarket,2025-07-03
Mateusz,Grela,mateusz.grela@baukrane.pl,CTO,https://www.linkedin.com/in/mateusz-grela-86351475,EU,Baukrane,True,True,ConstructionEquipmentMarket,2025-07-03
Ralf,Michael,ralf.michael@baxxler.com,Partner Management,https://www.linkedin.com/in/🌐ralf-michael-5aa000123,EU,Baxxler,True,False,ConstructionEquipmentMarket,2025-07-03
Orval,Williams,owilliams@bcerents.com,Safety Director,https://www.linkedin.com/in/orval-williams-48772b27,US,Bayou City Equipment,True,True,ConstructionEquipmentMarket,2025-07-03
Todd,Brinkman,tbrinkman@bdfabricators.com,President,https://www.linkedin.com/in/todd-brinkman-943b2a144,US,B&D Fabricators,True,True,ConstructionEquipmentMarket,2025-07-03
Andreas,Haldin,andreas.haldin@bemix.se,Produktchef,https://www.linkedin.com/in/andreas-haldin-b7b39416b,EU,Bemix,True,True,ConstructionEquipmentMarket,2025-07-03
Claes,Holmqvist,claes@binsell.se,Engineer,https://www.linkedin.com/in/claes-holmqvist-1b31b650,EU,BinSell,True,True,ConstructionEquipmentMarket,2025-07-03
Roman,Chvedov,roman@binsell.se,Head of Department,https://www.linkedin.com/in/roman-chvedov-b9882a116,EU,BinSell,True,True,ConstructionEquipmentMarket,2025-07-03
Martijn,Van den Bor,m.vandenbor@bomecon.nl,Operations management,https://www.linkedin.com/in/martijn-van-den-bor-60360b134,EU,Bomecon,True,True,ConstructionEquipmentMarket,2025-07-03
Zlatan,Biser,zlatan@brenden.no,Project Manager,https://www.linkedin.com/in/zlatan-biser-b55b05151,EU,Brenden,True,True,ConstructionEquipmentMarket,2025-07-03
Thomas,Truempy,ttruempy@bridgestoneindustrial.com,Senior Product Engineer - Conveyor Belt,https://www.linkedin.com/in/thomas-truempy-2b7988bb,US,Bridgestone,True,True,ConstructionEquipmentMarket,2025-07-03
Steve,Mcnulty,steve@buckeyemats.com,Vice President,https://www.linkedin.com/in/stevemmcnulty,US,Buckeye Mats,True,True,ConstructionEquipmentMarket,2025-07-03
Michael,Bailey,mike@buckeyemats.com,Regional Sales Manager,https://www.linkedin.com/in/michael-bailey-80b5a613,US,Buckeye Mats,True,True,ConstructionEquipmentMarket,2025-07-03
André,Schneider,andre@c3equipamentos.com.br,Diretor Comercial,https://www.linkedin.com/in/andré-schneider-4a7a6530,US,C3,True,True,ConstructionEquipmentMarket,2025-07-03
Adrian,Grew,agrew@cabcare.com,Technical Sales Director,https://www.linkedin.com/in/adrian-grew-1b15a0105,EU,Cabcare,True,True,ConstructionEquipmentMarket,2025-07-03
Chris,Chambers,cchambers@cabcare.com,Executive Director,https://www.linkedin.com/in/chris-chambers-b53859150,EU,Cabcare,True,True,ConstructionEquipmentMarket,2025-07-03
Simon,Bull,simon.bull@camdenhire.com.au,Business Development Manager,https://www.linkedin.com/in/simon-bull-927a04104,US,Camden Hire,True,True,ConstructionEquipmentMarket,2025-07-03
Jeremy,Browne,jeremy@camdenhire.com.au,Branch Manager,https://www.linkedin.com/in/jeremy-browne-b323825a,US,Camden Hire,True,True,ConstructionEquipmentMarket,2025-07-03
Peter,Dixon,peter@carbonorigins.com,Chief Engineer,https://www.linkedin.com/in/peter-dixon-08b33b18,US,Carbon Origins,True,True,ConstructionEquipmentMarket,2025-07-03
Amogha,Srirangarajan,amogha@carbonorigins.com,Chief Executive Officer & Founder,https://www.linkedin.com/in/amoghaio,US,Carbon Origins,True,True,ConstructionEquipmentMarket,2025-07-03
Dan,Lemcke,dan@cetoolsinc.com,Chief Executive Officer,https://www.linkedin.com/in/dan-lemcke-31951019,US,CE Tools,True,True,ConstructionEquipmentMarket,2025-07-03
Fabio,Stramanà,fabio.stramana@cimolaitechnology.com,General Manager,https://www.linkedin.com/in/fabio-stramanà-53329651,US,Cimolai Technology,True,True,ConstructionEquipmentMarket,2025-07-03
Alberto,Vallejo,avallejo@cipsa.com.mx,Director,https://www.linkedin.com/in/alberto-vallejo-a5515a55,US,CIPSA,True,True,ConstructionEquipmentMarket,2025-07-03
Pierre,Sella,psella@cmco.com,General Manager France,https://www.linkedin.com/in/pierre-sella,EU,Columbus McKinnon,True,True,ConstructionEquipmentMarket,2025-07-03
Peter,Svajcer,peter.svajcer@cmco.com,Strategic Sourcing Manager Transport & Logistics - EMEA Region,https://www.linkedin.com/in/peter-svajcer-684b095b,EU,Columbus McKinnon,True,True,ConstructionEquipmentMarket,2025-07-03
Jason,Goodin,jason.goodin@cmi-roadbuilding.com,General Manager,https://www.linkedin.com/in/jason-goodin-491981a9,US,CMI ROADBUILDING,True,True,ConstructionEquipmentMarket,2025-07-03
Aaron,Bottorff,aaron.bottorff@cmi-roadbuilding.com,General Manager,https://www.linkedin.com/in/aaron-bottorff-6818aa19,US,CMI Roadbuilding,True,True,ConstructionEquipmentMarket,2025-07-03
Jonathan,Riise,jr@cobod.com,Head Of Research And Development,https://www.linkedin.com/in/jonathan-riise-2a8aa470,EU,COBOD,True,True,ConstructionEquipmentMarket,2025-07-03
Billel,Benzenoune,billel.benzenoune@cogetp.com,National Sales Director,https://www.linkedin.com/in/billel-benzenoune-568565161,EU,COGETP,True,True,ConstructionEquipmentMarket,2025-07-03
Danilo,Piacentini,piacentini@comeasrl.it,CEO - MANAGING DIRECTOR,https://www.linkedin.com/in/danilo-piacentini-93746a33,US,COMEA,True,True,ConstructionEquipmentMarket,2025-07-03
Alessandro,Bastianelli,bastianelli@comeasrl.it,Strategic Project Director,https://www.linkedin.com/in/alessandro-bastianelli-03865045,US,COMEA,True,True,ConstructionEquipmentMarket,2025-07-03
Jack,Huang,jack.huang@imachinemall.com,General Manager,https://www.linkedin.com/in/imachine,US,imachine,True,True,ConstructionEquipmentMarket,2025-07-03
Mónica,Mansilla,monica.mansilla@imansilla.com,Director general,https://www.linkedin.com/in/mónica-mansilla-customizedoperatorcabscabinas,EU,Mansilla,True,True,ConstructionEquipmentMarket,2025-07-03
Christian,Chauche,christian@imer.fr,Directeur Général,https://www.linkedin.com/in/christian-chauche-09255240,EU,IMER,True,True,ConstructionEquipmentMarket,2025-07-03
Walter,Baffioni-venturi,walter@imer.fr,Directeur commercial,https://www.linkedin.com/in/wbaffioni,EU,IMER,True,True,ConstructionEquipmentMarket,2025-07-03
Arne,Soldat,arne.soldat@ims-group.net,CEO,https://www.linkedin.com/in/arne-matthias-soldat-47a928a,EU,ims,True,True,ConstructionEquipmentMarket,2025-07-03
Mac,Mckeen,mac.mckeen@incus5.com,Chief Technology Officer/Co-Founder,https://www.linkedin.com/in/mac-mckeen-3511a687,US,Incus5,True,True,ConstructionEquipmentMarket,2025-07-03
Jeff,Janczak,jeff.janczak@incus5.com,President,https://www.linkedin.com/in/jeff-janczak-7231352,US,Incus5,True,True,ConstructionEquipmentMarket,2025-07-03
John,Walker,john@industrialrr.com,Chief Operations Officer,https://www.linkedin.com/in/john-walker-4a353946,US,Industrial Rigging Rentals,True,True,ConstructionEquipmentMarket,2025-07-03
Elisa,Audisio,elisa.audisio@ivecogroup.com,Product Improvement Development Manager,https://www.linkedin.com/in/elisa-audisio-b1894784,US,Iveco,True,True,ConstructionEquipmentMarket,2025-07-03
Daniele,Bressanelli,daniele.bressanelli@ivecogroup.com,Product Development Manager,https://www.linkedin.com/in/daniele-bressanelli-003a49113,US,Iveco,True,True,ConstructionEquipmentMarket,2025-07-03
Jeroen,Meijer,jeroen@jb-grijpers.nl,Lead Engineer,https://www.linkedin.com/in/jeroen-meijer-3a8612153,EU,J&B Grijpers,True,True,ConstructionEquipmentMarket,2025-07-03
Pádraig,Jordan,padraig@jordanrail.com.au,Operations Manager,https://www.linkedin.com/in/pádraig-jordan-223b8a56,US,Jordan Rail,True,True,ConstructionEquipmentMarket,2025-07-03
Sean,Joyce,sean.joyce@joycekrane.com,Director,https://www.linkedin.com/in/sean-joyce-72bb6191,US,Joyce Krane,True,True,ConstructionEquipmentMarket,2025-07-03
Henry,Simmons,henry.simmons@joycekrane.com,Perth/Kewdale Manager,https://www.linkedin.com/in/henry-simmons-4159031b9,US,Joyce Krane,True,True,ConstructionEquipmentMarket,2025-07-03
Aleksandar,Belberov,aleksandar.belberov@kewazo.com,Head of Mechanical Engineering & Product Design,https://www.linkedin.com/in/aleksandarbelberov,EU,Kewazo,True,True,ConstructionEquipmentMarket,2025-07-03
Heitor,Gartner,heitor.gartner@kewazo.com,President,https://www.linkedin.com/in/heitor-gartner-341194166,US,Kewazo,True,True,ConstructionEquipmentMarket,2025-07-03
Spencer,Thomas,spencer@kjservices.co.uk,Director,https://www.linkedin.com/in/spencer-thomas-6b0286161,EU,K J Services,True,True,ConstructionEquipmentMarket,2025-07-03
Jay,Thomas,jay@kjservices.co.uk,Director,https://www.linkedin.com/in/jay-thomas-8466a0292,EU,K J Services,True,True,ConstructionEquipmentMarket,2025-07-03
Matthias,Handschuh,matthias.handschuh@klarx.de,Co-Founder & Managing Director,https://www.linkedin.com/in/matthiashandschuh,EU,klarx,True,True,ConstructionEquipmentMarket,2025-07-03
Vincent,Koch,vincent.koch@klarx.de,Co Founder,https://www.linkedin.com/in/vincentvankoch,EU,klarx,True,True,ConstructionEquipmentMarket,2025-07-03
Viktor,Ævarsson,viktor@kraftvelar.is,Sales and Marketing Director,https://www.linkedin.com/in/viktor-ævarsson-0206a1a1,EU,Kraftvélar,True,True,ConstructionEquipmentMarket,2025-07-03
Ian,Rudd,i.rudd@kteg-company.com,Project Manager,https://www.linkedin.com/in/ian-rudd-5b4311195,EU,KTEG,True,True,ConstructionEquipmentMarket,2025-07-03
Mike,Jobe,mike@lagequipment.com,VP of Engineering,https://www.linkedin.com/in/mkjobe,US,LAG Equipment,True,True,ConstructionEquipmentMarket,2025-07-03
Louis,Grant,louis@lagequipment.com,Owner,https://www.linkedin.com/in/louis-grant-jr-33807758,US,LAG Equipment,True,True,ConstructionEquipmentMarket,2025-07-03
Ted,Scherstein,ted.scherstein@lambertsson.com,Head of Operations,https://www.linkedin.com/in/ted-scherstein-49952b14b,EU,Lambertsson,True,True,ConstructionEquipmentMarket,2025-07-03
Henric,Broman,henric.broman@lambertsson.com,Business Development Manager,https://www.linkedin.com/in/henric-broman-7a3686111,EU,Lambertsson,True,True,ConstructionEquipmentMarket,2025-07-03
Javier,Gonzalez,javier.gonzalez@landoll.com,Territory Manager,https://www.linkedin.com/in/javier-gonzalez-7034201a1,US,Landoll,True,True,ConstructionEquipmentMarket,2025-07-03
Coby,Sedlacek,coby.sedlacek@landoll.com,Business Manager,https://www.linkedin.com/in/coby-sedlacek-298a924b,US,Landoll,True,True,ConstructionEquipmentMarket,2025-07-03
Michelangelo,Blasi,michelangelo@laurini.com,Aftermarket Sales Manager,https://www.linkedin.com/in/michelangelo-blasi-07a00681,US,Laurini,True,True,ConstructionEquipmentMarket,2025-07-03
Marco,Laurini,marco@laurini.com,CEO and Owner,https://www.linkedin.com/in/marco-laurini-70978a9,US,Laurini,True,True,ConstructionEquipmentMarket,2025-07-03
Dan,Steinbrecher,dans@lcswi.com,VP - Sales and Marketing,https://www.linkedin.com/in/dan-steinbrecher-605750b6,US,Lincoln Contractors Supply,True,True,ConstructionEquipmentMarket,2025-07-03
Brent,Nelson,brentn@lcswi.com,Product Specialist,https://www.linkedin.com/in/brent-nelson-91a387204,US,Lincoln Contractors Supply,True,True,ConstructionEquipmentMarket,2025-07-03
Alain,Jacquart,alain.jacquart@lens-motor.be,COMPANY CO-OWNER & GENERAL MANAGER,https://www.linkedin.com/in/alain-jacquart-9402588,EU,Lens Motor,True,True,ConstructionEquipmentMarket,2025-07-03
Franck,André,franck.andre@lens-motor.be,Directeur du développement,https://www.linkedin.com/in/franck-andré-83362927,EU,Lens Motor,True,True,ConstructionEquipmentMarket,2025-07-03
Duncan,Fraser,duncan.fraser@liebherr.com,Technical Manager,https://www.linkedin.com/in/duncan-fraser-176509b7,US,Liebherr,True,True,ConstructionEquipmentMarket,2025-07-03
Andrew,Schultz,andrew.schultz@liebherr.com,Managing Director,https://www.linkedin.com/in/andrew-schultz-126b66262,US,Liebherr,True,True,ConstructionEquipmentMarket,2025-07-03
Andy,Smith,asmith@liugongna.com,VP of Supply Chain,https://www.linkedin.com/in/andysmith2124,US,LiuGong,True,True,ConstructionEquipmentMarket,2025-07-03
David,De Cabooter,david.decabooter@loxam.be,Aankoop verantwoordelijke,https://www.linkedin.com/in/david-de-cabooter-48918149,EU,Loxam,True,True,ConstructionEquipmentMarket,2025-07-03
Pascal,Sohier,pascal.sohier@loxam.be,Sales & Marketing Manager Belgium Luxembourg at Loxam Group,https://www.linkedin.com/in/sohier,EU,Loxam,True,True,ConstructionEquipmentMarket,2025-07-03
Sylvie,Kastelec,sylvie.kastelec@loxam.fr,Directeur commercial régional,https://www.linkedin.com/in/sylviekastelecdirecteurdesventesdirecteurcommercialdirecteurgrandscomptesperformancecommerciale,EU,LOXAM,True,True,ConstructionEquipmentMarket,2025-07-03
Gaston,Van kleef,gaston.vankleef@loxam.nl,Managing Director,https://www.linkedin.com/in/gaston-van-kleef-a563a815,EU,Loxam,True,True,ConstructionEquipmentMarket,2025-07-03
Örjan,Andersson,orjan@lyftnord.se,VD / Konstruktion / Försäljning,https://www.linkedin.com/in/örjan-andersson,EU,Lyftnord,True,False,ConstructionEquipmentMarket,2025-07-03
Timo,Flamm,timo.flamm@m-tec.com,"Head of Research and Development, Manager Innovations",https://www.linkedin.com/in/timo-flamm-4a1ab51a3,EU,m-tec,True,True,ConstructionEquipmentMarket,2025-07-03
Michael,Martin,michael.martin@m-tec.com,Product Manager Silos & Silos Placing Units,https://www.linkedin.com/in/michael-martin-a90251100,EU,m-tec,True,True,ConstructionEquipmentMarket,2025-07-03
Breno,Fraga,breno@mabfix.com.br,Engenheiro civil,https://www.linkedin.com/in/breno-fraga-336520169,US,Mabfix,True,True,ConstructionEquipmentMarket,2025-07-03
Raluca,Deme,raluca.deme@macarale.com,Vice CEO,https://www.linkedin.com/in/raluca-deme-250b88212,EU,DEME MACARALE,True,True,ConstructionEquipmentMarket,2025-07-03
Paulo,Martins,paulo.martins@machrent.pt,CEO,https://www.linkedin.com/in/paulo-martins-60519a60,US,MACHRENT,True,True,ConstructionEquipmentMarket,2025-07-03
Abid,Khandkar,a.khandkar@makinex.com.au,National Business Development Manager,https://www.linkedin.com/in/abid-khandkar-a59a616a,US,Makinex,True,True,ConstructionEquipmentMarket,2025-07-03
Craig,Skipsey,c.skipsey@makinex.com.au,General Manager - Renewables,https://www.linkedin.com/in/craigskipsey,US,Makinex,True,True,ConstructionEquipmentMarket,2025-07-03
Robbie,Lamond,robbie.lamond@martinplanthire.co.uk,Manager,https://www.linkedin.com/in/robbie-lamond-97b081198,EU,J.G. Martin Plant Hire,True,True,ConstructionEquipmentMarket,2025-07-03
Colin,Cumine,colin.cumine@martinplanthire.co.uk,Branch Manager,https://www.linkedin.com/in/colin-cumine-184743134,EU,Martin Plant Hire,True,True,ConstructionEquipmentMarket,2025-07-03
Marcel,Streppel,marcel.streppel@mateco.nl,Managing Director,https://www.linkedin.com/in/marcel-streppel-1825ba80,EU,mateco,True,True,ConstructionEquipmentMarket,2025-07-03
Valentin,Oancea,valentin.oancea@mateco.ro,Chief Information Officer,https://www.linkedin.com/in/valentin-oancea-aa3523104,EU,mateco,True,True,ConstructionEquipmentMarket,2025-07-03
Claudiu,Gavril,claudiu.gavril@mateco.ro,Area Sales Manager,https://www.linkedin.com/in/claudiu-gavril-b3b5b0208,EU,mateco,True,True,ConstructionEquipmentMarket,2025-07-03
Jaime,Díaz Infante,jaime@maxiequip.com,Gerente Comercial & Operaciones,https://www.linkedin.com/in/jaime-díaz-infante-41007a8b,US,Maxiequip,True,True,ConstructionEquipmentMarket,2025-07-03
Bill,Maxon,bmaxon@maxon.com,President,https://www.linkedin.com/in/bill-maxon-8650949,US,Maxon,True,True,ConstructionEquipmentMarket,2025-07-03
Stephanie,Maxon,smaxon@maxon.com,VP Op.,https://www.linkedin.com/in/stephanie-maxon-853a6215,US,Maxon,True,True,ConstructionEquipmentMarket,2025-07-03
Jens,Lehmann,jlehmann@mbk-kisslegg.de,Leiter Konstruktion und Entwicklung,https://www.linkedin.com/in/jens-lehmann-10a567143,EU,mbk Maschinenbau,True,True,ConstructionEquipmentMarket,2025-07-03
Bob,Braun,bbraun@mbw.com,Mfg VP,https://www.linkedin.com/in/bob-braun-5a11a734,US,MBW,True,True,ConstructionEquipmentMarket,2025-07-03
Stephan,Engel,sengel@mecalac.com,Head of After Sales MBM,https://www.linkedin.com/in/stephan-engel-79456a242,EU,Mecalac,True,True,ConstructionEquipmentMarket,2025-07-03
Gleison,Pereira,gleison@mecbrun.com.br,Gerente Comercial e de Operações,https://www.linkedin.com/in/gleison-pereira-76052056,US,Mecbrun,True,True,ConstructionEquipmentMarket,2025-07-03
Daniel,Stockley,dan@mehireuk.com,Director,https://www.linkedin.com/in/daniel-stockley-8bb9b316b,EU,ME Hire UK,True,True,ConstructionEquipmentMarket,2025-07-03
Tony,Cross,tony@mehireuk.com,Director,https://www.linkedin.com/in/tony-cross-810b93177,EU,ME Hire UK,True,True,ConstructionEquipmentMarket,2025-07-03
Franz,Steinberger,franz.steinberger@meiller.com,Head of Global Procurement,https://www.linkedin.com/in/franz-steinberger-b9a65aa8,EU,Meiller,True,True,ConstructionEquipmentMarket,2025-07-03
Jakub,Sobek,jakub.sobek@meiller.com,Industrial Engineering Leader,https://www.linkedin.com/in/jakub-sobek-b9b060159,EU,Meiller,True,True,ConstructionEquipmentMarket,2025-07-03
Marco,Rostagno,marco.rostagno@merlo.com,Project Manager Electronics R&D,https://www.linkedin.com/in/marco-rostagno-35778819,US,Merlo,True,True,ConstructionEquipmentMarket,2025-07-03
Patrick,Dubreuille,p.dubreuille@metalliance-tsi.com,Directeur général,https://www.linkedin.com/in/patrick-dubreuille-3100244a,EU,METALLIANCE,True,True,ConstructionEquipmentMarket,2025-07-03
Steve,Filipov,s.filipov@metalliance-tsi.com,Chief Executive Officer,https://www.linkedin.com/in/steve-filipov-4709679,US,METALLIANCE,True,True,ConstructionEquipmentMarket,2025-07-03
Jim,Bost,jbost@midwescoind.com,President,https://www.linkedin.com/in/jim-bost-478892113,US,Midwesco,True,True,ConstructionEquipmentMarket,2025-07-03
Joe,Beffer,jbeffer@midwescoind.com,President/CEO,https://www.linkedin.com/in/joe-beffer-6974a6112,US,Midwesco,True,True,ConstructionEquipmentMarket,2025-07-03
Todd,Jurjevic,tjurjevic@minnich-mfg.com,President / CSO / CFO,https://www.linkedin.com/in/todd-jurjevic-7975931a,US,Minnich,True,True,ConstructionEquipmentMarket,2025-07-03
Michelle,Nelson,michelle@mkequipment.com,President,https://www.linkedin.com/in/michelle-nelson-bb894b165,US,MK Equipment,True,True,ConstructionEquipmentMarket,2025-07-03
Bartosz,Samburski,bartosz.samburski@mobilserwis.com.pl,Project Manager,https://www.linkedin.com/in/bartosz-samburski-a88063146,EU,Mobil Serwis,True,True,ConstructionEquipmentMarket,2025-07-03
Doug,Fierce,doug.fierce@modernusa.com,Chief Operating Officer,https://www.linkedin.com/in/doug-fierce-3ab893a0,US,Modern,True,True,ConstructionEquipmentMarket,2025-07-03
Matt,Fehr,matt@mtcequipment.net,Owner,https://www.linkedin.com/in/matt-fehr-0444806b,US,ReadyDig,True,True,ConstructionEquipmentMarket,2025-07-03
Loren,Fehr,loren@mtcequipment.net,Founder,https://www.linkedin.com/in/loren-fehr-08045a249,US,ReadyDig,True,True,ConstructionEquipmentMarket,2025-07-03
Oxiel,Ballini,oballini@mtk.cl,Construction Product Manager,https://www.linkedin.com/in/oxiel-ballini-952ab485,US,MTK,True,True,ConstructionEquipmentMarket,2025-07-03
Francisco,Lambert,flambert@mtk.cl,Jefe de producto,https://www.linkedin.com/in/francisco-javier-lambert-29324384,US,MTK,True,True,ConstructionEquipmentMarket,2025-07-03
Scott,Oliver,soliver@multiquip.com,Director of Supply Chain - Power Equipment,https://www.linkedin.com/in/scott-oliver-920b2020,US,Multiquip,True,True,ConstructionEquipmentMarket,2025-07-03
Justin,Goodwyn,justing@myhayden.com,Lead Product Support,https://www.linkedin.com/in/justin-goodwyn-4a28a3104,US,Hayden,True,True,ConstructionEquipmentMarket,2025-07-03
Dickey,Bromley,dbromley@natcap.com,BRANCH MANAGER,https://www.linkedin.com/in/dickey-bromley-9374b824,US,National Capital,True,True,ConstructionEquipmentMarket,2025-07-03
Vermeulen,Frank,frank@neargrid.solutions,Founder,https://www.linkedin.com/in/frank-vermeulen-sustainable,EU,Neargrid,True,True,ConstructionEquipmentMarket,2025-07-03
Bart,Meersman,bart@neargrid.solutions,Director & Co-Founder,https://www.linkedin.com/in/bmeersmn,EU,Neargrid,True,True,ConstructionEquipmentMarket,2025-07-03
Thomas,Roller,roller@nedo.com,Produktentwicklung,https://www.linkedin.com/in/thomas-roller-10098b10a,EU,Nedo,True,True,ConstructionEquipmentMarket,2025-07-03
Simone,Manfredini,smanfredini@nexthydraulics.com,Export Manager,https://www.linkedin.com/in/simone-manfredini-b0440a3,US,Next Hydraulics,True,True,ConstructionEquipmentMarket,2025-07-03
Stefano,Pardini,spardini@nexthydraulics.com,Technical Director,https://www.linkedin.com/in/stefano-pardini-74802841,US,Next Hydraulics,True,True,ConstructionEquipmentMarket,2025-07-03
Rafael,Welter,rafael.welter@nextrental.com.br,Gerente Corporativo de Operações,https://www.linkedin.com/in/rafaelwelter1985,US,Next Rental,True,True,ConstructionEquipmentMarket,2025-07-03
Steve,Dubose,steve.dubose@nlt.com,Director of Strategy,https://www.linkedin.com/in/stevedubose,US,National Lift Truck,True,True,ConstructionEquipmentMarket,2025-07-03
Michael,Green,mgreen@novibes.com,Director Of Engineering And Operations,https://www.linkedin.com/in/michael-green-10841a24,US,Tech Products,True,True,ConstructionEquipmentMarket,2025-07-03
Sarfraz,Ghaus,sarfraz@nrsas.com,Managing Director,https://www.linkedin.com/in/sarfraz-ghaus-0759892a,US,NRS,True,True,ConstructionEquipmentMarket,2025-07-03
Luca,Francesconi,luca.francesconi@omec.it,Tecnico dell’organizzazione e della gestione dei fattori produttivi,https://www.linkedin.com/in/luca-francesconi-01638b13b,US,OMEC,True,True,ConstructionEquipmentMarket,2025-07-03
Alex,Bordi,alex.bordi@omec.it,Key Account Manager,https://www.linkedin.com/in/alex-bordi-a3693a61,US,OMEC,True,True,ConstructionEquipmentMarket,2025-07-03
Francisco,Diaz,fdiaz@opein.com,Responsable de Productos,https://www.linkedin.com/in/francisco-m-diaz-a814b0149,EU,Opein,True,True,ConstructionEquipmentMarket,2025-07-03
Stefan,Shaw,stefan@optimoil.co.uk,Director,https://www.linkedin.com/in/stefan-shaw-bb7194121,EU,OptimOil,True,True,ConstructionEquipmentMarket,2025-07-03
Lance,Shaw,lance@optimoil.co.uk,Director,https://www.linkedin.com/in/lance-shaw-927b63227,EU,OptimOil,True,True,ConstructionEquipmentMarket,2025-07-03
Gedge,Knopf,gedge@oxboinc.com,Vice President of Project Development,https://www.linkedin.com/in/gedge-knopf-6b8316114,US,Oxbo,True,True,ConstructionEquipmentMarket,2025-07-03
Nicolas,Voirin,n.voirin@paname-tp.fr,Directeur commercial Grand Paris,https://www.linkedin.com/in/nicolas-voirin-a38806232,EU,PANAME,True,True,ConstructionEquipmentMarket,2025-07-03
Abhishek,Tanwar,abhishek@partsformachines.com,Co-Founder - Managing Director,https://www.linkedin.com/in/abhishek-tanwar-b0425621,EU,PartsForMachines,True,True,ConstructionEquipmentMarket,2025-07-03
Ken,Rudenski,krudenski@peedequipment.com,Field Operations Manager,https://www.linkedin.com/in/ken-rudenski-5bb590121,US,Peed Equipment,True,True,ConstructionEquipmentMarket,2025-07-03
David,Peed,dpeed@peedequipment.com,President,https://www.linkedin.com/in/david-peed-63507765,US,Peed Equipment,True,True,ConstructionEquipmentMarket,2025-07-03
Fabio,Gasparato,fabio.gasparato@peri-polytech.com,Purchasing Strategy Specialist,https://www.linkedin.com/in/fabio-gasparato-71886a98,US,POLYTECH,True,True,ConstructionEquipmentMarket,2025-07-03
William,Gatti,william.gatti@peri-polytech.com,Ceo,https://www.linkedin.com/in/william-gatti-32053314,US,Polytech,True,True,ConstructionEquipmentMarket,2025-07-03
Ezsias,Miklos,ezsias.miklos@peri.hu,MD,https://www.linkedin.com/in/ezsias-miklos-11611744,EU,PERI,True,True,ConstructionEquipmentMarket,2025-07-03
Péter,Juhász,peter.juhasz@peri.hu,Senior Design Engenier,https://www.linkedin.com/in/péter-juhász-1aa066306,EU,PERI,True,True,ConstructionEquipmentMarket,2025-07-03
Ralph,Koehorst,rk@pfeifermachinery.com,Owner,https://www.linkedin.com/in/ralph-koehorst-a10aa44,EU,Pfeifer,True,True,ConstructionEquipmentMarket,2025-07-03
Mike,Fetsko,mfetsko@pioneersolutionsllc.com,Senior Engineer,https://www.linkedin.com/in/mike-fetsko-824796a,US,Pioneer Solutions,True,True,ConstructionEquipmentMarket,2025-07-03
Karmen,Doblanovic,karmen@pipelineplanthire.com.au,Operations Manager,https://www.linkedin.com/in/karmen-doblanovic-9ab95833,US,Pipeline Plant Hire,True,True,ConstructionEquipmentMarket,2025-07-03
Matt,Bennetto,matt.bennetto@pluspumps.au,Managing Director,https://www.linkedin.com/in/matt-bennetto-a580a899,US,Plus Pumps,True,True,ConstructionEquipmentMarket,2025-07-03
Giles,Potter,giles@potterplanthire.co.uk,Managing Director,https://www.linkedin.com/in/giles-potter-36279260,EU,Potter Plant Hire,True,True,ConstructionEquipmentMarket,2025-07-03
Trent,Rosa,trent@prestonhire.com.au,Business Development Professional,https://www.linkedin.com/in/trent-rosa-627614157,US,Preston Hire,True,True,ConstructionEquipmentMarket,2025-07-03
Markus,Preston,markus@prestonhire.com.au,Chief Executive Officer,https://www.linkedin.com/in/markus-preston-b240101a,US,Preston Hire,True,True,ConstructionEquipmentMarket,2025-07-03
David,Pozgay,david.pozgay@prodrivenbrands.com,Senior Director Product Engineering - WERNER,https://www.linkedin.com/in/davidpozgay,US,ProDriven Brands,True,True,ConstructionEquipmentMarket,2025-07-03
Sherwin,Galang,sherwin.galang@prodrivenbrands.com,Team Lead/Senior Product Design Engineer,https://www.linkedin.com/in/sherwin-galang-73151797,US,ProDriven Brands,True,True,ConstructionEquipmentMarket,2025-07-03
Lea,Collins,lea.collins@prolec.co.uk,Sales and Operations Director,https://www.linkedin.com/in/lea-collins-967a68ab,EU,Prolec,True,True,ConstructionEquipmentMarket,2025-07-03
Nigel,Shaw,nigel.shaw@prolec.co.uk,Managing Director,https://www.linkedin.com/in/nigel-shaw-6653365,EU,Prolec,True,True,ConstructionEquipmentMarket,2025-07-03
Saul,Esquivel,sesquivel@qmccranes.com,Materials Manager,https://www.linkedin.com/in/saul-esquivel-525598a4,US,QMC,True,True,ConstructionEquipmentMarket,2025-07-03
Rick,Carlei,rickc@quattrolifts.com,Owner,https://www.linkedin.com/in/rick-carlei-25218569,US,Quattrolifts,True,True,ConstructionEquipmentMarket,2025-07-03
Rishabh,Aggarwal,rishabh@raiserobotics.ai,CTO,https://www.linkedin.com/in/rishabh-aggarwal-8222b2a1,US,Raise Robotics,True,True,ConstructionEquipmentMarket,2025-07-03
Erik,Bengtsson,erik.bengtsson@ramirent.com,Group Chief Executive Officer,https://www.linkedin.com/in/erik-bengtsson-48a32a5,EU,Ramirent,True,True,ConstructionEquipmentMarket,2025-07-03
Jarno,Piiroinen,jarno.piiroinen@ramirent.fi,Development Specialist,https://www.linkedin.com/in/jarno-piiroinen-5baab2198,EU,Ramirent,True,True,ConstructionEquipmentMarket,2025-07-03
Sami,Metso,sami.metso@ramirent.fi,Product Manager,https://www.linkedin.com/in/sami-metso-283a8272,EU,Ramirent,True,True,ConstructionEquipmentMarket,2025-07-03
Aleksander,Greiner,aleksander.greiner@ramirent.pl,Dyrektor Regionu / Regional Manager,https://www.linkedin.com/in/aleksander-greiner,EU,Ramirent,True,True,ConstructionEquipmentMarket,2025-07-03
Michael,Mettler,mike@rankinequipment.com,Marketing Manager,https://www.linkedin.com/in/michaelconradmettler,US,Rankin Equipment,True,True,ConstructionEquipmentMarket,2025-07-03
Jacco,Hartkoorn,jacco@rds.eu,Regional Manager,https://www.linkedin.com/in/jacco-hartkoorn-514a17110,EU,RDS,True,True,ConstructionEquipmentMarket,2025-07-03
Morten,Dahl,morten.dahl@renta.no,COO -Chief Operating Officer -Driftsdirektør,https://www.linkedin.com/in/morten-dahl-327a555b,EU,Renta,True,True,ConstructionEquipmentMarket,2025-07-03
Kenneth,Folkvord,kenneth.folkvord@rental.one,Innkjøpssjef,https://www.linkedin.com/in/kenneth-folkvord-88b14b85,EU,Rental.one,True,True,ConstructionEquipmentMarket,2025-07-03
Espen,Goud,espen.goud@rentalgroup.no,Managing Director - Rental Group Trading AS/BV,https://www.linkedin.com/in/espen-goud-768a13a7,EU,Rental Group,True,True,ConstructionEquipmentMarket,2025-07-03
Mantas,Sakalauskas,mantas.sakalauskas@rentway.pro,Head of Sales,https://www.linkedin.com/in/mantas-sakalauskas-06a337106,EU,Rentway,True,True,ConstructionEquipmentMarket,2025-07-03
Marco,Horst,marco.horst@reschke-gmbh.de,Geschäftsführer (CTO),https://www.linkedin.com/in/marco-horst-447846165,EU,Reschke,True,True,ConstructionEquipmentMarket,2025-07-03
Bryan,Datema,bdatema@revolutionmixers.com,"EVP - Enginnering, Innovation, and Product Performance",https://www.linkedin.com/in/bryan-datema-4883b219,US,Revolution,True,True,ConstructionEquipmentMarket,2025-07-03
Clint,Glunz,cglunz@revolutionmixers.com,Chief Engineer,https://www.linkedin.com/in/clint-glunz-9a7652a,US,Revolution,True,True,ConstructionEquipmentMarket,2025-07-03
Tony,Morgan,tony@rhclifting.com,Director,https://www.linkedin.com/in/tony-morgan-24a344207,EU,RHC Lifting,True,True,ConstructionEquipmentMarket,2025-07-03
David,Courtney,david@rhclifting.com,South West Regional Manager,https://www.linkedin.com/in/djcourtney,EU,RHC Lifting,True,True,ConstructionEquipmentMarket,2025-07-03
Josip,Jurjević,josip.jurjevic@riwal.com,Commercial Manager Slovenia/Croatia,https://www.linkedin.com/in/josip-jurjević-ab795957,EU,Riwal,True,True,ConstructionEquipmentMarket,2025-07-03
Chris,Thorne,chris.thorne@rmsrail.com.au,General Manager,https://www.linkedin.com/in/chris-thorne-143112129,US,RMS Rail,True,True,ConstructionEquipmentMarket,2025-07-03
Eric,Compton,eric@robocontech.com,President,https://www.linkedin.com/in/eric-compton-p-e-6681a418,US,Robotic Construction,True,True,ConstructionEquipmentMarket,2025-07-03
Michał,Miziewicz,m.miziewicz@romgos.pl,"Prokurent, Dyrektor Operacyjny COO",https://www.linkedin.com/in/michał-miziewicz-45b89ba0,EU,Romgos,True,True,ConstructionEquipmentMarket,2025-07-03
Ryan,Delargey,ryan@rpiequipment.com,Vice President,https://www.linkedin.com/in/rdelargey,US,RPI Equipment,True,True,ConstructionEquipmentMarket,2025-07-03
Adam,Greenberg,adam@rubbl.com,Co-Founder|CEO,https://www.linkedin.com/in/adam-greenberg-268406194,US,Rubbl,True,True,ConstructionEquipmentMarket,2025-07-03
Evan,G,evan@rubbl.com,President,https://www.linkedin.com/in/evan-g-9a5aba41,US,Rubbl,True,True,ConstructionEquipmentMarket,2025-07-03
Jonathan,Guest,j.guest@safetyshieldglobal.com,CEO,https://www.linkedin.com/in/jonathan-guest-90415534,EU,Safety Shield,True,True,ConstructionEquipmentMarket,2025-07-03
Hayden,Kibble,hayden.kibble@safetyshieldglobal.com,Chief Technology Officer,https://www.linkedin.com/in/haydenkibble,EU,Safety Shield,True,True,ConstructionEquipmentMarket,2025-07-03
Warrick,Howard,warrick@sawyermfg.com,International Sales Director,https://www.linkedin.com/in/warrick-howard-85063647,EU,Sawyer,True,True,ConstructionEquipmentMarket,2025-07-03
Dave,Hembree,dave@sawyermfg.com,President,https://www.linkedin.com/in/davehembree,US,Sawyer Mfg,True,True,ConstructionEquipmentMarket,2025-07-03
Mathieu,Tapp,mtapp@sharrowlifting.com,President,https://www.linkedin.com/in/mathieu-tapp-593b5115,US,Sharrow Lifting,True,True,ConstructionEquipmentMarket,2025-07-03
Peter,Hogan,phogan@sheedycrane.com,CFO,https://www.linkedin.com/in/peter-hogan-7302831b,US,Sheedy Drayage,True,True,ConstructionEquipmentMarket,2025-07-03
Jim,Butler,jbutler@sheedycrane.com,Executive Vice President,https://www.linkedin.com/in/jim-butler-8bb83a78,US,Sheedy,True,True,ConstructionEquipmentMarket,2025-07-03
Anderson,Abreu,anderson.abreu@simakrent.com,Diretor Presidente,https://www.linkedin.com/in/anderson-abreu-56b58213,US,Simak Rent,True,True,ConstructionEquipmentMarket,2025-07-03
Raymond,Li,raymond@sinoboom.com.cn,高级产品经理 Senior Product Manager,https://www.linkedin.com/in/raymond-li-143877159,US,Sinoboom,True,True,ConstructionEquipmentMarket,2025-07-03
Steve,Guo,steve@sinoboom.com.cn,全球市场总监兼灯塔产品线总经理,https://www.linkedin.com/in/steve-guo-832aa0124,US,Sinoboom,True,True,ConstructionEquipmentMarket,2025-07-03
Flavio,Padilla,flavio.padilla@sistermi.com.br,Gerente de contratos,https://www.linkedin.com/in/flavio-padilla-66053752,US,Sistermi,True,True,ConstructionEquipmentMarket,2025-07-03
Robert,Oberstar,rob@smartscaff.com.au,Managing Director,https://www.linkedin.com/in/robert-oberstar-aa96b8209,US,SmartScaff,True,True,ConstructionEquipmentMarket,2025-07-03
Svein,Lekven,svein.lekven@smartutleie.no,"Daglig leder/Managing Director, Co-Owner",https://www.linkedin.com/in/svein-kristian-lekven-8809b63b,EU,Smart Utleie,True,True,ConstructionEquipmentMarket,2025-07-03
Colleen,Godfrey,colleen@smithchallenger.com,Purchasing Manager,https://www.linkedin.com/in/colleen-godfrey-013256273,US,Smith Challenger,True,True,ConstructionEquipmentMarket,2025-07-03
Rolando,Amador,rolando@socalequipmentrepair.com,President,https://www.linkedin.com/in/rolando-amador-b8b3678a,US,So Cal Equipment Repair,True,True,ConstructionEquipmentMarket,2025-07-03
Mark,Bobo,bobo@soundheavymachinery.com,President,https://www.linkedin.com/in/mark-bobo-2a846a1,US,Sound Heavy Machinery,True,True,ConstructionEquipmentMarket,2025-07-03
Nathan,Dod,nathan@speedcrete.co.uk,Director,https://www.linkedin.com/in/nathan-dod-2945561b,EU,Speedcrete,True,True,ConstructionEquipmentMarket,2025-07-03
Ryan,Adamo,ryana@starrentals.com,Oregon Region Manager,https://www.linkedin.com/in/ryan-adamo-51562939,US,Star Rentals,True,True,ConstructionEquipmentMarket,2025-07-03
Vojtěch,Nyeste,nyeste@staves.cz,Regional Product Manager,https://www.linkedin.com/in/vojtěch-nyeste-949165194,EU,Staves,True,True,ConstructionEquipmentMarket,2025-07-03
Aquilino,Raimundo,ar@strukturas.no,Bridge Building Equipment,https://www.linkedin.com/in/aquilino-raimundo,US,Strukturas,True,True,ConstructionEquipmentMarket,2025-07-03
Yasuaki,Kishimoto,yasuaki.kishimoto@tadano.com,"General Manager, Mobile Crane Sales Department",https://www.linkedin.com/in/yasuaki-kishimoto-44b76a106,EU,Tadano,True,True,ConstructionEquipmentMarket,2025-07-03
Kozo,Yoshida,kozo.yoshida@tadano.com,Executive Officer,https://www.linkedin.com/in/kozo-yoshida-84a98b187,EU,Tadano,True,True,ConstructionEquipmentMarket,2025-07-03
Stephen,Walker,swalker@tagmfg.us,Senior Design Engineer,https://www.linkedin.com/in/stephen-walker-770b0b205,US,Tag Manufacturing,True,True,ConstructionEquipmentMarket,2025-07-03
Ronny,Piontek,ronny.piontek@taucha-krane.de,Außendienst Deutschland West/International ; Sales Manager Germany West/International,https://www.linkedin.com/in/ronny-piontek-07a80135,EU,Taucha,True,True,ConstructionEquipmentMarket,2025-07-03
Thomas,Rieger,thomas.rieger@techne-kirow.de,General Director Transporter Division,https://www.linkedin.com/in/thomas-rieger-01334671,EU,TECHNE KIROW,True,True,ConstructionEquipmentMarket,2025-07-03
Johannes,Roewe,johannes.roewe@techne-kirow.de,Managing Director,https://www.linkedin.com/in/johannesroewe,EU,TECHNE KIROW,True,True,ConstructionEquipmentMarket,2025-07-03
Jarno,Romppanen,jarno.romppanen@tecwill.com,Chief Executive Officer,https://www.linkedin.com/in/jarno-romppanen-b7b9611,EU,Tecwill,True,True,ConstructionEquipmentMarket,2025-07-03
Jukka,Matikainen,jukka.matikainen@tecwill.com,Agent / Regional Key Account Manager,https://www.linkedin.com/in/matikainenjukka,US,Tecwill,True,True,ConstructionEquipmentMarket,2025-07-03
Ramesh,Namani,ramesh.namani@terex.com,Sr. Design Engineer,https://www.linkedin.com/in/ramesh-namani-a7252a16,US,ADVANCE,True,True,ConstructionEquipmentMarket,2025-07-03
David,Grabner,david.grabner@terex.com,General Manager,https://www.linkedin.com/in/david-grabner-337194144,US,Advance,True,True,ConstructionEquipmentMarket,2025-07-03
Mauro,Milli,mauro.milli@tesmec.com,Regional Sales Director,https://www.linkedin.com/in/mauro-milli-469b44204,US,Tesmec,True,True,ConstructionEquipmentMarket,2025-07-03
Cristian,Mantoan,cristian.mantoan@tesmec.com,Head of Electrical/Electronic Engineering & Digitalization- Trenchers & Surface Miners,https://www.linkedin.com/in/cristian-mantoan-415351203,US,Tesmec,True,True,ConstructionEquipmentMarket,2025-07-03
Giovanni,Longari,glongari@tesya.com,ESG & Sustainability Director,https://www.linkedin.com/in/giovannilongari,US,TESYA,True,True,ConstructionEquipmentMarket,2025-07-03
Alessandra,Sodde,asodde@tesya.com,Legal and Contract Affairs Manager,https://www.linkedin.com/in/alessandra-sodde-069983bb,US,TESYA,True,True,ConstructionEquipmentMarket,2025-07-03
David,Golledge,david.golledge@thehireman.co.uk,Commercial Director,https://www.linkedin.com/in/david-golledge-99a8ab16,EU,The Hireman,True,True,ConstructionEquipmentMarket,2025-07-03
Neil,Graham,neil@thehireman.co.uk,Managing Director,https://www.linkedin.com/in/neil-graham-5763201a,EU,The Hireman,True,True,ConstructionEquipmentMarket,2025-07-03
Aymeric,Pasquier,aymeric.pasquier@tii-group.com,Managing Director / Directeur Général,https://www.linkedin.com/in/aymeric-pasquier-9aa650145,EU,TII,True,True,ConstructionEquipmentMarket,2025-07-03
Obert,Quality,quality@titan-intl.com,Quality Supervisor,https://www.linkedin.com/in/obert-quality-b3266384,US,Titan Wheel,True,True,ConstructionEquipmentMarket,2025-07-03
Josh,Zimmerman,josh@titantrusstrailers.com,Part Owner,https://www.linkedin.com/in/josh-zimmerman-4abb11226,US,Titan Truss Trailers,True,True,ConstructionEquipmentMarket,2025-07-03
Linford,Zimmerman,linford@titantrusstrailers.com,Part Owner,https://www.linkedin.com/in/linford-zimmerman-220b74282,US,Titan Truss,True,True,ConstructionEquipmentMarket,2025-07-03
Kurt,Niederpruem,k.niederpruem@tml.de,"President, TML Americas, Inc.",https://www.linkedin.com/in/kurtniederpruem,US,TML,True,True,ConstructionEquipmentMarket,2025-07-03
Humberto,Peixoto,humberto@trimak.com.br,Diretor técnico,https://www.linkedin.com/in/humberto-l-peixoto-jr-53a59b12,US,Trimak,True,True,ConstructionEquipmentMarket,2025-07-03
Mattia,Zorzolo,zorzolo@trime.it,Research And Development Manager,https://www.linkedin.com/in/mattia-zorzolo-79b45727b,US,Trime,True,True,ConstructionEquipmentMarket,2025-07-03
Helder,Silva,hsilva@urmaquinas.com,Diretor comercial,https://www.linkedin.com/in/helder-silva-0b428710b,US,Urmáquinas,True,True,ConstructionEquipmentMarket,2025-07-03
David,Franke,david.franke@conbotics.com,Co-Founder,https://www.linkedin.com/in/david-franke-2b68071b0,EU,ConBotics,True,True,ConstructionEquipmentMarket,2025-07-03
Kevin,Kitchen,kkitchen@crommelins.com.au,Nation Products Manager,https://www.linkedin.com/in/kevin-kitchen-140b5991,US,Crommelins,True,True,ConstructionEquipmentMarket,2025-07-03
Emerzon,Sunun,esunun@crosscountryis.com,Senior Corporate Buyer,https://www.linkedin.com/in/emerzon-sunun-012479194,US,Cross Country,True,True,ConstructionEquipmentMarket,2025-07-03
Steve,Miner,sminer@crosscountryis.com,Director of Pipeline Equipment and Service,https://www.linkedin.com/in/steve-miner-8254b3b3,US,Cross Country Infrastructure Services,True,True,ConstructionEquipmentMarket,2025-07-03
Luděk,Šlajer,ludek.slajer@daftrucks.cz,"Managing Director, Subsidiary Czech Republic and Slovakia",https://www.linkedin.com/in/luděk-šlajer-980332291,EU,DAF,True,True,ConstructionEquipmentMarket,2025-07-03
Hasina,Joyce,hasina.joyce@dcpuk.com,Operations Manager,https://www.linkedin.com/in/hasina-joyce-6aab9469,EU,Dawson,True,True,ConstructionEquipmentMarket,2025-07-03
Julian,Dawson,julian.dawson@dcpuk.com,Senior Consultant,https://www.linkedin.com/in/julian-dawson-32889b316,EU,Dawson,True,True,ConstructionEquipmentMarket,2025-07-03
Benjamin,Price,benjamin.price@deepx.co.jp,Advisor,https://www.linkedin.com/in/benpricedev,EU,DeepX,True,True,ConstructionEquipmentMarket,2025-07-03
Bernd,Kress,bernd.kress@desoi.de,Technischer Vertrieb,https://www.linkedin.com/in/bernd-kress-5b323194,EU,DESOI,True,True,ConstructionEquipmentMarket,2025-07-03
Heiko,Dimmerling,heiko.dimmerling@desoi.de,Leitung Maschinenbau,https://www.linkedin.com/in/heiko-dimmerling-371761177,EU,DESOI,True,True,ConstructionEquipmentMarket,2025-07-03
Jack,Mey,jack@drammenlift.no,Head of underbridge department,https://www.linkedin.com/in/jack-willem-van-der-mey-a08717105,EU,Drammen Lift,True,True,ConstructionEquipmentMarket,2025-07-03
Bartosz,Kubicki,bartosz.kubicki@drial.pl,Managing Director,https://www.linkedin.com/in/bartosz-kubicki-34827023,EU,Drial,True,True,ConstructionEquipmentMarket,2025-07-03
Laxmikant,Kendre,laxmikant.kendre@dynapac.com,Sourcing Manager,https://www.linkedin.com/in/laxmikant-kendre-75a61b16,US,Dynapac,True,True,ConstructionEquipmentMarket,2025-07-03
Sean,Breen,sean.breen@ecovolve.eu,Managing Director,https://www.linkedin.com/in/sean-breen-6b718810b,EU,Ecovolve,True,True,ConstructionEquipmentMarket,2025-07-03
Elena,E,elena@emico.es,Dirección de Compras y Aprovisionamientos // Purchasing and Supplies Direction,https://www.linkedin.com/in/elena-e-93209b139,EU,Emico,True,True,ConstructionEquipmentMarket,2025-07-03
José,López del Pozo,jose@emico.es,"Director de Compras, Calidad, Seguridad",https://www.linkedin.com/in/joseramonlopezdelpozo,EU,Emico,True,True,ConstructionEquipmentMarket,2025-07-03
Loraine,Jimenez,ljimenez@equimax.com.do,Oficial de Cumplimiento,https://www.linkedin.com/in/loraine-jimenez-fiba-amlca-99406b185,US,EQUIMAX,True,True,ConstructionEquipmentMarket,2025-07-03
Maikel,Echevarria,maikel@equipzilla.com,CMO,https://www.linkedin.com/in/maikel-echevarria-860ab1109,EU,Equipzilla,True,True,ConstructionEquipmentMarket,2025-07-03
Antonio,Carrión,acarrionfernandez@eurogruas.com,Presidente,https://www.linkedin.com/in/antonio-carrión-fernández-37830465,EU,Eurogruas,True,True,ConstructionEquipmentMarket,2025-07-03
Henric,Skarp,henric.skarp@excidor.se,CTO,https://www.linkedin.com/in/henric-skarp-67734482,EU,Excidor,True,True,ConstructionEquipmentMarket,2025-07-03
Simon,Stagg,simon@fairfaxplanthire.co.uk,Group Engineering Manager,https://www.linkedin.com/in/simon-stagg-39aa026a,EU,Fairfax Plant Hire,True,True,ConstructionEquipmentMarket,2025-07-03
Corrado,Valsecchi,corrado.valsecchi@fassi.com,Group CPO at FASSI Group,https://www.linkedin.com/in/corrado-valsecchi-84b87229,US,Fassi,True,True,ConstructionEquipmentMarket,2025-07-03
Lorenzo,Trapletti,lorenzo.trapletti@fassi.com,Engineering Project Manager,https://www.linkedin.com/in/lorenzo-trapletti-0207b3228,US,Fassi,True,True,ConstructionEquipmentMarket,2025-07-03
Rick,Neurohr,rneurohr@federalsignal.com,Southeast Regional Sales Manager,https://www.linkedin.com/in/rick-neurohr-71618137,US,Federal Signal,True,True,ConstructionEquipmentMarket,2025-07-03
Matthew,Gladen,matt@fescodirect.com,Managing Partner,https://www.linkedin.com/in/matthewgladen,US,FESCO Direct,True,True,ConstructionEquipmentMarket,2025-07-03
Caroline,Courtney,caroline.courtney@fleetwatcher.com,Senior Software Engineering Manager,https://www.linkedin.com/in/carolinecourtney,US,FleetWatcher,True,True,ConstructionEquipmentMarket,2025-07-03
Adam,Harshman,adam.harshman@fleetwatcher.com,President,https://www.linkedin.com/in/adam-harshman-361a8666,US,FleetWatcher,True,True,ConstructionEquipmentMarket,2025-07-03
Eshwar,Shiwdin,eshiwdin@fmlgy.com,Assistant Manager,https://www.linkedin.com/in/eshwar-shiwdin-043865105,US,Farfan & Mendes,True,True,ConstructionEquipmentMarket,2025-07-03
Harry,Murphy,harry@fourwingscranes.com,Managing Director,https://www.linkedin.com/in/harry-murphy-a8865533,US,Four Wings Cranes,True,True,ConstructionEquipmentMarket,2025-07-03
Jos,Van Son,jos@frd.eu,Managing director and CEO,https://www.linkedin.com/in/jos-van-son-4942a262,EU,Furukawa Rock Drill,True,True,ConstructionEquipmentMarket,2025-07-03
Adolf,Wender,a.wender@geda.de,Divisional Sales Manager,https://www.linkedin.com/in/wender-adolf-0009378a,EU,GEDA,True,True,ConstructionEquipmentMarket,2025-07-03
Florian,Waller,f.waller@geda.de,Area Sales Manager,https://www.linkedin.com/in/florianwaller,EU,GEDA,True,True,ConstructionEquipmentMarket,2025-07-03
Lauren,Taylor,lauren.taylor@georgeroberts.com,Compliance Officer,https://www.linkedin.com/in/lauren-taylor-5869121b6,EU,George Roberts,True,True,ConstructionEquipmentMarket,2025-07-03
Jonathan,Swanepoel,jonathan.swanepoel@georgeroberts.com,External Hire & Sales Executive,https://www.linkedin.com/in/jonathan-swanepoel-366089198,EU,George Roberts,True,True,ConstructionEquipmentMarket,2025-07-03
Mario,Frauscher,mario.frauscher@geraete.com,Einkaufsleiter,https://www.linkedin.com/in/mario-frauscher-53005a41,EU,GT,True,True,ConstructionEquipmentMarket,2025-07-03
Kun,Jiang,kjiang@ghcranes.com,Sales Engineering Manager,https://www.linkedin.com/in/kun-jiang-471a8129,US,GH Cranes,True,True,ConstructionEquipmentMarket,2025-07-03
Johan,Roubatel,johan.roubatel@ghsa.ch,Responsable technique,https://www.linkedin.com/in/johan-roubatel-748038104,EU,GH,True,True,ConstructionEquipmentMarket,2025-07-03
Damien,Gill,damien@gillplant.com,Managing Director,https://www.linkedin.com/in/damien-gill-b95470136,EU,Gill Plant,True,True,ConstructionEquipmentMarket,2025-07-03
Brian,Sexton,brian@gkhire.ie,Operations Manager,https://www.linkedin.com/in/brian-sexton-64abb6187,EU,GK Hire,True,True,ConstructionEquipmentMarket,2025-07-03
Jerome,Cunnane,jerome@gkhire.ie,M.D.,https://www.linkedin.com/in/jerome-cunnane-6781464b,EU,GK Hire,True,True,ConstructionEquipmentMarket,2025-07-03
Matej,Weissenbach,mweissenbach@globexgroup.eu,Product Manager,https://www.linkedin.com/in/matej-weissenbach-84ba7775,EU,Globex,True,True,ConstructionEquipmentMarket,2025-07-03
Javier,Fernández-Catuxo,javier@uromac.com,MANAGING DIRECTOR,https://www.linkedin.com/in/javier-fernández-catuxo-garcía-8a31b2122,EU,UROMAC,True,True,ConstructionEquipmentMarket,2025-07-03
Paolo,Balugani,paolo.balugani@valla.com,Chief Executive Officer,https://www.linkedin.com/in/paolo-balugani-5a7b5a50,US,Valla,True,True,ConstructionEquipmentMarket,2025-07-03
Luca,Ottola,luca.ottola@valla.com,Responsabile di officina e R&D,https://www.linkedin.com/in/luca-ottola-824ab534,US,Valla,True,True,ConstructionEquipmentMarket,2025-07-03
Carl,Vandaele,vandaele@vandaele-rental.be,Managing Director,https://www.linkedin.com/in/carl-vandaele-341736,EU,Vandaele Rental,True,True,ConstructionEquipmentMarket,2025-07-03
Koen,Ciers,koen@vandaele-rental.be,Managing Director,https://www.linkedin.com/in/cierskoen,EU,Vandaele Rental,True,True,ConstructionEquipmentMarket,2025-07-03
Bastiaan,Hulsbos,bastiaan.hulsbos@vanschie.com,Commercial Manager,https://www.linkedin.com/in/bastiaan-hulsbos-1097537,EU,Van Schie,True,True,ConstructionEquipmentMarket,2025-07-03
Gerard,Van Schie,gerard.vanschie@vanschie.com,Directeur,https://www.linkedin.com/in/gerardvanschie,EU,Van Schie,True,True,ConstructionEquipmentMarket,2025-07-03
Klaas,Beets,klaas@vantunen.nl,Manager,https://www.linkedin.com/in/klaas-beets-423a67b7,EU,Van Tunen,True,True,ConstructionEquipmentMarket,2025-07-03
Elliott,Harvey,eharvey@verotouch.com,Chief Engineer,https://www.linkedin.com/in/elliott-harvey-p-e-06932bab,US,VeroTouch,True,True,ConstructionEquipmentMarket,2025-07-03
Joseph,Vigier,jvigier@vizioncrane-is.com,President,https://www.linkedin.com/in/josephvigier,US,Vizion Crane,True,True,ConstructionEquipmentMarket,2025-07-03
Victoria,Chateigner,v.chateigner@vlok.fr,Responsable achats,https://www.linkedin.com/in/victoria-chateigner-536342107,EU,VLOK,True,True,ConstructionEquipmentMarket,2025-07-03
Joe,Delgado,joe@voellermixers.com,Engineering manager,https://www.linkedin.com/in/joe-delgado-61a20636,US,Voeller Mixers,True,True,ConstructionEquipmentMarket,2025-07-03
Ted,Burbach,ted@voellermixers.com,President,https://www.linkedin.com/in/ted-burbach-8b102140,US,Voeller Mixers,True,True,ConstructionEquipmentMarket,2025-07-03
Dana,Hook,dana.hook@vollert.de,Executive Sales Director North America,https://www.linkedin.com/in/dana-hook-996b408b,US,Vollert,True,True,ConstructionEquipmentMarket,2025-07-03
Assis,Tavares,assis.tavares@vrental.com.br,CEO,https://www.linkedin.com/in/assis-tavares-a148b8133,US,VRental,True,True,ConstructionEquipmentMarket,2025-07-03
Felipe,Pena,felipe.pena@vrental.com.br,Director,https://www.linkedin.com/in/felipe-pena-64952834,US,VRental,True,True,ConstructionEquipmentMarket,2025-07-03
Paul,Leurs,pleurs@vwml.nl,Hoofd bouwplaatsinrichting,https://www.linkedin.com/in/paul-leurs-15847349,EU,VolkerWessels,True,True,ConstructionEquipmentMarket,2025-07-03
Ivo,Agricola,iagricola@vwml.nl,Hoofd Conceptontwikkeling Bouwlogistiek,https://www.linkedin.com/in/ivo-agricola-474705a9,EU,VolkerWessels,True,True,ConstructionEquipmentMarket,2025-07-03
Martin,Ashworth,martin@winget.co.uk,Commercial Manager,https://www.linkedin.com/in/martin-ashworth-9aa8a937,EU,Winget,True,True,ConstructionEquipmentMarket,2025-07-03
Julio,Castro,julio@wymaq.com,CTO,https://www.linkedin.com/in/jecastro,US,Wymaq,True,True,ConstructionEquipmentMarket,2025-07-03
Martin,Gomez,martin@wymaq.com,Co Founder,https://www.linkedin.com/in/martin-santiago-gomez-577b561a,US,Wymaq,True,True,ConstructionEquipmentMarket,2025-07-03
Andrew,Theobald,andrew.theobald@yellowironfleet.com.au,Project Manager,https://www.linkedin.com/in/andrew-theobald-9a616644,US,Yellow Iron Fleet,True,True,ConstructionEquipmentMarket,2025-07-03
Tony,Peterson,tony.peterson@yellowironfleet.com.au,Project Manager,https://www.linkedin.com/in/anthonytonypeterson-1251b444,US,Yellow Iron Fleet,True,True,ConstructionEquipmentMarket,2025-07-03
Inna,Fudar,inna.fudar@zeppelin.com,Product Support Manager,https://www.linkedin.com/in/inna-fudar-0499b216b,EU,Zeppelin,True,True,ConstructionEquipmentMarket,2025-07-03
Armin,Schabert,armin.schabert@zeppelin.com,Head of Legal & Compliance,https://www.linkedin.com/in/dr-armin-schabert-929a0743,EU,Zeppelin,True,True,ConstructionEquipmentMarket,2025-07-03
Gavin,Duffy,gavin.duffy@zeromachine.co.uk,Chief Technical Officer,https://www.linkedin.com/in/gavin-duffy-72276492,EU,Zeromachine,True,True,ConstructionEquipmentMarket,2025-07-03
