First Name,Last Name,Email,Job Title,LinkedIn,Timezone - Lead,Company,Is_Valid_Email,Is_Valid_LinkedIn,Source_File,Date_Processed
Alexander,Kipfelsberger,alexander.kipfelsberger@alkitronic.com,Managing Director,https://www.linkedin.com/in/alexander-kipfelsberger-8a3062182,EU,alkitronic,True,True,CordlessPowerToolsMarket,2025-07-03
Andrius,Čekanavičius,andrius@verkter.com,Chief Commercial Officer (CCO),https://www.linkedin.com/in/andrius-čekanavičius-a8828a13,EU,Verkter,True,True,CordlessPowerToolsMarket,2025-07-03
Anna,Muller,anna.muller@rotopino.pl,Dyrektor ds. finansowych,https://www.linkedin.com/in/anna-muller-781a021b9,EU,Rotopino.pl,True,True,CordlessPowerToolsMarket,2025-07-03
Antonio,Jobse,antonio.jobse@makita.nl,Manager Of Operations (COO),https://www.linkedin.com/in/antoniojobse,EU,Makita,True,True,CordlessPowerToolsMarket,2025-07-03
Brentan,Smith,b.smith@totaltools.com.au,Director,https://www.linkedin.com/in/brentan-smith-112b2811a,US,Total Tools,True,True,CordlessPowerToolsMarket,2025-07-03
Bernhard,Starrach,bernhard.starrach@sautershop.de,Head Of Product Management,https://www.linkedin.com/in/bernhard-starrach-307a8018,EU,Sautershop,True,True,CordlessPowerToolsMarket,2025-07-03
Brian,Boychuk,brian@midlandtool.com,President,https://www.linkedin.com/in/brian-boychuk-903b7a26,US,Midland Tool,True,True,CordlessPowerToolsMarket,2025-07-03
Caitlin,E,caitlin@ohiopowertool.com,Purchasing Manager,https://www.linkedin.com/in/caitlin-e-022a3b132,US,Ohio Power Tool,True,True,CordlessPowerToolsMarket,2025-07-03
Carla,Nadastean,carla.nadastean@snapon.com,Delivery Director,https://www.linkedin.com/in/carla-nadastean-46067315,EU,Snap-on,True,True,CordlessPowerToolsMarket,2025-07-03
Casey,Warwick,casey.warwick@decco.co.uk,Supplier Relations Manager,https://www.linkedin.com/in/casey-warwick-9150b943,EU,Decco,True,True,CordlessPowerToolsMarket,2025-07-03
Carolyn,Dixon,cdixon@mdsupplytx.com,CEO/CFO,https://www.linkedin.com/in/carolyn-dixon-1a706219,US,Mason Dixon Supply,True,True,CordlessPowerToolsMarket,2025-07-03
Chris,James,chris.james@toolkitdepot.com.au,Commercial Manager,https://www.linkedin.com/in/chris-james-79847748,US,Tool Kit Depot,True,True,CordlessPowerToolsMarket,2025-07-03
Christian,Neuner,christian.neuner@flex-tools.com,CEO/Vorsitzender der Geschäftsführung,https://www.linkedin.com/in/dr-christian-neuner-601a4ba,EU,FLEX,True,True,CordlessPowerToolsMarket,2025-07-03
Craig,Sanders,craig.sanders@protrade.co.uk,Managing Director,https://www.linkedin.com/in/craig-sanders-49963429,EU,Protrade,True,True,CordlessPowerToolsMarket,2025-07-03
Des,Duddy,des.duddy@protrade.co.uk,Joint Managing Director,https://www.linkedin.com/in/des-duddy-4838a3209,EU,Protrade,True,True,CordlessPowerToolsMarket,2025-07-03
Edi,Cantemir,edi.cantemir@eurotech-iasi.ro,Brand Manager,https://www.linkedin.com/in/edi-cantemir-415ba513a,EU,Eurotech,True,True,CordlessPowerToolsMarket,2025-07-03
Errol,Vas,errol@diversitech-global.com,Director Of Marketing,https://www.linkedin.com/in/errolvas,US,Diversitech,True,True,CordlessPowerToolsMarket,2025-07-03
Frédéric,Fernandes,f.fernandes@gefix.fr,Chef des ventes,https://www.linkedin.com/in/frédéric-fernandes-a6b408220,EU,GEFIX,True,True,CordlessPowerToolsMarket,2025-07-03
Greg,Hill,ghill@makita.com.au,Product Manager,https://www.linkedin.com/in/greg-hill-54980a2b7,US,Makita,True,True,CordlessPowerToolsMarket,2025-07-03
Hao,Zhang,hao.zhang@hahn-kolb.cn,合伙人,https://www.linkedin.com/in/hao-ran-zhang-3b27b7214,EU,哈恩库博,True,True,CordlessPowerToolsMarket,2025-07-03
Ineta,Matulienė,ineta@verkter.com,Chief Marketing Officer,https://www.linkedin.com/in/ineta-matulienė-031010197,EU,Verkter,True,True,CordlessPowerToolsMarket,2025-07-03
Irfan,Uz zaman,irfan@toolmarts.com,Chief Operating Officer,https://www.linkedin.com/in/irfan-uz-zaman-480ba519,US,TOOLMARTS,True,True,CordlessPowerToolsMarket,2025-07-03
Ivan,Matic,ivan.matic@einhell.ba,Director of Sales And Marketing,https://www.linkedin.com/in/ivan-matic-95a59742,EU,Einhell,True,True,CordlessPowerToolsMarket,2025-07-03
Jacek,Pereszczako,j.pereszczako@rotopino.pl,Dyrektor ds. Zakupów / Purchasing Director,https://www.linkedin.com/in/jacek-pereszczako-b35a7660,EU,Rotopino.pl,True,True,CordlessPowerToolsMarket,2025-07-03
Jason,Spadano,jason@ozito.com.au,General Manager - Technical Services,https://www.linkedin.com/in/jason-spadano-18847025,US,Ozito,True,True,CordlessPowerToolsMarket,2025-07-03
Javier,Gascon,javier@lmb-industrial.com,Owner,https://www.linkedin.com/in/javier-gascon-19b97020,US,LMB Industrial,True,True,CordlessPowerToolsMarket,2025-07-03
Jay,Amstutz,jay@ohiopowertool.com,President,https://www.linkedin.com/in/jayamstutz,US,Ohio Power Tool,True,True,CordlessPowerToolsMarket,2025-07-03
Jeremy,Jacob,jeremy@newcenturysalesinc.com,Vice Preident of Sales & Marketing,https://www.linkedin.com/in/jeremy-jacob-7107a2244,US,New Century Sales,True,True,CordlessPowerToolsMarket,2025-07-03
Jérôme,Fraix,jerome.fraix@tivoly.com,Product Manager,https://www.linkedin.com/in/jérôme-fraix-b92366151,EU,TIVOLY,True,True,CordlessPowerToolsMarket,2025-07-03
Junhoo,Lim,jlim@ozito.com.au,Product Development Engineer,https://www.linkedin.com/in/junhoo-lim-4482652b,US,Ozito,True,True,CordlessPowerToolsMarket,2025-07-03
Jp,Labbe,jp@unicoa.com,President,https://www.linkedin.com/in/jp-labbe-78479b2a3,US,Unicoa,True,True,CordlessPowerToolsMarket,2025-07-03
Jussi,Mäki,jussi@ikh.fi,Chief Commercial Officer (CCO),https://www.linkedin.com/in/jussi-mäki-70656964,EU,IKH,True,True,CordlessPowerToolsMarket,2025-07-03
Kalin,Kostov,k.kostov@onlinemashini.bg,Chief Operating Officer,https://www.linkedin.com/in/kalin-kostov-21a011b,EU,OnlineMashini.BG,True,True,CordlessPowerToolsMarket,2025-07-03
Kathleen,Gorman,kgorman@diversesupplysolutions.net,Chief Executive Officer,https://www.linkedin.com/in/kathleen-gorman-47407743,US,Diverse Supply Solutions,True,True,CordlessPowerToolsMarket,2025-07-03
Laurent,Marquet,laurent.marquet@bati-avenue.com,Directeur,https://www.linkedin.com/in/laurent-marquet-99663959,EU,Batiavenue,True,True,CordlessPowerToolsMarket,2025-07-03
Stefano,Lonati,lonati@hikoki-powertools.it,General Manager,https://www.linkedin.com/in/stefanolonati,US,HiKOKI,True,True,CordlessPowerToolsMarket,2025-07-03
Lucy,Haag,lucy.haag@rowi.de,Head of Productmanagement / Marketing,https://www.linkedin.com/in/lucy-haag-377880191,EU,ROWI,True,True,CordlessPowerToolsMarket,2025-07-03
Mari,Griffin,mari.griffin@whitecap.com,Executive Account Manager & Product Specialist,https://www.linkedin.com/in/marigriffin,US,Marvel Masonry,True,True,CordlessPowerToolsMarket,2025-07-03
Markus,Krenn,markus.krenn@krenn.de,Geschäftsführer,https://www.linkedin.com/in/markus-krenn-b59650290,EU,KRENN,True,True,CordlessPowerToolsMarket,2025-07-03
Max,Serikawa,max.serikawa@makita.nl,Managing Director,https://www.linkedin.com/in/max-serikawa-69403710b,EU,Makita,True,True,CordlessPowerToolsMarket,2025-07-03
Marios,Efthymiou,me@fournarakis.gr,Finance manager and procurement,https://www.linkedin.com/in/marios-efthymiou-aba2444a,EU,Fournarakis,True,True,CordlessPowerToolsMarket,2025-07-03
Michał,Gallewicz,mgallewicz@profix.com.pl,Sales Director for Retail Chains (DIY / FMCG),https://www.linkedin.com/in/michał-gallewicz-6b135232,EU,Profix,True,True,CordlessPowerToolsMarket,2025-07-03
Michael,Bachelet,michael.bachelet@virax.com,Directeur marketing,https://www.linkedin.com/in/michael-bachelet-028b8a163,EU,VIRAX,True,True,CordlessPowerToolsMarket,2025-07-03
Michael,Lesha,michael.lesha@h-ptech.com,Vice President,https://www.linkedin.com/in/michael-lesha-5775b531,US,H&P,True,True,CordlessPowerToolsMarket,2025-07-03
Mika,Salokangas,mika@ikh.fi,Chairman of the Board,https://www.linkedin.com/in/mika-salokangas-229aa660,EU,IKH,True,True,CordlessPowerToolsMarket,2025-07-03
Mikael,Arsovski,mikael.arsovski@wurth.se,Head of Product Management,https://www.linkedin.com/in/mikael-arsovski-a2a75477,EU,Würth,True,True,CordlessPowerToolsMarket,2025-07-03
Mila,Kostadinova,mila.kostadinova@husqvarnagroup.com,Director Business Exploration & Development,https://www.linkedin.com/in/milakostadinova,EU,Husqvarna,True,True,CordlessPowerToolsMarket,2025-07-03
Manuel,Jara,mjara@promakertools.com,Head of Business Development & Marketing,https://www.linkedin.com/in/malejandrojara,US,Promakertools,True,True,CordlessPowerToolsMarket,2025-07-03
Matt,Kent,mkent@drapertools.com,Head of Buying,https://www.linkedin.com/in/matt-kent-79883828,EU,Draper Tools,True,True,CordlessPowerToolsMarket,2025-07-03
Orestis,Fournarakis,o.fournarakis@ffgroup-toolindustries.com,General Manager,https://www.linkedin.com/in/orestis-fournarakis-a683416b,EU,FF GROUP,True,True,CordlessPowerToolsMarket,2025-07-03
Orestis,Fournarakis,orestis@fournarakis.gr,General Manager,https://www.linkedin.com/in/orestis-fournarakis-a683416b,EU,Fournarakis,True,True,CordlessPowerToolsMarket,2025-07-03
Oriol,Pinós,oriol@ibersa.com,Administrador - CEO // Dpto. Compras // Asesor Comercial,https://www.linkedin.com/in/oriolpinos,EU,Ibersa,True,True,CordlessPowerToolsMarket,2025-07-03
Philipp,Dorn,philipp.dorn@alkitronic.com,Director of Research & Development,https://www.linkedin.com/in/philipp-dorn-472737145,EU,alkitronic,True,True,CordlessPowerToolsMarket,2025-07-03
Piotr,Woźniak,pwozniak@profix.com.pl,Export Director,https://www.linkedin.com/in/piotr-woźniak-95a0716,EU,PROFIX,True,True,CordlessPowerToolsMarket,2025-07-03
Radosław,Fiślak,r.fislak@gtx-group.com,Product Development and Marketing Director,https://www.linkedin.com/in/radosław-fiślak-8704a412b,EU,GTX,True,True,CordlessPowerToolsMarket,2025-07-03
Ric,Mogentale,ric.mogentale@tacwise.com,International Business Director (Group),https://www.linkedin.com/in/ric-mogentale-682b8a123,EU,Tacwise,True,True,CordlessPowerToolsMarket,2025-07-03
Rob,Morgan,rob.morgan@genpower.co.uk,Group Finance Director,https://www.linkedin.com/in/rob-morgan-a8bb2515,EU,Genpower,True,True,CordlessPowerToolsMarket,2025-07-03
Ronan,Tod,rtod@drapertools.com,Head of Quality Assurance,https://www.linkedin.com/in/ronan-tod-b091b0a,EU,Draper,True,True,CordlessPowerToolsMarket,2025-07-03
Ryan,Chong,ryan@hardwarecity.com.sg,Managing Director,https://www.linkedin.com/in/ryan-chong-910b006b,US,HardwareCity,True,True,CordlessPowerToolsMarket,2025-07-03
Steve,Buckle,s.buckle@sealey.co.uk,Marketing Director,https://www.linkedin.com/in/steve-buckle-61235511a,EU,Sealey,True,True,CordlessPowerToolsMarket,2025-07-03
Stefano,Volpin,s.volpin@valex.it,Direttore Commerciale,https://www.linkedin.com/in/stefano-volpin,US,Valex,True,True,CordlessPowerToolsMarket,2025-07-03
Selma,Terzic,selma.terzic@wurth.se,Inköpschef/Head of procurement,https://www.linkedin.com/in/selma-terzic-712a9939,EU,Würth,True,True,CordlessPowerToolsMarket,2025-07-03
Simon,Humphries,simon@powertoolsdirect.com,Managing Director,https://www.linkedin.com/in/simonphumphries,EU,Power Tools Direct,True,True,CordlessPowerToolsMarket,2025-07-03
Tomasz,Adrych,t.adrych@centech.pl,Chief Technical Advisor,https://www.linkedin.com/in/tomaszadrych,EU,CenTech,True,True,CordlessPowerToolsMarket,2025-07-03
Tomasz,Urbaniak,t.urbaniak@gtx-group.com,Product Manager,https://www.linkedin.com/in/tomasz-urbaniak-7489065b,EU,GTX,True,True,CordlessPowerToolsMarket,2025-07-03
Terry,Mckeown,terry@ptctools.co.uk,Managing Director,https://www.linkedin.com/in/terry-mckeown-058369244,EU,Power Tool Centre,True,True,CordlessPowerToolsMarket,2025-07-03
Thomas,Coulter,thomas@tivoly.com,Special Project Manager,https://www.linkedin.com/in/thomas-coulter-306a7384,US,TIVOLY,True,True,CordlessPowerToolsMarket,2025-07-03
Tim,Cockayne,tim.cockayne@toolkitdepot.com.au,General Manager,https://www.linkedin.com/in/tim-cockayne-75b71a16,US,Tool Kit Depot,True,True,CordlessPowerToolsMarket,2025-07-03
Tim,Dunn,tim.dunn@tacwise.com,Director- International sales,https://www.linkedin.com/in/tim-dunn-30b75118,EU,Tacwise,True,True,CordlessPowerToolsMarket,2025-07-03
Venis,Fournarakis,v.fournarakis@ffgroup-toolindustries.com,Commercial Director,https://www.linkedin.com/in/venis-fournarakis-13b388181,EU,FF Group,True,True,CordlessPowerToolsMarket,2025-07-03
Yoan,Arnaudov,yoan@onlinemashini.bg,Chief Technology Officer,https://www.linkedin.com/in/yoanarnaudov,EU,OnlineMashini.BG,True,True,CordlessPowerToolsMarket,2025-07-03
Antoine,Laurent,antoine.laurent@afdb.fr,Directeur Administratif et Financier,https://www.linkedin.com/in/antoine-laurent-a9186b71,EU,Au Forum du Bâtiment,True,True,CordlessPowerToolsMarket,2025-07-03
Stive,Lellouche,stive.lellouche@afdb.fr,Chef d'entreprise,https://www.linkedin.com/in/stive-lellouche-a5007433,EU,Forum du Bâtiment,True,True,CordlessPowerToolsMarket,2025-07-03
Vivian,Hu,vivian.hu@clasohlson.com,Product Development Manager,https://www.linkedin.com/in/vivian-hu-613834144,US,Clas Ohlson,True,True,CordlessPowerToolsMarket,2025-07-03
Andreas,Pescht,andreas.pescht@foerch.de,Geschäftsführer,https://www.linkedin.com/in/andreas-pescht-b63996308,EU,Theo Förch,True,True,CordlessPowerToolsMarket,2025-07-03
James,O'rourke,james@greatstartools.com,"Group Vice President, CFO and Treasurer",https://www.linkedin.com/in/jforourkecpa,US,GreatStar Tools,True,True,CordlessPowerToolsMarket,2025-07-03
Gary,Duboff,gd@greatstartools.com,Chief Executive Officer,https://www.linkedin.com/in/garyduboff,US,GreatStar,True,True,CordlessPowerToolsMarket,2025-07-03
Chris,Kusel,chris.kusel@hilti.com,Director of Global Business Development,https://www.linkedin.com/in/chris-kusel-70134814,US,Hilti,True,True,CordlessPowerToolsMarket,2025-07-03
Katia,Hersard,katia.hersard@manomano.fr,Chief Business Officer,https://www.linkedin.com/in/katiahersard,EU,ManoMano,True,True,CordlessPowerToolsMarket,2025-07-03
Christian,Raisson,christian@manomano.fr,Fondateur co-CEO,https://www.linkedin.com/in/christian-raisson-65898322,EU,ManoMano,True,True,CordlessPowerToolsMarket,2025-07-03
Silvia,Miguélez,smiguelez@rubi.com,Corporate Purchases Director,https://www.linkedin.com/in/silviamiguelez,EU,RUBI,True,True,CordlessPowerToolsMarket,2025-07-03
Bruno,Francois,bfrancois@rubi.com,General Director,https://www.linkedin.com/in/francoisbruno,EU,RUBI,True,True,CordlessPowerToolsMarket,2025-07-03
Raphaël,Lorain,raphael.lorain@tivoly.com,Directeur R&D,https://www.linkedin.com/in/raphaël-lorain-76360996,EU,TIVOLY,True,True,CordlessPowerToolsMarket,2025-07-03
