First Name,Last Name,Email,Job Title,LinkedIn,Timezone - Lead,Company,Is_Valid_Email,Is_Valid_LinkedIn,Source_File,Date_Processed
Alaa,Ebrahim,alaa@devo.me,Founder,https://www.linkedin.com/in/alaa-ebrahim-960268a6,US,Devo,True,True,CoreGamingGearMarket,2025-07-03
Ale,Vazquez,ale@procomponentes.com,Principal CEO,https://www.linkedin.com/in/ale-vazquez-09008aa5,EU,Procomp,True,True,CoreGamingGearMarket,2025-07-03
Aleksi,Tabell,aleksi.tabell@jimms.fi,Product Manager,https://www.linkedin.com/in/aleksi-tabell-090362228,EU,Jimm's PC-Store,True,True,CoreGamingGearMarket,2025-07-03
Aleksi,Rinkinen,aleksi@unevn.gg,CEO,https://www.linkedin.com/in/aleksi-rinkinen-2a5b9bb3,EU,UNEVN,True,True,CoreGamingGearMarket,2025-07-03
Alex,Sonis,alex@avadirect.com,Founder and CEO of AVADirect.com,https://www.linkedin.com/in/sonis,US,AVADirect,True,True,CoreGamingGearMarket,2025-07-03
Alex,Parshall,alex@computerhq.net,CEO / Owner,https://www.linkedin.com/in/alex-parshall-80b68324,US,Computer Headquarters,True,True,CoreGamingGearMarket,2025-07-03
Amber,Nolte,amber@xoticpc.com,CFO,https://www.linkedin.com/in/amber-nolte-7396baa3,US,XOTIC PC,True,True,CoreGamingGearMarket,2025-07-03
Anders,B,anders@fcomputer.dk,DevOps Tech Lead,https://www.linkedin.com/in/anders-b-7071b1174,EU,Føniks Computer,True,True,CoreGamingGearMarket,2025-07-03
Andrew,Callais,andrewc@starforgesystems.com,Director of Product,https://www.linkedin.com/in/andrew-callais-2a0362160,US,Starforge,True,True,CoreGamingGearMarket,2025-07-03
Anna,Hsu,anna.hsu@empoweredpc.com,President,https://www.linkedin.com/in/anna-hsu-9a81627,US,Computer Upgrade King,True,True,CoreGamingGearMarket,2025-07-03
Anna,Sobolevska,anna.sobolevska@hator.com,Director,https://www.linkedin.com/in/annasob86,EU,HATOR,True,True,CoreGamingGearMarket,2025-07-03
Antti,Virta,antti.virta@simucube.com,Lead Hardware Engineer,https://www.linkedin.com/in/antti-virta-280745137,EU,Simucube,True,True,CoreGamingGearMarket,2025-07-03
Amar,Tanna,at@gotraka.com,Founder,https://www.linkedin.com/in/amar-tanna-37b15133,EU,Gotraka,True,True,CoreGamingGearMarket,2025-07-03
Bing,Choi,bing@nyfter.com,Chief Representative,https://www.linkedin.com/in/bing-choi-7ba3b7201,US,Nyfter,True,True,CoreGamingGearMarket,2025-07-03
Brett,Walker,brettw@chillblast.com,Production Director,https://www.linkedin.com/in/brett-walker-5b7aa972,EU,Chillblast,True,True,CoreGamingGearMarket,2025-07-03
Calder,Limmen,calder@wooting.io,Chief Executive Officer,https://www.linkedin.com/in/calderlim,US,Wooting,True,True,CoreGamingGearMarket,2025-07-03
Danny,Wan,danny.wan@pcspecialist.co.uk,Marketing Manager,https://www.linkedin.com/in/wannydan,EU,PCSpecialist,True,True,CoreGamingGearMarket,2025-07-03
David,Christensen,david@computerhq.net,Chief Operating Officer,https://www.linkedin.com/in/david-christensen-395a69b2,US,Computer Headquarters,True,True,CoreGamingGearMarket,2025-07-03
Denis,Kiryanov,denis.kiryanov@avadirect.com,Purchasing,https://www.linkedin.com/in/denis-kiryanov-b78aaa60,US,AVADirect,True,True,CoreGamingGearMarket,2025-07-03
Daniel,Gerhardt,dg@sharkgaming.dk,CEO/Adm. Direktør,https://www.linkedin.com/in/daniel-gerhardt-7322a139,EU,Shark Gaming,True,True,CoreGamingGearMarket,2025-07-03
Diego,Ortiz de Guinea,diego@mexx.com.ar,Dueño principal,https://www.linkedin.com/in/diego-ortiz-de-guinea-8365b6276,US,Mexx,True,True,CoreGamingGearMarket,2025-07-03
Elmira,Copier,elmira@rapoo-eu.com,Marketing Manager,https://www.linkedin.com/in/elmira-copier-2b3a35b,EU,Rapoo,True,True,CoreGamingGearMarket,2025-07-03
Erik,Stakenborg,erik@wooting.io,CCO & Co-founder at Wooting,https://www.linkedin.com/in/erik-stakenborg-2b16b559,EU,Wooting,True,True,CoreGamingGearMarket,2025-07-03
Esteban,Rodriguez,esteban.rodriguez@ibuypower.com,Product Specialist,https://www.linkedin.com/in/esteban-rodriguez-737384b4,US,iBUYPOWER,True,True,CoreGamingGearMarket,2025-07-03
Ezequiel,Torres,ezequiel@tecnosmart.com.ec,Chief Marketing Officer,https://www.linkedin.com/in/ezequiel-torres-1370a1186,US,Tecnosmart,True,True,CoreGamingGearMarket,2025-07-03
Fabio,Morandi,fabio.morandi@lgtechnology.it,Quality & Technical Manager,https://www.linkedin.com/in/fabio-morandi-a5a396198,US,LG Aerospace,True,True,CoreGamingGearMarket,2025-07-03
Fabio,Zorzo,fabio@inpower.com.br,Founder,https://www.linkedin.com/in/fabio-zorzo-2a5692a8,US,Inpower,True,True,CoreGamingGearMarket,2025-07-03
Fausto,Narvarte,fausto.narvarte@mexx.com.ar,Gerente de sucursal,https://www.linkedin.com/in/fausto-narvarte-a1b3a5141,US,Mexx,True,True,CoreGamingGearMarket,2025-07-03
Geona,Sunabe,geona@dreamgear.com,Vice President of Product Development,https://www.linkedin.com/in/geona-sunabe-41b11781,US,dreamGEAR,True,True,CoreGamingGearMarket,2025-07-03
Gergana,Valcheva,gergana@rapoo-eu.com,Marketing Manager EMEA,https://www.linkedin.com/in/gerganavalcheva,EU,Rapoo,True,True,CoreGamingGearMarket,2025-07-03
Goran,Janicijevic,goran.janicijevic@bigbang.hr,Chief Commercial Officer (CCO),https://www.linkedin.com/in/goran-janicijevic-21b29969,EU,Big Bang,True,True,CoreGamingGearMarket,2025-07-03
Hans,Van Dongen,hans@bto.eu,CFO and owner,https://www.linkedin.com/in/hans-van-dongen-ab79433,EU,BTO,True,True,CoreGamingGearMarket,2025-07-03
Jacob,Chen,jchen@evga.com,資深工程師,https://www.linkedin.com/in/jacob-chen-a61961140,US,EVGA,True,True,CoreGamingGearMarket,2025-07-03
Josh,Covington,jcovington@velocitymicro.com,Director Sales and Marketing,https://www.linkedin.com/in/josh-covington-18ab984,US,Velocity Micro,True,True,CoreGamingGearMarket,2025-07-03
Jeff,Deveau,jeff@skytechgaming.com,Chief Technology Officer,https://www.linkedin.com/in/jeff-deveau-b054b270,US,Skytech Gaming,True,True,CoreGamingGearMarket,2025-07-03
John,Kindred,john@eluktronics.com,Chief Operating Officer,https://www.linkedin.com/in/john-kindred-7331b64,US,Eluktronics,True,True,CoreGamingGearMarket,2025-07-03
John,Tetzlaff,john@liquidhaus.com,Founder,https://www.linkedin.com/in/john-tetzlaff-922b79135,US,LiquidHaus,True,True,CoreGamingGearMarket,2025-07-03
John,Mcgeown,johnm@chillblast.com,Head of Design,https://www.linkedin.com/in/john-mcgeown-47847518,EU,Chillblast,True,True,CoreGamingGearMarket,2025-07-03
Kamil,Pucek,kamil@biossphere.eu,"Director, Co-Founder at biossphere p.s.a.",https://www.linkedin.com/in/kamilpucek,EU,biossphere,True,True,CoreGamingGearMarket,2025-07-03
Kevin,Wilson,kevin@ginger6.com,Director,https://www.linkedin.com/in/kevin-wilson-21b9571b,EU,GINGER6,True,True,CoreGamingGearMarket,2025-07-03
Kiriaki,Rousianou,kiriakir@msystems.gr,Strategic Account Manager,https://www.linkedin.com/in/kiriaki-rousianou-411b0217,EU,Msystems,True,True,CoreGamingGearMarket,2025-07-03
Laura,Nowak-Gocławska,laura@biossphere.eu,CEO & Managing Director,https://www.linkedin.com/in/laura-nowak-gocławska-72b58448,EU,biossphere,True,True,CoreGamingGearMarket,2025-07-03
Lee,Gutkopf,lee@tech1computers.com,Chief Executive Officer,https://www.linkedin.com/in/lee-gutkopf-6aa4341a3,US,Tech One,True,True,CoreGamingGearMarket,2025-07-03
Leonardo,Leme,leonardo@vozaogames.com.br,CEO,https://www.linkedin.com/in/leonardo-leme-b7767413b,US,Vozão Games,True,True,CoreGamingGearMarket,2025-07-03
Lester,German,lester@surfthing.com,Chief Operating Officer,https://www.linkedin.com/in/lester-german-5b4186104,US,SurfThing,True,True,CoreGamingGearMarket,2025-07-03
Linus,Ruuth,linus@oc.nu,Delägare,https://www.linkedin.com/in/linus-ruuth,EU,OverClockers,True,True,CoreGamingGearMarket,2025-07-03
Louis,Liu,louis.liu@ibuypower.com,Product director,https://www.linkedin.com/in/louis-liu-208016a3,US,iBUYPOWER,True,True,CoreGamingGearMarket,2025-07-03
Luke,Phillips,luke@vyralteq.com,Chief Operations Officer,https://www.linkedin.com/in/luke-phillips-3ab4a553,EU,Vyral,True,True,CoreGamingGearMarket,2025-07-03
Matthias,Amberg,mamberg@caseking.de,Product Brand Manager,https://www.linkedin.com/in/matthias-amberg-87699b133,EU,Caseking,True,True,CoreGamingGearMarket,2025-07-03
Martin,Persson,martin@mm-vision.dk,Salgs- og marketingchef (Head of Sales & Marketing),https://www.linkedin.com/in/martinjuulpersson,EU,MM Vision,True,True,CoreGamingGearMarket,2025-07-03
Matt,Gilg,matt@whirlwindfx.com,Chief Technology Officer,https://www.linkedin.com/in/matt-gilg-0aa79211,US,WhirlwindFX,True,True,CoreGamingGearMarket,2025-07-03
Michael,Ponce,michaelp@dreamgear.com,Vice President of Design,https://www.linkedin.com/in/michaelponce,US,dreamGEAR,True,True,CoreGamingGearMarket,2025-07-03
Miguel,Santacruz,miguel@neobyte.es,Ecommerce Manager,https://www.linkedin.com/in/miguelangelsantacruzmerchan,EU,Neobyte,True,True,CoreGamingGearMarket,2025-07-03
Mikael,Karlsson,mikael.karlsson@webhallen.com,Chief Marketing Officer,https://www.linkedin.com/in/mikael-karlsson-65958496,EU,Webhallen,True,True,CoreGamingGearMarket,2025-07-03
Morten,Nielsen,morten.nielsen@asetek.com,Global R&D Engineering Manager,https://www.linkedin.com/in/morten-glerup-nielsen-20b4544,EU,Asetek,True,True,CoreGamingGearMarket,2025-07-03
Nick,Pavano,nick@maingear.com,Director of Operations,https://www.linkedin.com/in/nickpavano,US,MAINGEAR,True,True,CoreGamingGearMarket,2025-07-03
Nicholas,D,nick@starforgesystems.com,Chief Executive Officer,https://www.linkedin.com/in/nicholas-d-b1631a198,US,Starforge,True,True,CoreGamingGearMarket,2025-07-03
Patrick,Junker,patrick.junker@memorypc.de,Business Development Manager / Head of Product Management and Purchasing,https://www.linkedin.com/in/patrick-junker-4744a9239,EU,Memory PC,True,True,CoreGamingGearMarket,2025-07-03
Paulo,Seabra,paulo@rocketz.com.br,Founder & CEO,https://www.linkedin.com/in/paulogws,US,Rocketz,True,True,CoreGamingGearMarket,2025-07-03
Raúl,Chicano,raul@neobyte.es,Marketing online,https://www.linkedin.com/in/raúl-chicano-castillo-891649a,EU,Neobyte,True,True,CoreGamingGearMarket,2025-07-03
Randy,Copeland,rcopeland@velocitymicro.com,"President & CEO, Founder",https://www.linkedin.com/in/randy-copeland-43230843,US,Velocity Micro,True,True,CoreGamingGearMarket,2025-07-03
Remco,Van Doorn,remco@bto.eu,Managing Director - CEO - Owner,https://www.linkedin.com/in/remcovandoorn,EU,BTO,True,True,CoreGamingGearMarket,2025-07-03
Rene,Becker,rene.becker@memorypc.de,E-Commerce-Manager,https://www.linkedin.com/in/rene-becker-31436918b,EU,Memory PC,True,True,CoreGamingGearMarket,2025-07-03
Ricardo,Amaya,ricardo.amaya@janus.com.co,Jefe de sistemas,https://www.linkedin.com/in/ricardoandresamaya,US,Janus,True,True,CoreGamingGearMarket,2025-07-03
Rich,Forth,rich@p4com.com,Managing Director,https://www.linkedin.com/in/rich-forth-029b92151,EU,Phase 4,True,True,CoreGamingGearMarket,2025-07-03
Rasmus,Hansen,rm@sharkgaming.dk,Head Of Production,https://www.linkedin.com/in/rasmus-meier-hansen-a3254923a,EU,Shark Gaming,True,True,CoreGamingGearMarket,2025-07-03
Rob,Teller,rob@hyte.com,Product Director,https://www.linkedin.com/in/rob-teller-65797b34,US,HYTE,True,True,CoreGamingGearMarket,2025-07-03
Robert,Sraka,robert.sraka@bigbang.hr,"Member of the Board, COO",https://www.linkedin.com/in/robert-sraka-8522866,EU,Big Bang,True,True,CoreGamingGearMarket,2025-07-03
Salman,Ausaf,salman@gloriousgaming.com,VP of Engineering,https://www.linkedin.com/in/salman-ausaf-8a049976,US,Glorious,True,True,CoreGamingGearMarket,2025-07-03
Sam,Cooke,sam@unevn.gg,CBDO,https://www.linkedin.com/in/samscooke,EU,UNEVN,True,True,CoreGamingGearMarket,2025-07-03
Sanna,Aaltonen,sanna.aaltonen@jimms.fi,Head of Commercial,https://www.linkedin.com/in/sanna-aaltonen-745773190,EU,Jimm's,True,True,CoreGamingGearMarket,2025-07-03
Sara,Wu,sara.wu@nzxt.com,Regulatory Compliance Engineer,https://www.linkedin.com/in/sara-wu-30101121,US,NZXT,True,True,CoreGamingGearMarket,2025-07-03
Simone,Baruffi,simone.baruffi@lgtechnology.it,Procurement Manager,https://www.linkedin.com/in/simonebaruffi,US,LG Technology,True,True,CoreGamingGearMarket,2025-07-03
Thomas,Ditlev,thomas.ditlev@asetek.com,"VP, Global R&D",https://www.linkedin.com/in/thomas-ditlev-5351951,EU,Asetek,True,True,CoreGamingGearMarket,2025-07-03
Trygve,Hillesland,trygve.hillesland@webhallen.com,Managing Director Webhallen,https://www.linkedin.com/in/trygve-hillesland-79604211,EU,Webhallen,True,True,CoreGamingGearMarket,2025-07-03
Tuula,Stenberg,tuula.stenberg@simucube.com,Head of Supply Chain Management,https://www.linkedin.com/in/tuula-stenberg-b005833,EU,Simucube,True,True,CoreGamingGearMarket,2025-07-03
