First Name,Last Name,Email,Job Title,LinkedIn,Timezone - Lead,Company,Is_Valid_Email,Is_Valid_LinkedIn,Source_File,Date_Processed
Abhishek,Gadhvi,abhishek@tools4trade.co.uk,Head Of Marketing,https://www.linkedin.com/in/abhishek-gadhvi-1844047b,EU,Tools4Trade,True,True,ElectricScrewdriversMarket,2025-07-03
Adolfo,Lorenzi,adolfo.lorenzi@tecnoitaliasrl.net,Amministratore,https://www.linkedin.com/in/adolfo-lorenzi-bba99568,US,Tecno Italia,True,True,ElectricScrewdriversMarket,2025-07-03
Aisha,Azatto,aisha@peakfasteners.com,Purchasing Manager,https://www.linkedin.com/in/aisha-azatto-7b80543b,US,Peak Fasteners,True,True,ElectricScrewdriversMarket,2025-07-03
Alessio,Baldella,alessio.baldella@comair.it,Key account manager senior,https://www.linkedin.com/in/alessio-baldella-b35048b4,US,Comair,True,True,ElectricScrewdriversMarket,2025-07-03
Alessio,Greco,alessio.greco@comair.it,Assembly Technician,https://www.linkedin.com/in/alessio-greco-594641261,US,Comair,True,True,ElectricScrewdriversMarket,2025-07-03
Alfonso,Abbott,alfonso.abbott@sande.cl,Product Manager,https://www.linkedin.com/in/alfonso-abbott-b58a79107,US,SANDE,True,True,ElectricScrewdriversMarket,2025-07-03
Andrea,Romanelli,andrea@romanellisrl.com,Responsabile vendite,https://www.linkedin.com/in/andrea-romanelli-88551a180,US,Romanelli,True,True,ElectricScrewdriversMarket,2025-07-03
Andrew,Lebovitz,andrew.lebovitz@albanysteel.com,Business Owner,https://www.linkedin.com/in/andrew-lebovitz-795053257,US,Albany Steel & Brass,True,True,ElectricScrewdriversMarket,2025-07-03
Antonio,Jobse,antonio.jobse@makita.nl,Manager Of Operations (COO),https://www.linkedin.com/in/antoniojobse,EU,Makita,True,True,ElectricScrewdriversMarket,2025-07-03
Bernhard,Starrach,bernhard.starrach@sautershop.de,Head Of Product Management,https://www.linkedin.com/in/bernhard-starrach-307a8018,EU,Sautershop,True,True,ElectricScrewdriversMarket,2025-07-03
Bolesław,Kubik,boleslaw.kubik@eltech.com.pl,Dyrektor Rozwoju,https://www.linkedin.com/in/bolesław-kubik-448394162,EU,Eltech,True,True,ElectricScrewdriversMarket,2025-07-03
Brian,Boychuk,brian@midlandtool.com,President,https://www.linkedin.com/in/brian-boychuk-903b7a26,US,Midland Tool,True,True,ElectricScrewdriversMarket,2025-07-03
Brian,Corry,brian@nabcoparts.com,President,https://www.linkedin.com/in/brian-corry-28444392,US,NABCO,True,True,ElectricScrewdriversMarket,2025-07-03
Brad,Whittington,bwhittington@venturisupply.com,"Purchasing Segment Lead - Industrial/Commercial, Fire Protection & Life Safety",https://www.linkedin.com/in/brad-whittington-4a90b99,US,Venturi Supply,True,True,ElectricScrewdriversMarket,2025-07-03
Camilla,Lindtun,camilla.lindtun@motek.no,Produktsjef,https://www.linkedin.com/in/camilla-lindtun-2a429212,EU,Motek,True,True,ElectricScrewdriversMarket,2025-07-03
Carlo,Habet,carlo@brothershabet.bz,"Director, Marketing & IT",https://www.linkedin.com/in/carlohabet,US,Brothers Habet,True,True,ElectricScrewdriversMarket,2025-07-03
Casey,Warwick,casey.warwick@decco.co.uk,Supplier Relations Manager,https://www.linkedin.com/in/casey-warwick-9150b943,EU,Decco,True,True,ElectricScrewdriversMarket,2025-07-03
Chris,Seager,chris.seager@mactools.co.uk,Business Development Manager,https://www.linkedin.com/in/chris-seager-091697108,EU,Mac Tools,True,True,ElectricScrewdriversMarket,2025-07-03
Christian,Clemens,christian.clemens@stahlwille.com,Head of R&D,https://www.linkedin.com/in/christian-clemens-39b6831bb,EU,STAHLWILLE,True,True,ElectricScrewdriversMarket,2025-07-03
Christine,Back,christine.back@werkzeug-neu.de,Quality and Sustainability Manager,https://www.linkedin.com/in/christine-back-112248b6,EU,E.W. NEU,True,True,ElectricScrewdriversMarket,2025-07-03
Christof,Becher,christof.becher@juwel-schraubtechnik.de,Leiter Technik und Entwicklung,https://www.linkedin.com/in/christof-becher-aab451248,EU,Juwel,True,True,ElectricScrewdriversMarket,2025-07-03
Craig,Sanders,craig.sanders@protrade.co.uk,Managing Director,https://www.linkedin.com/in/craig-sanders-49963429,EU,Protrade,True,True,ElectricScrewdriversMarket,2025-07-03
Cristiane,Hahner,cristiane.hahner@gedore.com.br,Analista de Marketing de Produto Sr,https://www.linkedin.com/in/cristiane-hahner-b11429140,US,Gedore,True,True,ElectricScrewdriversMarket,2025-07-03
Cynthia,Yates,cynthia@brothershabet.bz,Head Of Department,https://www.linkedin.com/in/cynthia-yates-330353150,US,Brothers Habet,True,True,ElectricScrewdriversMarket,2025-07-03
Daniel,Bohn,daniel.bohn@proxxon.com,Head of Marketing & Advertisement,https://www.linkedin.com/in/daniel-bohn-736663b3,EU,PROXXON,True,True,ElectricScrewdriversMarket,2025-07-03
David,Geddes,david.geddes@gadrbrands.com,Director,https://www.linkedin.com/in/david-geddes-27b08555,US,GADR,True,True,ElectricScrewdriversMarket,2025-07-03
Deb,Harrington,deb@mektronics.com.au,Business Manager,https://www.linkedin.com/in/deb-harrington-52932258,US,Mektronics,True,True,ElectricScrewdriversMarket,2025-07-03
Des,Duddy,des.duddy@protrade.co.uk,Joint Managing Director,https://www.linkedin.com/in/des-duddy-4838a3209,EU,Protrade,True,True,ElectricScrewdriversMarket,2025-07-03
David,Hester,dhester@chesterfieldtrading.com,Vice President,https://www.linkedin.com/in/david-hester-14b3a573,US,Chesterfield Trading,True,True,ElectricScrewdriversMarket,2025-07-03
Didan,Setia,ds@tokopedia.com,Management Information Systems Manager,https://www.linkedin.com/in/didan-setia-2a9599117,US,Ratna Asia,True,True,ElectricScrewdriversMarket,2025-07-03
Elizabeth,Baldwin,ebaldwin@shopsmith.com,Director of Operations,https://www.linkedin.com/in/ewbaldwin,US,Shopsmith,True,True,ElectricScrewdriversMarket,2025-07-03
Eiji,Koizumi,eiji.koizumi@snapon.co.jp,Controller,https://www.linkedin.com/in/eiji-koizumi-430a427b,EU,Snap-on,True,True,ElectricScrewdriversMarket,2025-07-03
Evin,Kaçar,ekacar@otelo.fr,Assistante Chef de Produit,https://www.linkedin.com/in/evin-kaçar-146163113,EU,OTELO,True,True,ElectricScrewdriversMarket,2025-07-03
Ermanno,Lucci,ermanno.lucci@fervi.com,SALES & MARKETING DIRECTOR,https://www.linkedin.com/in/ermannolucci,US,Fervi,True,True,ElectricScrewdriversMarket,2025-07-03
Echo,Wang,ewang@jsproducts.com,Compliance Manager,https://www.linkedin.com/in/echo-wang-98b22498,US,JS Products,True,True,ElectricScrewdriversMarket,2025-07-03
Fabian,Beckmann,fabian.beckmann@bosch.com,Director Product Area,https://www.linkedin.com/in/fabianbeckmann,EU,eAx,True,True,ElectricScrewdriversMarket,2025-07-03
Fabrizio,Smiderle,fabrizio.smiderle@forch.it,Responsabile commerciale,https://www.linkedin.com/in/fabrizio-smiderle-82a6b897,US,Förch,True,True,ElectricScrewdriversMarket,2025-07-03
Franco,Giménez,fgimenez@btatools.com.ar,Gerente Comercial,https://www.linkedin.com/in/francogimenez,US,Barbuy Team,True,True,ElectricScrewdriversMarket,2025-07-03
Floris,Diederiks,floris.diederiks@connectfastening.nl,Company Owner,https://www.linkedin.com/in/floris-diederiks-503a14169,EU,Connect Fastening,True,True,ElectricScrewdriversMarket,2025-07-03
Greg,Hill,ghill@makita.com.au,Product Manager,https://www.linkedin.com/in/greg-hill-54980a2b7,US,Makita,True,True,ElectricScrewdriversMarket,2025-07-03
Gregory,Smith,gsmith@kbctools.com,product manager,https://www.linkedin.com/in/gregory-smith-9a83a725,US,KBC Tools & Machinery,True,True,ElectricScrewdriversMarket,2025-07-03
Guido,Greco,guido.greco@fervi.com,Group CEO,https://www.linkedin.com/in/guido-greco-a377895,US,Fervi,True,True,ElectricScrewdriversMarket,2025-07-03
Iliya,Malliev,iliya.malliev@wuerth.bg,Sales Director,https://www.linkedin.com/in/iliya-malliev-a2745263,EU,Würth,True,True,ElectricScrewdriversMarket,2025-07-03
Irfan,Uz zaman,irfan@toolmarts.com,Chief Operating Officer,https://www.linkedin.com/in/irfan-uz-zaman-480ba519,US,TOOLMARTS,True,True,ElectricScrewdriversMarket,2025-07-03
Ishan,Kalra,ishan@dktools.com,Director,https://www.linkedin.com/in/ishan-kalra-47a84019,EU,DK Tools,True,True,ElectricScrewdriversMarket,2025-07-03
Julie,Bradford,j.bradford@sealey.co.uk,Product Category Manager,https://www.linkedin.com/in/julie-bradford-962382101,EU,Sealey,True,True,ElectricScrewdriversMarket,2025-07-03
Jacek,Pereszczako,j.pereszczako@rotopino.pl,Dyrektor ds. Zakupów / Purchasing Director,https://www.linkedin.com/in/jacek-pereszczako-b35a7660,EU,Rotopino.pl,True,True,ElectricScrewdriversMarket,2025-07-03
Julian,Stahl,j.stahl@juwel-schraubtechnik.de,Technical Business Development and Sales,https://www.linkedin.com/in/julian-stahl-86a966206,EU,JUWEL,True,True,ElectricScrewdriversMarket,2025-07-03
Jan,Mathiesen,jan.mathiesen@wuerth.dk,Product Developer,https://www.linkedin.com/in/jan-mathiesen-10b73492,EU,Würth,True,True,ElectricScrewdriversMarket,2025-07-03
Jan,Morre,jan@vanwiemeersch.be,Directeur Logistiek en Data,https://www.linkedin.com/in/jan-morre-3756a110,EU,Van Wiemeersch,True,True,ElectricScrewdriversMarket,2025-07-03
Jason,Shi,jasons@mitsushi.com.cn,项目经理,https://www.linkedin.com/in/jason-shi-274748b7,US,Mitsushi,True,True,ElectricScrewdriversMarket,2025-07-03
Javier,Gascon,javier@lmb-industrial.com,Owner,https://www.linkedin.com/in/javier-gascon-19b97020,US,LMB Industrial,True,True,ElectricScrewdriversMarket,2025-07-03
Jørgen,Bech,jb@folkelarsen.dk,Product Manager,https://www.linkedin.com/in/jørgen-bech-19491811,EU,Folke-Larsens,True,True,ElectricScrewdriversMarket,2025-07-03
Jemima,Coleman,jemima.coleman@axminstertools.com,Product Manager,https://www.linkedin.com/in/jemima-coleman-a4a63955,EU,Axminster,True,True,ElectricScrewdriversMarket,2025-07-03
Jeroen,Nielen,jeroen.nielen@bjctools.nl,Commercieel & Operationeel directeur (CCOO),https://www.linkedin.com/in/jeroen-nielen-32095052,EU,BJC Tools,True,True,ElectricScrewdriversMarket,2025-07-03
Jeroen,Workel,jeroen.workel@hahn-kolb.nl,Algemeen direkteur,https://www.linkedin.com/in/jeroen-workel-a9a7b121,EU,HAHN+KOLB,True,True,ElectricScrewdriversMarket,2025-07-03
Joe,Jenca,joe.jenca@advantagecsr.com,Contractor Distributer Rep.,https://www.linkedin.com/in/joe-jenca-729196245,US,Advantage Contractor Supply,True,True,ElectricScrewdriversMarket,2025-07-03
Joel,Krawczyk,joel@bayverte.com,VP / Director of Sales,https://www.linkedin.com/in/joel-krawczyk-62a221bb,US,Bay Verte,True,True,ElectricScrewdriversMarket,2025-07-03
John,Maye,john.maye@decco.co.uk,Commercial Manager,https://www.linkedin.com/in/john-maye-7a94a360,EU,Decco,True,True,ElectricScrewdriversMarket,2025-07-03
John,Mayher,john@shopsupply.net,Technical Sales Representative,https://www.linkedin.com/in/john-mayher-7453b319,US,Shop Supply,True,True,ElectricScrewdriversMarket,2025-07-03
Jp,Labbe,jp@unicoa.com,President,https://www.linkedin.com/in/jp-labbe-78479b2a3,US,Unicoa,True,True,ElectricScrewdriversMarket,2025-07-03
Janet,Rideout,jrideout@rideouttool.com,Owner / VP Operations,https://www.linkedin.com/in/janet-rideout-84299322,US,Rideout,True,True,ElectricScrewdriversMarket,2025-07-03
Kalin,Kostov,k.kostov@onlinemashini.bg,Chief Operating Officer,https://www.linkedin.com/in/kalin-kostov-21a011b,EU,OnlineMashini.BG,True,True,ElectricScrewdriversMarket,2025-07-03
Georgi,Kavrakov,kavrakov@prosolbg.com,Product Manager,https://www.linkedin.com/in/georgi-kavrakov-004bb81bb,EU,PROSOL,True,True,ElectricScrewdriversMarket,2025-07-03
Kiril,Dinev,kiril.dinev@wuerth.bg,Product Manager - Power Tools/Material Processing,https://www.linkedin.com/in/kiril-dinev-23775236,EU,Würth,True,True,ElectricScrewdriversMarket,2025-07-03
Kanako,Mizutani,kmizutani@osg.co.jp,Global Engineering Group Manager,https://www.linkedin.com/in/kanako-cindy-mizutani-565631188,EU,OSG,True,True,ElectricScrewdriversMarket,2025-07-03
Koen,Van Wiemeersch,koen@vanwiemeersch.be,Bestuurder,https://www.linkedin.com/in/koen-van-wiemeersch-407b6b120,EU,Van Wiemeersch,True,True,ElectricScrewdriversMarket,2025-07-03
Kye,Stoker,kstoker@jsproducts.com,Director of Compliance and Operations,https://www.linkedin.com/in/kyestoker,US,JS Products,True,True,ElectricScrewdriversMarket,2025-07-03
Stefano,Lonati,lonati@hikoki-powertools.it,General Manager,https://www.linkedin.com/in/stefanolonati,US,HiKOKI,True,True,ElectricScrewdriversMarket,2025-07-03
Luis,Fanha,luis@casadosoldador.com.br,Coordenador de E-commerce,https://www.linkedin.com/in/luis-guilherme-cabral-medeiros-fanha,US,Casa do Soldador,True,True,ElectricScrewdriversMarket,2025-07-03
Mariusz,Ślusarczyk,m.slusarczyk@schmithpolska.pl,Director of Purchasing,https://www.linkedin.com/in/mariusz-ślusarczyk-937352119,EU,Schmith,True,True,ElectricScrewdriversMarket,2025-07-03
Marco,Stocco,marco@tecnomeccanica.net,Senior Purchasing Manager,https://www.linkedin.com/in/marco-stocco-a26400169,US,Tecnomeccanica,True,True,ElectricScrewdriversMarket,2025-07-03
Mariusz,Bieder,mariusz.bieder@eltech.com.pl,Dyrektor Sprzedaży B2B EXPORT,https://www.linkedin.com/in/mariusz-bieder-5709aa21a,EU,Eltech,True,True,ElectricScrewdriversMarket,2025-07-03
Massimiliano,Barboni,massimiliano.barboni@forch.it,Product Manager,https://www.linkedin.com/in/massimiliano-barboni-b26a7b2a0,US,Förch,True,True,ElectricScrewdriversMarket,2025-07-03
Massimo,Folda,massimo.folda@wuerth-ag.ch,Produktmanager und Teamleiter,https://www.linkedin.com/in/massimo-folda-204212199,EU,Würth,True,True,ElectricScrewdriversMarket,2025-07-03
Mathew,Grey,mathew.grey@oslgroup.com,CEO,https://www.linkedin.com/in/mathew-grey-4037645,EU,OSL,True,True,ElectricScrewdriversMarket,2025-07-03
Matt,Waterfield,matt@totalairtool.co.uk,Managing Director,https://www.linkedin.com/in/matt-waterfield-7935a2127,EU,Total Airtool,True,True,ElectricScrewdriversMarket,2025-07-03
Mauro,Ferrero,mauro.ferrero@tecnoitaliasrl.net,Product Manager,https://www.linkedin.com/in/mauro-ferrero-60424526,US,Tecno Italia,True,True,ElectricScrewdriversMarket,2025-07-03
Melina,Huang,melina@diversitech-global.com,Director of Business Development,https://www.linkedin.com/in/melina-huang-32557829,US,Diversitech,True,True,ElectricScrewdriversMarket,2025-07-03
Michael,Syrko,michael.syrko@snapon.com,Business Owner,https://www.linkedin.com/in/mikesyrko,US,Snap-on,True,True,ElectricScrewdriversMarket,2025-07-03
Michael,Mannering,michael@manneringindustrial.co.uk,Director,https://www.linkedin.com/in/michael-mannering-993270197,EU,Mannering Industrial,True,True,ElectricScrewdriversMarket,2025-07-03
Michel,Konrad,michel.konrad@flex-tools.com,Head of Product Management,https://www.linkedin.com/in/michel-konrad-1b072a107,EU,FLEX,True,True,ElectricScrewdriversMarket,2025-07-03
Michelle,Jess,michelle@mektronics.com.au,Product Manager,https://www.linkedin.com/in/michelle-jess-63a78665,US,Mektronics,True,True,ElectricScrewdriversMarket,2025-07-03
Manuel,Jara,mjara@promakertools.com,Head of Business Development & Marketing,https://www.linkedin.com/in/malejandrojara,US,Promakertools,True,True,ElectricScrewdriversMarket,2025-07-03
Matt,Kent,mkent@drapertools.com,Head of Buying,https://www.linkedin.com/in/matt-kent-79883828,EU,Draper,True,True,ElectricScrewdriversMarket,2025-07-03
Mike,Maccluskey,mmaccluskey@rideouttool.com,Account Executive,https://www.linkedin.com/in/mike-maccluskey-a2629a5b,US,Rideout Tool & Machine,True,True,ElectricScrewdriversMarket,2025-07-03
Mohammad,Ihsan,mohammad.ihsan@arrowfastener.com,Sr. Quality Engineer,https://www.linkedin.com/in/mohammad-auqib-ihsan-8a3257141,US,Arrow Fastener,True,True,ElectricScrewdriversMarket,2025-07-03
Marcos,Pontes,mpontes@makita.com.br,Gerente de compras,https://www.linkedin.com/in/marcos-pontes-26819520,US,Makita,True,True,ElectricScrewdriversMarket,2025-07-03
Polina,Bril,p.bril@ferm.com,Assistant product manager,https://www.linkedin.com/in/polina-bril-573ab5177,EU,FERM,True,True,ElectricScrewdriversMarket,2025-07-03
Paweł,Sznajder,p.sznajder@schmithpolska.pl,Head of e-commerce | Dyrektor e-commerce,https://www.linkedin.com/in/paweł-sznajder-024953205,EU,Schmith Polska,True,True,ElectricScrewdriversMarket,2025-07-03
Patrick,Mckeever,patrick@durrie.com,President,https://www.linkedin.com/in/patrick-mckeever,US,Durrie,True,True,ElectricScrewdriversMarket,2025-07-03
Paul,Lipsett,paul.lipsett@kelvinpowertools.com,Business Manager,https://www.linkedin.com/in/paul-lipsett-66577a200,EU,Kelvin Power Tools,True,True,ElectricScrewdriversMarket,2025-07-03
Paul,Stewart,paul@durrie.com,Territory Sales Manager,https://www.linkedin.com/in/paul-stewart-a7106242,US,Durrie,True,True,ElectricScrewdriversMarket,2025-07-03
Paul,Hill,paul@tools.com,Chairman,https://www.linkedin.com/in/paul-hill-0b424b151,US,Tools.com,True,True,ElectricScrewdriversMarket,2025-07-03
Paula,Bass,paula@kbctools.com,President,https://www.linkedin.com/in/paula-bass-57981310,US,KBC Tools,True,True,ElectricScrewdriversMarket,2025-07-03
Phillip,Haley,phillip.haley@ttigroup.com.vn,Quality Director,https://www.linkedin.com/in/phillip-haley,EU,Techtronic,True,True,ElectricScrewdriversMarket,2025-07-03
Paul,Strzewski,pstrzewski@venturisupply.com,Vice President Purchasing Industrial Commercial,https://www.linkedin.com/in/paul-strzewski-56b48a9a,US,Venturi Supply,True,True,ElectricScrewdriversMarket,2025-07-03
Radosław,Fiślak,r.fislak@gtx-group.com,Product Development and Marketing Director,https://www.linkedin.com/in/radosław-fiślak-8704a412b,EU,GTX,True,True,ElectricScrewdriversMarket,2025-07-03
Raj,Sur,raj@tools4trade.co.uk,Managing Director,https://www.linkedin.com/in/raj-sur-0210932a5,EU,Tools4Trade,True,True,ElectricScrewdriversMarket,2025-07-03
Rajeesh,Kr,rajeesh@kielder.co,Creative Designer,https://www.linkedin.com/in/rajeesh-kr-7b02194b,EU,Kielder,True,True,ElectricScrewdriversMarket,2025-07-03
Reid,Archer,reid@tradecounterdirect.com,Managing Director,https://www.linkedin.com/in/reid-archer-72952b23,EU,Trade Counter Direct,True,True,ElectricScrewdriversMarket,2025-07-03
René,Schlageter,rene.schlageter@flex-tools.com,Head of R&D,https://www.linkedin.com/in/rené-schlageter-310270a8,EU,FLEX,True,True,ElectricScrewdriversMarket,2025-07-03
Reynaldo,Postadan,reynaldo.postadan@arrowfastener.com,Quality Manager,https://www.linkedin.com/in/reynaldo-postadan-369b8599,US,Arrow Fastener,True,True,ElectricScrewdriversMarket,2025-07-03
Richard,Mannering,richard@manneringindustrial.co.uk,Owner,https://www.linkedin.com/in/richard-mannering-a007475b,EU,Mannering Industrial,True,True,ElectricScrewdriversMarket,2025-07-03
Romuald,Nicolas,rnicolas@kyocera-senco.fr,Directeur commercial - Country Sales Manager France,https://www.linkedin.com/in/romuald-nicolas-54b472b5,EU,Kyocera Senco,True,True,ElectricScrewdriversMarket,2025-07-03
Robin,Kroonen,robin.kroonen@fixami.com,Product Owner Business Operations,https://www.linkedin.com/in/robinkroonen,EU,Fixami,True,True,ElectricScrewdriversMarket,2025-07-03
Rocco,Mantovani,rocco.mantovani@vibu.it,Responsabile degli acquisti,https://www.linkedin.com/in/rocco-mantovani-09980b175,US,VIBU,True,True,ElectricScrewdriversMarket,2025-07-03
Royce,Rieve,rrieve@chesterfieldtrading.com,President,https://www.linkedin.com/in/royce-rieve-58b3556,US,Chesterfield Trading,True,True,ElectricScrewdriversMarket,2025-07-03
Rui,Sopa,rui.sopa@tecofix.pt,Responsável de Filial,https://www.linkedin.com/in/rui-sopa-5a2aa3ba,US,Tecofix,True,True,ElectricScrewdriversMarket,2025-07-03
Stefano,Volpin,s.volpin@valex.it,Direttore Commerciale,https://www.linkedin.com/in/stefano-volpin,US,Valex,True,True,ElectricScrewdriversMarket,2025-07-03
Scott,Powell,scott@aptoolsltd.co.uk,General Manager,https://www.linkedin.com/in/scott-powell-13481983,EU,AP Tools,True,True,ElectricScrewdriversMarket,2025-07-03
Simon,Baulch,simon.baulch@axminstertools.com,Marketing Manager,https://www.linkedin.com/in/simon-baulch-50140512,EU,Axminster Tools,True,True,ElectricScrewdriversMarket,2025-07-03
Simon,Humphries,simon@powertoolsdirect.com,Managing Director,https://www.linkedin.com/in/simonphumphries,EU,Power Tools Direct,True,True,ElectricScrewdriversMarket,2025-07-03
Stathis,Papacharalabous,sp@fournarakis.gr,Business Unit Manager - Power Tools,https://www.linkedin.com/in/stathis-papacharalabous-8914918,EU,Fournarakis,True,True,ElectricScrewdriversMarket,2025-07-03
Stef,Munsters,stef.munsters@bjctools.nl,Brandmanager,https://www.linkedin.com/in/stef-munsters-855316128,EU,BJC Tools,True,True,ElectricScrewdriversMarket,2025-07-03
Anja,Stenzel,stenzel@stahlwille.com,Head of Product Management and Product Development Handtools STAHLWILLE Eduard Wille GmbH & Co. KG,https://www.linkedin.com/in/anja-stenzel-711599205,EU,STAHLWILLE,True,True,ElectricScrewdriversMarket,2025-07-03
Stephan,Klusmann,stephan.klusmann@cwalter.de,Innendienstleiter Vertrieb,https://www.linkedin.com/in/stephan-klusmann-7b8b051a2,EU,Carl Walter,True,True,ElectricScrewdriversMarket,2025-07-03
Steve,Bulloss,steve@kielder.co,Director,https://www.linkedin.com/in/steve-bulloss-08073217,EU,Kielder,True,True,ElectricScrewdriversMarket,2025-07-03
Steve,Force,steve@torquetoolsinc.com,Account Manager,https://www.linkedin.com/in/steve-force-4489464b,US,Torque Tools,True,True,ElectricScrewdriversMarket,2025-07-03
Sven,Hasenclever,sven.hasenclever@conmetallmeister.de,Produkt und Markt Spezialist Entwicklung Handwerkzeuge/Business Unit Compliance Officer Würth Group,https://www.linkedin.com/in/sven-hasenclever-a95b9b78,EU,Conmetall Meister,True,True,ElectricScrewdriversMarket,2025-07-03
Stuart,Willey,swilley@makita.com.au,National Key Account Manager,https://www.linkedin.com/in/stuartwilley07,US,Makita,True,True,ElectricScrewdriversMarket,2025-07-03
Toby,Drollinger,toby.drollinger@snapon.com,Franchisee,https://www.linkedin.com/in/toby-drollinger-a5a41745,US,Snap On,True,True,ElectricScrewdriversMarket,2025-07-03
Torstein,Gundersen,torstein@mkl.no,Key Account Manager,https://www.linkedin.com/in/torstein-gundersen-67401133,EU,Maskin K. Lund,True,True,ElectricScrewdriversMarket,2025-07-03
Wojciech,Dackiewicz,wojciech.dackiewicz@aw-narzedzia.com.pl,Market Expansion Manager Central & Western Europe,https://www.linkedin.com/in/wojciech-dackiewicz-1b7b38140,EU,AW-Narzędzia,True,True,ElectricScrewdriversMarket,2025-07-03
Yannick,De Caterini,ydecaterini@kyocera-senco.fr,"European key account manager, Automotive and Automation",https://www.linkedin.com/in/yannick-de-caterini,EU,Kyocera Senco,True,True,ElectricScrewdriversMarket,2025-07-03
Yoan,Arnaudov,yoan@onlinemashini.bg,Chief Technology Officer,https://www.linkedin.com/in/yoanarnaudov,EU,OnlineMashini.BG,True,True,ElectricScrewdriversMarket,2025-07-03
