First Name,Last Name,Email,Job Title,LinkedIn,Timezone - Lead,Company,Is_Valid_Email,Is_Valid_LinkedIn,Source_File,Date_Processed
Martin,Steggals-davis,martin@best4systems.co.uk,General Manager,https://www.linkedin.com/in/martin-steggals-davis-8905b51a9,EU,Best4Systems,True,True,EnterpriseHeadsetMarket,2025-07-03
Aaron,Gitler,aaron@clearchoiceheadsets.com,Chairman of the Board of Directors,https://www.linkedin.com/in/agitler,US,Clear Choice Headsets,True,True,EnterpriseHeadsetMarket,2025-07-03
Peter,Goldstein,peter@clearchoiceheadsets.com,Chief Executive Officer,https://www.linkedin.com/in/petergoldstein1,US,Clear Choice Headsets,True,True,EnterpriseHeadsetMarket,2025-07-03
Jason,Begbie,jason@duplexcomms.com,Managing Director,https://www.linkedin.com/in/jason-begbie-40a8b83,EU,Duplex,True,True,EnterpriseHeadsetMarket,2025-07-03
Amy,Lyu,amy@emeet.com,Senior Vice President,https://www.linkedin.com/in/amy-lyu-55bb96261,US,EMEET,True,True,EnterpriseHeadsetMarket,2025-07-03
Benjamin,Baier,benjamin.baier@imtradex.de,Managing Director / Geschäftsführer,https://www.linkedin.com/in/benjaminbaier,EU,Imtradex,True,True,EnterpriseHeadsetMarket,2025-07-03
Dominik,Spahn,dominik.spahn@imtradex.de,"Head of Finance, Controlling & HR",https://www.linkedin.com/in/dominik-spahn,EU,Imtradex,True,True,EnterpriseHeadsetMarket,2025-07-03
James,Clarke,james.clarke@jpltele.com,CEO,https://www.linkedin.com/in/james-clarke-a3360928,EU,JPL,True,True,EnterpriseHeadsetMarket,2025-07-03
Morgan,De ruiter,morgan.deruiter@jpltele.com,Managing Director EMEA,https://www.linkedin.com/in/morganderuiter,EU,JPL,True,True,EnterpriseHeadsetMarket,2025-07-03
Christian,Ostenfeld,co@klcerhverv.dk,Owner,https://www.linkedin.com/in/christian-ostenfeld-b178777,EU,KLC Erhverv,True,True,EnterpriseHeadsetMarket,2025-07-03
Christopher,Bech,cb@klcerhverv.dk,Teknisk Direktør,https://www.linkedin.com/in/christopher-bech-984617bb,EU,KLC Erhverv,True,True,EnterpriseHeadsetMarket,2025-07-03
Eric,Burgan,eric.burgan@lexound.com,CEO,https://www.linkedin.com/in/eburgan,EU,Lexound,True,True,EnterpriseHeadsetMarket,2025-07-03
Sharad,Jaiprakash,sharad@liveytech.com,Director & CEO,https://www.linkedin.com/in/sharadjaiprakash,US,Livey,True,True,EnterpriseHeadsetMarket,2025-07-03
Jennifer,Frey,jennifer.frey@macondonetworks.com,Managing Partner,https://www.linkedin.com/in/jennifer-frey-3a90682a4,US,Macondo Networks,True,True,EnterpriseHeadsetMarket,2025-07-03
Paul,Conway,paul@pmctelecom.co.uk,Director,https://www.linkedin.com/in/paul-conway-4447362b,EU,PMC Telecom,True,True,EnterpriseHeadsetMarket,2025-07-03
Sébastien,Gorjux,s.gorjux@skyted.io,CFO & Investor Relations - Cofounder,https://www.linkedin.com/in/sebastien-gorjux,EU,Skyted,True,True,EnterpriseHeadsetMarket,2025-07-03
Stephane,Hersen,stephane@skyted.io,CEO - Founder,https://www.linkedin.com/in/stephanehersen,EU,Skyted,True,True,EnterpriseHeadsetMarket,2025-07-03
Margarita,Kovats,margarita.kovats@spracht.com,President,https://www.linkedin.com/in/margarita-kovats-b0a37b6,US,Spracht,True,True,EnterpriseHeadsetMarket,2025-07-03
Ken,Cooke,kcooke@teleswitchinternational.com,President and CEO Teleswitch International,https://www.linkedin.com/in/ken-cooke-51063410,US,Teleswitch,True,True,EnterpriseHeadsetMarket,2025-07-03
Thomas,Kinney,tkinney@ttivoip.com,Chief Executive Officer,https://www.linkedin.com/in/thomas-r-kinney-bab4328,US,Telephone Integration,True,True,EnterpriseHeadsetMarket,2025-07-03
Patrick,Mcdowell,patrickm@twacomm.com,Chief Operations Officer,https://www.linkedin.com/in/patrick-mcdowell-3ba6798a,US,TWAcomm.Com,True,True,EnterpriseHeadsetMarket,2025-07-03
