First Name,Last Name,Email,Job Title,LinkedIn,Timezone - Lead,Company,Is_Valid_Email,Is_Valid_LinkedIn,Source_File,Date_Processed
Adam,Moskała,adam.moskala@kruger.pl,CEO. COO. CSO.,https://www.linkedin.com/in/adam-moskała-a211ab54,EU,Krüger,True,True,FunctionalBeverageMarket,2025-07-03
Aj,Foppe,aj@playr1.com,Chief Executive Officer,https://www.linkedin.com/in/aj-foppe-03ba7982,US,PLAYR1,True,True,FunctionalBeverageMarket,2025-07-03
Alexander,Denning,alex@progevity.co.uk,Co-Founder,https://www.linkedin.com/in/alexander-denning-b3702531,EU,Progevity,True,True,FunctionalBeverageMarket,2025-07-03
Allan,Stevens,allan@kos.com,Chairman of the Board,https://www.linkedin.com/in/allanstevens,US,KOS,True,True,FunctionalBeverageMarket,2025-07-03
Andressa,Ferreira,andressa.ferreira@rfk.ind.br,Coordenador de qualidade,https://www.linkedin.com/in/andressa-caroline-ferreira-38a493106,US,Refriko,True,True,FunctionalBeverageMarket,2025-07-03
Andy,Van Ark,andy@bulletproof.com,Chief Commercial Officer,https://www.linkedin.com/in/andy-van-ark-93395819,US,Bulletproof,True,True,FunctionalBeverageMarket,2025-07-03
Ashlee,Dawson,ashlee.dawson@bulletproof.com,Senior R&D Manager,https://www.linkedin.com/in/ashlee-dawson-9666a175,US,Bulletproof,True,True,FunctionalBeverageMarket,2025-07-03
Assaf,Hershlikovich,assaf@unclearnies.com,Chief Revenue Officer,https://www.linkedin.com/in/assaf-hershlikovich-94a4a7a3,US,Uncle Arnie's,True,True,FunctionalBeverageMarket,2025-07-03
Barbara,Bielówka,b.bielowka@eatyx.com,R&D Director | Member of the Board,https://www.linkedin.com/in/barbara-bielówka-0664215,EU,eatyx,True,True,FunctionalBeverageMarket,2025-07-03
Ben,Krysiak,ben@superfoodandcompany.com,Chief Executive Officer,https://www.linkedin.com/in/benkrysiak,US,Superfood,True,True,FunctionalBeverageMarket,2025-07-03
Beban,Simic,bsimic@drinkbodyarmor.com,"Director, Engineering & Industrialization",https://www.linkedin.com/in/beban-simic-1a68a11,US,BODYARMOR,True,True,FunctionalBeverageMarket,2025-07-03
Chris,Bradshaw,cbradshaw@kingsleybeverages.com,Managing Director,https://www.linkedin.com/in/chrisbradshaw1,EU,Kingsley Beverages,True,True,FunctionalBeverageMarket,2025-07-03
Chad,Cunningham,chad@dontquit.com,Senior Vice President Operations & Product Development,https://www.linkedin.com/in/chadkcunningham,US,Don't Quit,True,True,FunctionalBeverageMarket,2025-07-03
Charlie,Sims,charlie@thejuicesmith.com,Head of Commercial,https://www.linkedin.com/in/charlie-sims-16082a327,EU,The Juice Smith,True,True,FunctionalBeverageMarket,2025-07-03
Christian,Munoz,christian.munoz@unicity.com,Regulatory Affairs Specialist III,https://www.linkedin.com/in/christian-munoz-8977ba120,US,Unicity,True,True,FunctionalBeverageMarket,2025-07-03
Claude,Tellis,ctellis@naturade.com,Chairman & Chief Executive Officer,https://www.linkedin.com/in/claude-tellis-2353b31b,US,Naturade,True,True,FunctionalBeverageMarket,2025-07-03
Dash,Lilley,dash@threespiritdrinks.com,Co-Founder,https://www.linkedin.com/in/dash-lilley-b8600084,EU,Three Spirit,True,True,FunctionalBeverageMarket,2025-07-03
Daniela,Bolletta,dbolletta@ducoco.com.br,"Diretora de Vendas, Marketing e Trade",https://www.linkedin.com/in/daniela-k-bolletta-25998831,US,Ducoco,True,True,FunctionalBeverageMarket,2025-07-03
Didem,Erdoğan,de@vivatinell.com,Quality assurance manager,https://www.linkedin.com/in/didem-erdoğan-4871b9b6,EU,Vivatinell,True,True,FunctionalBeverageMarket,2025-07-03
Denise,Briffa,denise@dailydosejuice.co.uk,Supply Chain Lead,https://www.linkedin.com/in/denise-briffa-43a9a17,EU,Daily Dose Juice,True,True,FunctionalBeverageMarket,2025-07-03
Dragos,Enache,dragos.enache@pepsico.com,Research Development Quality Assurance Manager,https://www.linkedin.com/in/dragos-enache,EU,PepsiCo,True,True,FunctionalBeverageMarket,2025-07-03
Elżbieta,Lubowiecka,elzbieta.lubowiecka@foodcare.pl,Zastępca Kierownika Działu Rozwoju Produktu / Deputy R&D Manager,https://www.linkedin.com/in/elżbieta-lubowiecka-5419b8239,EU,FoodCare,True,True,FunctionalBeverageMarket,2025-07-03
Eren,Spring,eren@smartfruit.com,CEO & Co-Founder,https://www.linkedin.com/in/erenspring,US,Smartfruit,True,True,FunctionalBeverageMarket,2025-07-03
Eduardo,Silva,esilva@naturade.com,Marketing Consultant,https://www.linkedin.com/in/eduardosilva,US,Naturade,True,True,FunctionalBeverageMarket,2025-07-03
Floris,Struis,f.struis@iamf-b.com,Commercieel directeur,https://www.linkedin.com/in/floris-struis-796a91164,EU,I AM F&B,True,True,FunctionalBeverageMarket,2025-07-03
Gerard,Przybysz,gerard@vitamizu.com,Sales & Marketing Director,https://www.linkedin.com/in/gerard-przybysz,EU,Vitamizu,True,True,FunctionalBeverageMarket,2025-07-03
Hanna-maaret,Heikurainen,hanna.heikurainen@puhdistamo.fi,"Marketing Director, Partner",https://www.linkedin.com/in/hannaheikurainen,EU,Puhdistamo,True,True,FunctionalBeverageMarket,2025-07-03
Herman,Voorwald,herman.voorwald@timbaubasa.com.br,Diretor Industrial,https://www.linkedin.com/in/herman-voorwald,US,Timbaúba,True,True,FunctionalBeverageMarket,2025-07-03
Iwona,Banach,i.banach@grana.pl,Business Development Manager,https://www.linkedin.com/in/iwona-banach-095247137,EU,Grana,True,True,FunctionalBeverageMarket,2025-07-03
Ian,Friedman,ian@puregreen.com,SVP - co founder,https://www.linkedin.com/in/ian-friedman-19ba5b52,US,Pure Green,True,True,FunctionalBeverageMarket,2025-07-03
Isabella,Crescini,isabella.crescini@abafoods.it,R&D Project Manager,https://www.linkedin.com/in/isabella-crescini-b5ab3914b,US,Abafoods,True,True,FunctionalBeverageMarket,2025-07-03
Janek,Arentowicz,j.arentowicz@eatyx.com,Commercial Direcotr,https://www.linkedin.com/in/janek-arentowicz-6aab56234,EU,eatyx,True,True,FunctionalBeverageMarket,2025-07-03
Jack,Chatwin,jack.chatwin@royalunibrew.dk,Innovation and Product Development Manager,https://www.linkedin.com/in/jack-chatwin-61199195,EU,Royal Unibrew,True,True,FunctionalBeverageMarket,2025-07-03
Jessica,Clearwater,jclearwater@ghostlifestyle.com,Regulatory Associate,https://www.linkedin.com/in/jessica-clearwater-615a2750,US,GHOST,True,True,FunctionalBeverageMarket,2025-07-03
Jill,Nordness,jnordness@talkingrain.com,Senior Regulatory Scientist,https://www.linkedin.com/in/jill-nordness-031a34192,US,Talking Rain,True,True,FunctionalBeverageMarket,2025-07-03
Joe,Langton,joe@sneakenergy.com,Head of Supply Chain,https://www.linkedin.com/in/joe-langton-mcips-4aa98499,EU,SNEAK,True,True,FunctionalBeverageMarket,2025-07-03
John,Kueber,john@nevisbrands.com,Chief Executive Officer,https://www.linkedin.com/in/john-kueber-37520,US,Nevis Brands,True,True,FunctionalBeverageMarket,2025-07-03
John,Ballantyne,john@smartjuice.us,Marketing Director,https://www.linkedin.com/in/john-ballantyne-61b289180,US,Smart Juices,True,True,FunctionalBeverageMarket,2025-07-03
Johnny,Ejsing,johnny.ejsing@orkla.dk,QA Specialist,https://www.linkedin.com/in/johnnyejsing,EU,Orkla,True,True,FunctionalBeverageMarket,2025-07-03
Justin,Taylor,justin@trubrain.com,Director Of Operations,https://www.linkedin.com/in/justintaylor733,US,TruBrain,True,True,FunctionalBeverageMarket,2025-07-03
Kimberly,Bowman,kimberly@dosedaily.co,Clinical Nutrition Practitioner,https://www.linkedin.com/in/kim-bowman-ms,US,Dose,True,True,FunctionalBeverageMarket,2025-07-03
Ken,Kurtz,kkurtz@drinkbai.com,President,https://www.linkedin.com/in/ken-kurtz-721155180,US,Bai,True,True,FunctionalBeverageMarket,2025-07-03
Kristen,Sliman,kristen@threespiritdrinks.com,VP of Sales,https://www.linkedin.com/in/kristen-sliman-a8ba3277,US,Three Spirit,True,True,FunctionalBeverageMarket,2025-07-03
Kyu,Lee,kyu@purelydrinks.com,Production Director,https://www.linkedin.com/in/kyu-lee-0a6a8a4,US,Purely,True,True,FunctionalBeverageMarket,2025-07-03
Laura,Jakobsen,laura@riot.energy,Co-Founder & CEO- AKA Chief Noisemaker,https://www.linkedin.com/in/laurajakobsen,US,RIOT Energy,True,True,FunctionalBeverageMarket,2025-07-03
Leonardo,Kisser,leonardo.kisser@rfk.ind.br,Analista de Marketing Sênior | Grupo RFK,https://www.linkedin.com/in/leonardo-kisser-401524159,US,Refriko,True,True,FunctionalBeverageMarket,2025-07-03
Elizabeth,Gray,liz@dailydosejuice.co.uk,NPD Manager,https://www.linkedin.com/in/elizabeth-gray-358718190,EU,Daily Dose Juice,True,True,FunctionalBeverageMarket,2025-07-03
Maciej,Hojden,maciej.hojden@royalunibrew.dk,Business Development Manager,https://www.linkedin.com/in/maciej-hojden-58441b6b,EU,Royal Unibrew,True,True,FunctionalBeverageMarket,2025-07-03
Muhammad,Aldaqaq,maldaqaq@vivatinell.com,Export Area Sales Manager,https://www.linkedin.com/in/muhammad-aldaqaq,EU,Vivatinell,True,True,FunctionalBeverageMarket,2025-07-03
Maria,Carlson,maria@kokomio.com,Strategic Brand Manager,https://www.linkedin.com/in/mariacarlson-texas,US,Kokomio,True,True,FunctionalBeverageMarket,2025-07-03
Maria,Mulcahy,maria@madremushroom.com,Founder / CEO,https://www.linkedin.com/in/maria-mulcahy-aa75814b,US,Madre Mushroom,True,True,FunctionalBeverageMarket,2025-07-03
Mario,Soder,mario.soder@bionade.de,Gesamtvertriebsleiter,https://www.linkedin.com/in/mario-soder-727801216,EU,BIONADE,True,True,FunctionalBeverageMarket,2025-07-03
Mark,French,mark@dontquit.com,Chief Executive Officer,https://www.linkedin.com/in/mark-french-28a37049,US,Don't Quit,True,True,FunctionalBeverageMarket,2025-07-03
Mark,Zettle,markz@riot.energy,SVP of Sales,https://www.linkedin.com/in/markzettle,US,RIOT Energy,True,True,FunctionalBeverageMarket,2025-07-03
Michael,Wilke,michael@ghostlifestyle.com,Vice President of Product Development,https://www.linkedin.com/in/michael-wilke-43a44139,US,GHOST,True,True,FunctionalBeverageMarket,2025-07-03
Michael,Scanlon,mike@drinkfreespirits.com,Head of Capital Projects and Board Member,https://www.linkedin.com/in/michael-scanlon-b835867,US,Free Spirits,True,True,FunctionalBeverageMarket,2025-07-03
Milan,Martin,milan@drinkfreespirits.com,Founder & CEO,https://www.linkedin.com/in/milanmartin,US,Free Spirits,True,True,FunctionalBeverageMarket,2025-07-03
Monika,Kowal,monika@sotinatural.com,Co-owner & CEO,https://www.linkedin.com/in/monika-kowal-b9179173,EU,Soti Natural,True,True,FunctionalBeverageMarket,2025-07-03
Maria,Papadaki,mpapadaki@greenbeveragesgroup.com,Group R&D Director / QA&QC Director (CSD Division),https://www.linkedin.com/in/maria-papadaki-525a8594,EU,Green Beverages,True,True,FunctionalBeverageMarket,2025-07-03
Michael,Smothers,msmothers@drinkbodyarmor.com,Sales Director,https://www.linkedin.com/in/michael-smothers-b2594621,US,BODYARMOR,True,True,FunctionalBeverageMarket,2025-07-03
Nathan,Kleiman,nkleiman@nutrabolt.com,"SVP, Strategic Product Initiatives",https://www.linkedin.com/in/nathan-kleiman-02447b9,US,Nutrabolt,True,True,FunctionalBeverageMarket,2025-07-03
Nolwenn,Villeriott,nolwenn.villeriot@britvic.com,Chef de produit Senior,https://www.linkedin.com/in/nolwenn-villériot,EU,Britvic,True,True,FunctionalBeverageMarket,2025-07-03
Pilar,Sánchez,pilar@cofrutos.com,Dpto.  Exportación (ventas),https://www.linkedin.com/in/pilar-sánchez-cartagena-4160063b,EU,Cofrutos,True,True,FunctionalBeverageMarket,2025-07-03
Pirketta,Niskanen,pirketta.niskanen@puhdistamo.fi,R&D Manager,https://www.linkedin.com/in/pirketta-niskanen-709b8864,EU,Puhdistamo,True,True,FunctionalBeverageMarket,2025-07-03
Rachel,Fairless,rachel.fairless@agbarr.co.uk,Product Development Manager,https://www.linkedin.com/in/rachel-fairless-a5bb3871,EU,AG Barr,True,True,FunctionalBeverageMarket,2025-07-03
Ray,Dudenhoeffer,rdudenhoeffer@pressed.com,Vice President | Innovation & Commercialization,https://www.linkedin.com/in/ray-dudenhoeffer,US,Pressed,True,True,FunctionalBeverageMarket,2025-07-03
Rebecca,Caluori,rebecca.caluori@congobrands.com,Regulatory & Scientific Affairs Specialist,https://www.linkedin.com/in/rebeccacaluori,EU,Congo Brands,True,True,FunctionalBeverageMarket,2025-07-03
Regina,Okonye,regina.okonye@danone.com,Channel Development Manager,https://www.linkedin.com/in/regina-okonye-4934b723,EU,Danone,True,True,FunctionalBeverageMarket,2025-07-03
Richard,Smith-bernal,richard@thejuicesmith.com,Founder,https://www.linkedin.com/in/richard-smith-bernal-a8a68574,EU,The Juice Smith,True,True,FunctionalBeverageMarket,2025-07-03
Roberto,Biaggi,roberto.biaggi@natone.com.br,Senior Purchasing Manager,https://www.linkedin.com/in/roberto-l-biaggi,US,Natural One,True,True,FunctionalBeverageMarket,2025-07-03
Ryan,Gallagher,ryan@taika.co,Director Of Operations,https://www.linkedin.com/in/ryan-j-gallagher,US,Taika,True,True,FunctionalBeverageMarket,2025-07-03
Szymon,Borucki,s.borucki@polmlek.com,International Key Account Manager,https://www.linkedin.com/in/szymon-borucki-8543771b9,EU,Polmlek,True,True,FunctionalBeverageMarket,2025-07-03
Shannon,Argyros,shannon@positivebeverage.com,Chief Executive Officer,https://www.linkedin.com/in/shannon-argyros-119938173,US,Positive Beverage,True,True,FunctionalBeverageMarket,2025-07-03
Shawn,Stasko,shawn@drinksword.com,Chief Scientific Officer,https://www.linkedin.com/in/shawnstasko,US,Sword,True,True,FunctionalBeverageMarket,2025-07-03
Sonja,Heinritz,sheinritz@yakult.de,Science Communication Manager,https://www.linkedin.com/in/dr-sonja-heinritz-428922119,EU,Yakult,True,True,FunctionalBeverageMarket,2025-07-03
Sue,Mccown,smccown@talkingrain.com,Product Developer,https://www.linkedin.com/in/suemccown,US,Talking Rain,True,True,FunctionalBeverageMarket,2025-07-03
Svetla,Lesova,svetla.lesova@vidas.bg,Founder and Executive Director,https://www.linkedin.com/in/svetla-lesova-72156412,EU,VIDAS,True,True,FunctionalBeverageMarket,2025-07-03
Theo,Terris,theo@unclearnies.com,Chief Executive Officer,https://www.linkedin.com/in/theo-terris-649ba829,US,Uncle Arnie's,True,True,FunctionalBeverageMarket,2025-07-03
Thomas,Choi,thomas.choi@playr1.com,CMO,https://www.linkedin.com/in/thomas-choi-2495635,US,PLAYR1,True,True,FunctionalBeverageMarket,2025-07-03
Martina,Tillnerová,tillnerova@mccarter.sk,Quality Manager,https://www.linkedin.com/in/martina-tillnerová-9a99a6b5,US,McCarter,True,True,FunctionalBeverageMarket,2025-07-03
Tim,Donald,tim@sneakenergy.com,Creative Director,https://www.linkedin.com/in/tim-donald-bb729424,EU,SNEAK,True,True,FunctionalBeverageMarket,2025-07-03
Tomás,Gomez,tomas.gomezdata@grupocepas.com,Supply Chain Manager,https://www.linkedin.com/in/tomás-gomez-data-66a22b7,US,Cepas,True,True,FunctionalBeverageMarket,2025-07-03
Tshegofatso,Aphane,tshegofatso.aphane@danone.com,Quality Assurance Engineer,https://www.linkedin.com/in/tshegofatso-aphane-16245b58,EU,Danone,True,True,FunctionalBeverageMarket,2025-07-03
Ulrike,Fischer,ulrike@livefresh.de,Wissenschaftliche Mitarbeiterin im Bereich Ernährung und Produktentwicklung,https://www.linkedin.com/in/dr-ulrike-fischer-bb786bb9,EU,LiveFresh,True,True,FunctionalBeverageMarket,2025-07-03
Vasu,Goyal,vasu@dosedaily.co,Founder,https://www.linkedin.com/in/vasu-goyal,US,Dose,True,True,FunctionalBeverageMarket,2025-07-03
Will,Mcinerney,willm@noblbeverages.com,Production Manager,https://www.linkedin.com/in/will-mcinerny-8a645b113,US,NOBL,True,True,FunctionalBeverageMarket,2025-07-03
Wojciech,Rożnowski,wojciech.roznowski@foodcare.pl,R&D & Quality Director,https://www.linkedin.com/in/wojciech-rożnowski-32661087,EU,FoodCare,True,True,FunctionalBeverageMarket,2025-07-03
Zach,Muchnick,zach@positivebeverage.com,Chief Operating Office at Positive Beverage,https://www.linkedin.com/in/zach-muchnick-ba74a815,US,Positive Beverage,True,True,FunctionalBeverageMarket,2025-07-03
Julius,Zilizi,zilizi@mccarter.sk,Country Manager for Hungary & Senior Export Manager,https://www.linkedin.com/in/julius-zilizi-65a151b,US,McCarter,True,True,FunctionalBeverageMarket,2025-07-03
