First Name,Last Name,Email,Job Title,LinkedIn,Timezone - Lead,Company,Is_Valid_Email,Is_Valid_LinkedIn,Source_File,Date_Processed
Igor,Razumeiko,igor.razumeiko@42dot.ai,Director of Engineering,https://www.linkedin.com/in/razumeiko,US,42dot,True,True,GeospatialAIMarket,2025-07-03
Neil,Gerardo,neil.gerardo@mrx.com,Chief Executive Officer,https://www.linkedin.com/in/neilgerardo,US,MRX,True,True,GeospatialAIMarket,2025-07-03
Wonkyu,Park,wpark@satreci.com,Vice President,https://www.linkedin.com/in/wonkyu-park-80326542,US,Satrec,True,True,GeospatialAIMarket,2025-07-03
Andrey,Kanayev,a.kanayev@intetics.com,Chief Revenue Officer (CRO),https://www.linkedin.com/in/andrey-kanayev-2681a659,US,Intetics,True,True,GeospatialAIMarket,2025-07-03
Aron,Bowman,abowman@elmllc.com,President ELM Microgrid and ELM Solar,https://www.linkedin.com/in/aron-bowman-56a18a8,US,ELM,True,True,GeospatialAIMarket,2025-07-03
Adam,Bry,adam@skydio.com,Co-founder & CEO,https://www.linkedin.com/in/adambry,US,Skydio,True,True,GeospatialAIMarket,2025-07-03
Aaron,Driver,adriver@anduril.com,Supply Chain Manager,https://www.linkedin.com/in/aaron-driver-150a4055,US,Anduril,True,True,GeospatialAIMarket,2025-07-03
Ahmed,Mohideen,ahmed.mohideen@bentley.com,Senior Transportation Engineer,https://www.linkedin.com/in/ahmed-mohideen-80a06113,US,Bentley,True,True,GeospatialAIMarket,2025-07-03
Ali,Soytorun,ali.soytorun@verveba.com,Technical Project Manager,https://www.linkedin.com/in/ali-erdem-soytorun-b784051,US,Verveba,True,True,GeospatialAIMarket,2025-07-03
Andres,Nazario,anazario@riversideresearch.org,Senior Technical Intelligence Advisor,https://www.linkedin.com/in/andres-nazario-b71ab53b,US,Riverside Research,True,True,GeospatialAIMarket,2025-07-03
Anna,Sgro,anna.sgro@maxar.com,Senior Procurement Manager,https://www.linkedin.com/in/anna-sgro-7b26758a,US,Maxar,True,True,GeospatialAIMarket,2025-07-03
Kontsevoi,Boris,boris@intetics.com,President and CEO,https://www.linkedin.com/in/kontsevoi-boris-588499362,US,Intetics,True,True,GeospatialAIMarket,2025-07-03
Brett,Ballavance,brett.ballavance@tetratech.com,Client Manager,https://www.linkedin.com/in/brett-ballavance-469710137,US,Tetra Tech,True,True,GeospatialAIMarket,2025-07-03
Christopher,Mcmahan,cmcmahan@anduril.com,Supply Chain Program Manager,https://www.linkedin.com/in/chrismcmahan85,US,Anduril,True,True,GeospatialAIMarket,2025-07-03
Andrew,Culhane,culhane@torc.ai,Chief Commercial Officer (CCO),https://www.linkedin.com/in/andrew-culhane-07013513,US,Torc,True,True,GeospatialAIMarket,2025-07-03
Christopher,Workinger,cworkinger@riversideresearch.org,Senior Technical Intelligence Advisor,https://www.linkedin.com/in/christopher-workinger-5455a226a,US,Riverside Research,True,True,GeospatialAIMarket,2025-07-03
Diane,Duneske,diane.duneske@maxar.com,Senior Manager of Operations,https://www.linkedin.com/in/diane-duneske-b08274bb,US,Maxar,True,True,GeospatialAIMarket,2025-07-03
Eric,Tauch,eric@crimsonphoenix.com,Program Manager,https://www.linkedin.com/in/eric-tauch-7741b611,US,Crimson Phoenix,True,True,GeospatialAIMarket,2025-07-03
Erich,Hochmuth,erich@climate.com,Sr. Director Data & Analytics,https://www.linkedin.com/in/erichhochmuth,US,Climate,True,True,GeospatialAIMarket,2025-07-03
Erin,Ethier,erin.ethier@aevex.com,Senior Pricing Manager,https://www.linkedin.com/in/erin-ethier-65800213,US,AEVEX,True,True,GeospatialAIMarket,2025-07-03
James,Cooper,james@crimsonphoenix.com,Program Manager,https://www.linkedin.com/in/james-cooper-0811,US,Crimson Phoenix,True,True,GeospatialAIMarket,2025-07-03
Joseph,Mandara,jmandara@southerncrossinc.com,Regional Vice President Of Operations,https://www.linkedin.com/in/joseph-mandara-129852180,US,Southern Cross,True,True,GeospatialAIMarket,2025-07-03
John,Wilshusen,john.wilshusen@linquest.com,Senior Strategic Planner,https://www.linkedin.com/in/john-wilshusen-a811045,US,LinQuest,True,True,GeospatialAIMarket,2025-07-03
Josh,Rao,josh@avcoconsulting.com,Business Development Coordinator,https://www.linkedin.com/in/josh-rao-8573a3190,US,Avco,True,True,GeospatialAIMarket,2025-07-03
John,Perry,jperry@esri.com,Contracts Manager,https://www.linkedin.com/in/john-perry-47592b74,US,Esri,True,True,GeospatialAIMarket,2025-07-03
Kristen,Smithson,ksmithson@blacksky.com,"VP, Production and Supply Chain",https://www.linkedin.com/in/ksmithson,US,BlackSky,True,True,GeospatialAIMarket,2025-07-03
Patrick,O'Neil,poneil@blacksky.com,Chief Technology Officer,https://www.linkedin.com/in/patrickoneil,US,BlackSky,True,True,GeospatialAIMarket,2025-07-03
Ravi,Gulati,ravi.gulati@aurigo.com,Chairman,https://www.linkedin.com/in/ravigulati,US,Aurigo,True,True,GeospatialAIMarket,2025-07-03
Rick,Hornstrom,rick.hornstrom@egen.ai,Chief Growth Officer,https://www.linkedin.com/in/rickhornstrom,US,Egen,True,True,GeospatialAIMarket,2025-07-03
Roger,Wells,roger.wells@aevex.com,President,https://www.linkedin.com/in/roger-wells-b4b8294,US,AEVEX,True,True,GeospatialAIMarket,2025-07-03
Scott,Warner,scott.warner@mapbox.com,Head Of Procurement,https://www.linkedin.com/in/scott-warner-46773114,US,Mapbox,True,True,GeospatialAIMarket,2025-07-03
Supratim,Ghose,supratim.ghose@aurigo.com,Director - Delivery Management,https://www.linkedin.com/in/supratim-ghose,US,Aurigo,True,True,GeospatialAIMarket,2025-07-03
Tom,Moss,tom@skydio.com,"COO (2018-2020), CEO APAC (2020-2024), Chief Corp Dev (2024~)",https://www.linkedin.com/in/tommoss,EU,Skydio,True,True,GeospatialAIMarket,2025-07-03
Thomas,Renner,trenner@elmllc.com,Operations & Supply Chain Manager,https://www.linkedin.com/in/thomas-renner-2bbb8090,US,ELM,True,True,GeospatialAIMarket,2025-07-03
Ugbede,Abu,uabu@credence-llc.com,Senior Supply Chain Advisor,https://www.linkedin.com/in/ugbede-abu-97a97645,US,Credence,True,True,GeospatialAIMarket,2025-07-03
Vijay,Nalamada,vijay@avcoconsulting.com,Chief Executive Officer,https://www.linkedin.com/in/vijay-nalamada-97466873,US,Avco Consulting,True,True,GeospatialAIMarket,2025-07-03
Arnold,Meijer,arnold.meijer@tomtom.com,Director - Global Head of Partnerships,https://www.linkedin.com/in/arnoldmeijer,EU,TomTom,True,True,GeospatialAIMarket,2025-07-03
David,Wiernik,david@nng.com,President,https://www.linkedin.com/in/david-wiernik-4100461,US,NNG,True,True,GeospatialAIMarket,2025-07-03
Delia,Staffieri,delia.staffieri@angelcompany.com,"Senior Manager Business Market Intelligence, M&A",https://www.linkedin.com/in/deliastaffieri,US,Angel,True,True,GeospatialAIMarket,2025-07-03
Jon,Turner,jon.turner@janes.com,Chief Information Security Officer,https://www.linkedin.com/in/jjturner,EU,Janes,True,True,GeospatialAIMarket,2025-07-03
Jeroen,Vanwinden,jvanwinden@esri.nl,CTO,https://www.linkedin.com/in/jeroenvanwinden,EU,Esri,True,True,GeospatialAIMarket,2025-07-03
Leendert,Van Bochoven,leendert.vanbochoven@janes.com,Chief Commercial Officer (CCO),https://www.linkedin.com/in/leendertvanbochoven,EU,Janes,True,True,GeospatialAIMarket,2025-07-03
Mark,Herbold,mherbold@esri.nl,President,https://www.linkedin.com/in/markherbold,EU,Esri,True,True,GeospatialAIMarket,2025-07-03
Mindy,Gillespie,mindy.gillespie@yunextraffic.com,Head of Communications - North America,https://www.linkedin.com/in/mindy-gillespie-2549537,US,Yunex Traffic,True,True,GeospatialAIMarket,2025-07-03
Pasi,Nikama,pasi.nikama@fintraffic.fi,Senior Vice President,https://www.linkedin.com/in/pasi-nikama-1187805,EU,Fintraffic,True,True,GeospatialAIMarket,2025-07-03
Ralf,Pichl,ralf.pichl@smartdataworx.com,Geschäftsführer,https://www.linkedin.com/in/ralf-pichl-123126189,EU,Smart Data Worx,True,True,GeospatialAIMarket,2025-07-03
Raymon,Danser,raymon.danser@yunextraffic.com,Head of Treasury,https://www.linkedin.com/in/raymon-danser-20674b6,EU,Yunex Traffic,True,True,GeospatialAIMarket,2025-07-03
Sebastian,Mauthofer,sebastian.mauthofer@efs-techhub.com,Chief Product Security Officer (CPSO),https://www.linkedin.com/in/sebastian-mauthofer-770321212,EU,TechHub,True,True,GeospatialAIMarket,2025-07-03
Sébastien,Delhôme,sebastien.delhome@tomtom.com,Country Manager France,https://www.linkedin.com/in/sébastien-delhôme-6b5595b8,EU,TomTom,True,True,GeospatialAIMarket,2025-07-03
Tarja,Hatinen,tarja.hatinen@fintraffic.fi,Chief Financial Officer,https://www.linkedin.com/in/tarja-hatinen-408b425,EU,Fintraffic,True,True,GeospatialAIMarket,2025-07-03
