First Name,Last Name,Email,Job Title,LinkedIn,Timezone - Lead,Company,Is_Valid_Email,Is_Valid_LinkedIn,Source_File,Date_Processed
Adrian,Loo,adrian.loo@aica-ap.com,Vice President Procurement,https://www.linkedin.com/in/adrian-loo-70246a142,US,AICA,True,True,GreenBuildingMaterialsMarket,2025-07-03
Andrea,Floreani,andrea.floreani@pittini.it,Consigliere delegato - Chief Executive Officer - SIAT S.p.a.,https://www.linkedin.com/in/andrea-floreani-02036a27,US,Pittini,True,True,GreenBuildingMaterialsMarket,2025-07-03
Arbab,Khan,arbab@alubond.com,Chief Executive Officer,https://www.linkedin.com/in/arbab-khan-79414714,US,Alubond,True,True,GreenBuildingMaterialsMarket,2025-07-03
Brian,Ng,brian.ng@aica-ap.com,"Senior Managing Director, ADB Sealant Company Limited",https://www.linkedin.com/in/brianiyng,EU,AICA,True,True,GreenBuildingMaterialsMarket,2025-07-03
Fadzli,Hussain,fadzli.hussain@cima.com.my,Senior Procurement Executive,https://www.linkedin.com/in/muhamadfadzli,EU,CIMA,True,True,GreenBuildingMaterialsMarket,2025-07-03
Fausto,Gortana,fausto.gortana@pittini.it,Chief of Raw Materials Purchasing Department,https://www.linkedin.com/in/fausto-gortana-ab75015,US,Pittini,True,True,GreenBuildingMaterialsMarket,2025-07-03
Felicia,Tan,felicia.tan@ardex-quicseal.com,Commercial Manager,https://www.linkedin.com/in/felicia-tan-1359b847,US,Ardex-Quicseal,True,True,GreenBuildingMaterialsMarket,2025-07-03
Hai,Nguyen,hai.nguyentruong@saint-gobain.com,Chief Executive Officer,https://www.linkedin.com/in/hai-nguyen-truong-3b36509,EU,Saint-Gobain,True,True,GreenBuildingMaterialsMarket,2025-07-03
Huynh,Mai,huynh.mai@saint-gobain.com,OEM - Assistant Purchasing Manager,https://www.linkedin.com/in/huynh-mai-89ba0990,EU,Saint-Gobain,True,True,GreenBuildingMaterialsMarket,2025-07-03
James,Tan,james@ardex-quicseal.com,Managing Director,https://www.linkedin.com/in/james-tan-aa6a3a5,US,ARDEX-QUICSEAL,True,True,GreenBuildingMaterialsMarket,2025-07-03
Martyn,Green,martyn.green@libertysteelgroup.com,Plant Manager - Upstream Operations,https://www.linkedin.com/in/martyn-green-b49a6960,EU,Liberty Steel,True,True,GreenBuildingMaterialsMarket,2025-07-03
Pooja,Dixit,pooja.dixit@gfgalliance.com,Operational Excellence Analyst,https://www.linkedin.com/in/pooja-dixit-18965595,EU,GFG,True,True,GreenBuildingMaterialsMarket,2025-07-03
Quoc,Phan,quoc.phan@tekcom.vn,Head of Cabinet Operations,https://www.linkedin.com/in/quoc-phan-316508165,EU,Tekcom,True,True,GreenBuildingMaterialsMarket,2025-07-03
Sebastián,Widoycovich,sebastian.widoycovich@arauco.cl,Jefe de Compras TI,https://www.linkedin.com/in/sebastian-widoycovich,US,Arauco,True,True,GreenBuildingMaterialsMarket,2025-07-03
Thanh,Cao,thanh@siamcitycement.com,Operation Procurement Specialits,https://www.linkedin.com/in/thanh-cao-quoc-816b7249,EU,Siam City Cement,True,True,GreenBuildingMaterialsMarket,2025-07-03
Toan,Ho,toan.ho@siamcitycement.com,Procurement Specialist,https://www.linkedin.com/in/toan-ho-49b264188,EU,Siam City Cement,True,True,GreenBuildingMaterialsMarket,2025-07-03
