First Name,Last Name,Email,Job Title,LinkedIn,Timezone - Lead,Company,Is_Valid_Email,Is_Valid_LinkedIn,Source_File,Date_Processed
Jasmine,Johnson,jasmine@aavrani.com,Director of Product Development,https://www.linkedin.com/in/jasmine-johnson-6b8a9442,US,AAVRANI,True,True,HairSerumMarket,2025-07-03
Francesca,Comandulli,francesca.comandulli@alfaparfmilano.com,Product Development Manager,https://www.linkedin.com/in/francesca-comandulli-10146b99,US,Alfaparf Milano,True,True,HairSerumMarket,2025-07-03
Olga,Shatova-krstonijevic,o.shatova@alherbolab.com,Chief Executive Officer,https://www.linkedin.com/in/olga-shatova,EU,AlHerboLab,True,True,HairSerumMarket,2025-07-03
Michael,Chanin,michael.chanin@ambixlabs.com,Vice President,https://www.linkedin.com/in/michael-chanin-062214108,US,Ambix,True,True,HairSerumMarket,2025-07-03
Cristina,Martínez,cristinamartinez@arual.es,Chief Executive Officer,https://www.linkedin.com/in/cristina-martínez-0475a621,EU,Arual,True,True,HairSerumMarket,2025-07-03
Taylore,Woods,twoods@ashtae.com,Chief Executive Officer,https://www.linkedin.com/in/taylorewoods,US,Ashtae,True,True,HairSerumMarket,2025-07-03
Annabel,Short,ashort@axbeauty.com,Senior Director of Brand Development,https://www.linkedin.com/in/annabelshort,US,AX Beauty,True,True,HairSerumMarket,2025-07-03
Peter,Song,psong@beautymanufacture.com,President,https://www.linkedin.com/in/peter-song-bmsc,US,Beauty Manufacturing,True,True,HairSerumMarket,2025-07-03
Lauren,Levin,llevin@beautyscopellc.com,Regional Manager,https://www.linkedin.com/in/lauren-levin-07a511146,US,Beautyscope,True,True,HairSerumMarket,2025-07-03
Antoine,Nahmani,antoine@biorecherche.fr,Managing Director,https://www.linkedin.com/in/antoine-nahmani-b4289838,EU,Bio-Recherche,True,True,HairSerumMarket,2025-07-03
Yehoda,Levi,yehoda@biotopworld.com,CEO & Owner,https://www.linkedin.com/in/yehoda-levi-24b40339,US,Biotop,True,True,HairSerumMarket,2025-07-03
Quentin,Higham,quentin.higham@brandarchitekts.com,Chief Executive Officer,https://www.linkedin.com/in/quentin-higham-94ab6911,EU,Brand Architekts,True,True,HairSerumMarket,2025-07-03
Arun,Nandagiri,arun@brialab.com,President,https://www.linkedin.com/in/arun-nandagiri-2b898b6,US,Bria Labs,True,True,HairSerumMarket,2025-07-03
Candace,Nall,candacenall@canebeauty.com,Chief Scientific Officer and Co-Founder,https://www.linkedin.com/in/candace-nall-md-board-certified-emergency-medicine-physician-8009691a2,US,CANE Beauty,True,True,HairSerumMarket,2025-07-03
Christophe,Biot,christophenicolasbiot@christophenicolasbiot.com,"Créateur d’entreprise, de concept, Directeur Artistique",https://www.linkedin.com/in/christophe-nicolas-biot,EU,Christophe Nicolas Biot,True,True,HairSerumMarket,2025-07-03
Nicholas,Dindio,ndindio@conceptlabs.org,Director of Research Development,https://www.linkedin.com/in/nickdindio,US,Concept Labs,True,True,HairSerumMarket,2025-07-03
Nour,Mrad,nourmrad@maliagroup.com,Senior Research & Development Scientist,https://www.linkedin.com/in/nour-mrad-724801191,EU,Cosmaline,True,True,HairSerumMarket,2025-07-03
Gwenaëlle,Chancogne,g.chancogne@cosmetiqueenprovence.com,Responsable recherche et développement,https://www.linkedin.com/in/gwenaëlle-chancogne-06527519b,EU,CEP,True,True,HairSerumMarket,2025-07-03
Maria,Petrucci,mcpetrucci@cosmofarma.it,Owner of the Company,https://www.linkedin.com/in/maria-celeste-petrucci-73116335,US,Cosmofarma,True,True,HairSerumMarket,2025-07-03
Arianna,Arioli,arianna.arioli@cotril.it,Senior product manager,https://www.linkedin.com/in/arianna-arioli-7320201b,US,Cotril,True,True,HairSerumMarket,2025-07-03
Caesar,Muñoz,caesar@cppbeauty.com,Founder & CEO,https://www.linkedin.com/in/caesar-muñoz-926711193,US,IHCT,True,True,HairSerumMarket,2025-07-03
Flore,Gimello,flore@crownaffair.com,Chief Financial Officer,https://www.linkedin.com/in/flore-gimello,US,Crown Affair,True,True,HairSerumMarket,2025-07-03
Robin,Whitney,robin@cultandking.com,Managing Partner and CEO,https://www.linkedin.com/in/robinwhitney,US,Cult+King,True,True,HairSerumMarket,2025-07-03
Angeliki,Rapti,a.rapti@daloncosmetics.gr,Research And Development Manager,https://www.linkedin.com/in/angeliki-rapti-51b42334,EU,Dalon,True,True,HairSerumMarket,2025-07-03
Věra,Komárová,vera.komarova@dermacol.cz,Vlastník,https://www.linkedin.com/in/věra-komárová-b3a167241,EU,Dermacol,True,True,HairSerumMarket,2025-07-03
Ken,Beck,kbeck@dlabllc.com,Vice President Operations,https://www.linkedin.com/in/ken-beck-09675a3,US,DLAB,True,True,HairSerumMarket,2025-07-03
Stefano,Bruson,stefano.bruson@dreamlab.srl,Chief Operating,https://www.linkedin.com/in/stefano-bruson-1a50741b3,US,Dreamlab,True,True,HairSerumMarket,2025-07-03
Mònica,Pujadas,mpujadas@dsddeluxe.com,Directora de marketing,https://www.linkedin.com/in/monica-pujadas,EU,DSD de Luxe,True,True,HairSerumMarket,2025-07-03
Randall,Smith,randall@dudleyq.com,Executive Director of Education and Productions,https://www.linkedin.com/in/randall-k-smith-43648513,US,Dudley Beauty,True,True,HairSerumMarket,2025-07-03
Eitelberg,Montarroyos,bergie@echemco.com,CEO,https://www.linkedin.com/in/eitelberg-montarroyos-b6585023,US,Chemco,True,True,HairSerumMarket,2025-07-03
Audrey,Schunemann,a.schunemann@edencos.fr,Présidente et fondatrice,https://www.linkedin.com/in/audrey-schunemann-59345744,EU,EDENCOS,True,True,HairSerumMarket,2025-07-03
Tom,Wilk,tom.wilk@emil-kiessling.de,CSO bei Emil Kiessling GmbH /Geschäftsleitung,https://www.linkedin.com/in/tom-wilk-3221a671,EU,Emil Kiessling,True,True,HairSerumMarket,2025-07-03
Maciej,Tochowicz,maciej.tochowicz@ethne.eu,Chief Executive Officer,https://www.linkedin.com/in/maciej-tochowicz-b183118,EU,Ethne,True,True,HairSerumMarket,2025-07-03
Cristina,Lopez cobollo,cristina@farline.es,Dir. Técnico y Resp. Comunicación Farline,https://www.linkedin.com/in/cristina-lopez-cobollo-14872651,EU,Farline,True,True,HairSerumMarket,2025-07-03
Magdalena,Konstanty,magdalena.konstanty@farmona.pl,Kierownik ds. badań i rozwoju,https://www.linkedin.com/in/magdalena-konstanty-3b9051258,EU,Farmona,True,True,HairSerumMarket,2025-07-03
Maciej,Mikulski,mmikulski@farouk.pl,CEO,https://www.linkedin.com/in/maciej-mikulski-5684aa80,EU,Farouk,True,True,HairSerumMarket,2025-07-03
Rachel,Hart,rachel@federicibrands.com,"Director, Purchasing/Procurement",https://www.linkedin.com/in/rachelhartrit,US,Federici Brands,True,True,HairSerumMarket,2025-07-03
Michael,Lorence,michael@flexcosmetics.com,Owner/Operator,https://www.linkedin.com/in/michael-lorence-9aab247b,US,Flex Cosmetics,True,True,HairSerumMarket,2025-07-03
Luciana,Fistarol,luciana@getboldify.com,Chief Operating Officer,https://www.linkedin.com/in/luciana-fistarol,US,Boldify,True,True,HairSerumMarket,2025-07-03
Charlin,Von bergen,charlin@glynt.com,Marketingleitung,https://www.linkedin.com/in/charlin-von-bergen-3b464318b,EU,Hans Conzen,True,True,HairSerumMarket,2025-07-03
Alicia,Grande,alicia@grandecosmetics.com,Chief Executive Officer,https://www.linkedin.com/in/alicia-grande-841238332,US,Grande,True,True,HairSerumMarket,2025-07-03
Ron,Griffin,ron@griffinremedy.com,President,https://www.linkedin.com/in/ron-griffin-127b7376,US,Griffin Remedy,True,True,HairSerumMarket,2025-07-03
Greg,Maged,greg@helloseen.com,"Cofounder, Chief Executive Officer",https://www.linkedin.com/in/greg-maged-8238361,US,SEEN,True,True,HairSerumMarket,2025-07-03
Leon,Van Keeken,leon@imdsglobal.com,"Founder, Owner and CEO",https://www.linkedin.com/in/leon-j-a-van-keeken-29491215,EU,IMDSGLOBAL,True,True,HairSerumMarket,2025-07-03
Melani,Heller,mheller@inspiredbeauty.com,Product Development Director,https://www.linkedin.com/in/melani-heller-50404746,US,Inspired Beauty,True,True,HairSerumMarket,2025-07-03
Apostolos,Pappas,apostolos.pappas@intercos.com,CSO Global: SHPCF Chief Scientific Officer & Head of R&D EU/US,https://www.linkedin.com/in/drpappas,US,Intercos,True,True,HairSerumMarket,2025-07-03
Yutaro,Hara,yutaro.hara@johnmasters.com,Chairman,https://www.linkedin.com/in/yutaro-hara-22ab2755,EU,John Masters,True,True,HairSerumMarket,2025-07-03
Ashley,Rose,arose@jstrickland.net,Vice President,https://www.linkedin.com/in/ashley-rose-77519296,US,J. Strickland,True,True,HairSerumMarket,2025-07-03
Cristina,Bordils Montero,bmontero@laboratoriosbabe.com,DIRECTORA GENERAL,https://www.linkedin.com/in/cristinabordils,EU,BABÉ,True,True,HairSerumMarket,2025-07-03
Meir,Dayan,dayan@lalga.com,Founder & CEO,https://www.linkedin.com/in/meir-dayan-b2ba99162,EU,L'Alga,True,True,HairSerumMarket,2025-07-03
Daniel,Hernandez,daniel.hernandez@langehair.com,Creative Director,https://www.linkedin.com/in/dhernandezmedia,US,L'ange Hair,True,True,HairSerumMarket,2025-07-03
Sheg,Aranmolate,sheg@leovard.com,Founder + CEO,https://www.linkedin.com/in/drsheg,US,Leovard,True,True,HairSerumMarket,2025-07-03
Madelen,Harr,madelen@lernbergerstafsing.com,CFO,https://www.linkedin.com/in/madelenharr,EU,Lernberger Stafsing,True,True,HairSerumMarket,2025-07-03
Gianfranco,Castro,gianfranco@lisapitalia.com,Direttore Generale - Managing Director HQ Holding,https://www.linkedin.com/in/gianfranco-castro-27b2481,US,Lisap,True,True,HairSerumMarket,2025-07-03
Nathalie,Dabin,nathalie.dabin@mademoisellecosmetique.com,Créatrice de Cosmétiques sur-mesure,https://www.linkedin.com/in/nathalie-dabin-59692195,EU,Mademoiselle,True,True,HairSerumMarket,2025-07-03
Christine,Steger,christine.steger@mann-schroeder.de,Geschäftsführerin / CEO,https://www.linkedin.com/in/steger-christine,EU,Mann & Schröder,True,True,HairSerumMarket,2025-07-03
Motti,E,motti@mapleholistics.com,Chief Executive Officer,https://www.linkedin.com/in/motti-e-1928732b6,US,Maple Holistics,True,True,HairSerumMarket,2025-07-03
Mireia,Carcolé,mcarcole@martiderm.com,Chief people officer,https://www.linkedin.com/in/mireia-carcolé-76748b1aa,EU,MartiDerm,True,True,HairSerumMarket,2025-07-03
Francesca,Canteri,francesca@maternatura.it,Chief Executive Officer,https://www.linkedin.com/in/francescacanteri,US,Maternatura,True,True,HairSerumMarket,2025-07-03
Barbara,Koszułap,barbara.koszulap@maurisse.com,Financial Director,https://www.linkedin.com/in/barbara-koszułap-b49460137,US,Maurisse,True,True,HairSerumMarket,2025-07-03
Kathrin,Braun,kbraun@maxim-markenprodukte.de,Senior Category & Innovation Manager bei Maxim Markenprodukte,https://www.linkedin.com/in/kathrin-braun-0826a8325,EU,MAXIM,True,True,HairSerumMarket,2025-07-03
Morgane,Rozenberg,morgane@mbcosmeticslab.com,Chief Executive Officer,https://www.linkedin.com/in/morgane-rozenberg-612792a1,EU,MB Cosmetics,True,True,HairSerumMarket,2025-07-03
Sarah,Austin,sarah.austin@mercona.com,General Manager,https://www.linkedin.com/in/sarah-austin-837b6830,EU,Mercona,True,True,HairSerumMarket,2025-07-03
Carmen,Batlle,carmen.batlle@montibello.com,Supply Chain Operations and Logistic Director,https://www.linkedin.com/in/carmenbatlleblanco,EU,Montibello,True,True,HairSerumMarket,2025-07-03
Marina,Kirschner,marinak@moroccanoil.com,Global Head of Marketing,https://www.linkedin.com/in/marina-kirschner,US,Moroccanoil,True,True,HairSerumMarket,2025-07-03
Gabi,Day,gabi@mybrightbody.com,Founder,https://www.linkedin.com/in/gpintocoelho,US,Bright Body,True,True,HairSerumMarket,2025-07-03
Andreia,Rodrigues,arodrigues@nally.pt,Technical Director and R&D Manager,https://www.linkedin.com/in/andreia-rodrigues-789263a9,US,Nally,True,True,HairSerumMarket,2025-07-03
Agnieszka,Niedziałek,aniedzialek@napieknewlosy.pl,CVO,https://www.linkedin.com/in/agnieszka-niedziałek-338389b5,EU,napieknewlosy,True,True,HairSerumMarket,2025-07-03
Jamila,Powell,jamila.powell@naturallydrenched.com,Founder,https://www.linkedin.com/in/jamila-powell-4480114,US,Naturally Drenched,True,True,HairSerumMarket,2025-07-03
Mana,Kinoshita,mana.kinoshita@neotericbeauty.com,Senior Director Product Development,https://www.linkedin.com/in/mana-kinoshita-84602383,US,Neoteric Beauty,True,True,HairSerumMarket,2025-07-03
Diego,Vivar,dvivar@nuxe.com,General Manager Business Unit Spain,https://www.linkedin.com/in/diego-vivar-4208b417,EU,NUXE,True,True,HairSerumMarket,2025-07-03
Abdullah,Alabdulwahab,abdullah@nv.sa,مؤسس ومدير تنفيذي,https://www.linkedin.com/in/abdullah-alabdulwahab-b75a7a8a,EU,Nature Visions,True,True,HairSerumMarket,2025-07-03
Silvia,Carlini,silvia.carlini@officinanaturae.com,CEO and Co-founder Officina naturae,https://www.linkedin.com/in/silvia-carlini-059866205,US,Officina Naturae,True,True,HairSerumMarket,2025-07-03
Vince,Stavale,vince.stavale@oribe.com,"Executive Director, Oribe Global Packaging Design",https://www.linkedin.com/in/vincentstavale,US,Oribe,True,True,HairSerumMarket,2025-07-03
Onuwabhagbe,Omodiagbe,onuwabhagbe@orilifestyle.com,Senior Marketing Manager,https://www.linkedin.com/in/onuwabhagbeomodiagbe,EU,Ori,True,True,HairSerumMarket,2025-07-03
Meghan,Maupin,meg@ourx.co,Chief Executive Officer,https://www.linkedin.com/in/meghan-maupin,US,OurX,True,True,HairSerumMarket,2025-07-03
Damaris,Vijzelman,vijzelman@personalcareconcepts.nl,CCO at Personal Care Concepts,https://www.linkedin.com/in/damaris-vijzelman-53584839,EU,Personal Care concepts,True,True,HairSerumMarket,2025-07-03
María,Navarro,pino.navarro@phergal.com,Directora General,https://www.linkedin.com/in/maría-del-pino-navarro-ba303410,EU,Phergal,True,True,HairSerumMarket,2025-07-03
Pascal,Zuta,pascal.zuta@pomelo-co.com,Investor and Board Member,https://www.linkedin.com/in/pascalzuta,US,Pomélo,True,True,HairSerumMarket,2025-07-03
Mauro,Appiani,mauro.appiani@professionalbyfama.com,CEO & CO-OWNER,https://www.linkedin.com/in/mauro-appiani-3889b46,US,Professional by Fama,True,True,HairSerumMarket,2025-07-03
John,Garruto,jgarruto@radicaltechnology.com,President,https://www.linkedin.com/in/johnanthonygarruto,US,Free Radical Technology,True,True,HairSerumMarket,2025-07-03
Barth,Groeneveld,barth@revitaltrax.com,Managing Director,https://www.linkedin.com/in/barthgroeneveld,EU,RevitalTrax,True,True,HairSerumMarket,2025-07-03
Mesha,Thomas,mesha.thomas@revlon.com,Global Product Development Manager,https://www.linkedin.com/in/mesha-thomas-86ab8847,US,Revlon,True,True,HairSerumMarket,2025-07-03
Sam,Wilson,swilson@rodanandfields.com,"Vice President, Growth Marketing",https://www.linkedin.com/in/samhillelwilson,US,Rodan and Fields,True,True,HairSerumMarket,2025-07-03
Karl,Parteder,karl.parteder@roma.at,Technischer Leiter,https://www.linkedin.com/in/karl-parteder,EU,RoMa,True,True,HairSerumMarket,2025-07-03
Joshua,Figueroa,joshua.figueroa@seacretspa.com,CEO Owner,https://www.linkedin.com/in/joshua-figueroa-11689055,US,Seacret Spa,True,True,HairSerumMarket,2025-07-03
Michał,Spadziński,m.spadzinski@sesderma.com,Country Manager,https://www.linkedin.com/in/mspadzinski,EU,Sesderma,True,True,HairSerumMarket,2025-07-03
Jessica,Parrish,jessica@shedidandparrish.co.uk,Founder / CEO,https://www.linkedin.com/in/jessicaparrishuk,EU,Shedid & Parrish,True,True,HairSerumMarket,2025-07-03
Hannah,D,hannah@siennanaturals.com,Founder & CEO,https://www.linkedin.com/in/hannah-d-1323753b,US,Sienna Naturals,True,True,HairSerumMarket,2025-07-03
Gregory,Northam,greg.northam@siganamerica.com,VP of Operations/General Manager,https://www.linkedin.com/in/gregory-northam-bb405b15,US,SIGAN AMERICA,True,True,HairSerumMarket,2025-07-03
Laurent,Gardies,laurent.gardies@simah-cosmetiques.fr,Directeur Développement CDMO - SIMAH Groupe SOTHYS,https://www.linkedin.com/in/laurent-gardies-50774aa1,EU,SIMAH,True,True,HairSerumMarket,2025-07-03
Sara,Bergstedt,sara@sminklabs.com,Owner and Creative Director,https://www.linkedin.com/in/sara-bergstedt-6b82a911,EU,SMINK,True,True,HairSerumMarket,2025-07-03
Matt,Decker,mdecker@suavebrandsco.com,Director of Innovation,https://www.linkedin.com/in/matt-decker-he-him-his-25168435,US,Suave,True,True,HairSerumMarket,2025-07-03
Piper,Farrell,piper@tginatural.com,Managing Partner,https://www.linkedin.com/in/piperfarrell,US,TGIN,True,True,HairSerumMarket,2025-07-03
Camille,Wright,c.wright@thedoux.com,Head of Marketing/SVP,https://www.linkedin.com/in/camilleigh,US,The Doux,True,True,HairSerumMarket,2025-07-03
Alison,Yeh,alison.y@therootist.com,Chief Brand Officer,https://www.linkedin.com/in/alisonyeh,US,The Rootist,True,True,HairSerumMarket,2025-07-03
Olivia,Eloisa,olivia@theserenitylab.com,Founder/Company Director,https://www.linkedin.com/in/olivia-eloisa-956b6a2aa,EU,Serenity Lab,True,True,HairSerumMarket,2025-07-03
Julius,Kotte,julius.kotte@titania-beauty.de,Prokurist / Vice President,https://www.linkedin.com/in/julius-kotte-1b0824222,EU,Titania,True,True,HairSerumMarket,2025-07-03
Leonardo,Lastrucci,leonardo.lastrucci@tricobiotos.it,Operations Manager – Managing Director,https://www.linkedin.com/in/leonardo-lastrucci-56b33089,US,Tricobiotos,True,True,HairSerumMarket,2025-07-03
Saleem,Jan,saleemj@ubbrands.com,National Sales And Marketing Director,https://www.linkedin.com/in/saleem-jan-096708271,US,UB Brands,True,True,HairSerumMarket,2025-07-03
Manuel,Cerrillo,manuel.cerrillo@valquer.com,Deputy CEO,https://www.linkedin.com/in/manuel-cerrillo-996177109,EU,Valquer,True,True,HairSerumMarket,2025-07-03
Darren,Summers,darren@vegamour.com,CFO / COO,https://www.linkedin.com/in/darrensummers1,US,Vegamour,True,True,HairSerumMarket,2025-07-03
Maura,Angelillo,mauraangelillo@vitalabactive.com,Marketing & Sales Manager,https://www.linkedin.com/in/maura-angelillo-256491143,US,Vitalab,True,True,HairSerumMarket,2025-07-03
Roberto,Monteiro,r.monteiro@weareprovital.com,CEO PROVITAL DO BRASIL,https://www.linkedin.com/in/roberto-monteiro-715067204,US,Provital,True,True,HairSerumMarket,2025-07-03
Decio,Oliveira,decio.lopes@wella.com,Gerente de pesquisa e desenvolvimento,https://www.linkedin.com/in/decio-lopes-de-oliveira-junior-b66520279,US,Wella,True,True,HairSerumMarket,2025-07-03
Zrinka,Wergeland,zrinka@wowbrow.com,Chief Operating Officer (COO),https://www.linkedin.com/in/zrinka-wergeland-b2b43b12,EU,WOWBROW,True,True,HairSerumMarket,2025-07-03
Rushi,Tasker,rtasker@zotos.com,"Vice President, Research & Development",https://www.linkedin.com/in/rushi-tasker-6840b69,US,Zotos Professional,True,True,HairSerumMarket,2025-07-03
