First Name,Last Name,Email,Job Title,LinkedIn,Timezone - Lead,Company,Is_Valid_Email,Is_Valid_LinkedIn,Source_File,Date_Processed
Joe,Jenca,joe.jenca@advantagecsr.com,Contractor Distributer Rep.,https://www.linkedin.com/in/joe-jenca-729196245,US,Advantage Contractor Supply,True,True,HeatGunMarket,2025-07-03
Mike,Rardon,mrardon@alcornindustrial.com,National Sales Manager,https://www.linkedin.com/in/mike-rardon-6a56a810,US,Alcorn Industrial,True,True,HeatGunMarket,2025-07-03
Joe,Barnhorst,jbarnhorst@alcornindustrial.com,Operations Manager,https://www.linkedin.com/in/joe-barnhorst-91703738,US,Alcorn Industrial,True,True,HeatGunMarket,2025-07-03
Fabian,Beckmann,fabian.beckmann@bosch.com,Director Product Area,https://www.linkedin.com/in/fabianbeckmann,EU,eAx,True,True,HeatGunMarket,2025-07-03
Hartmut,Schneeweiss,hartmut.schneeweiss@bosch.com,Senior Manager Technologie & Innovation,https://www.linkedin.com/in/hartmut-schneeweiss-8b112013b,EU,eAx,True,True,HeatGunMarket,2025-07-03
Martin,Jones,martin.jones@rexel.co.uk,National Sales Manager,https://www.linkedin.com/in/martin-jones-1196b91b3,EU,REXEL,True,True,HeatGunMarket,2025-07-03
Lucy,Haag,lucy.haag@rowi.de,Teamleiter Produktmanagement,https://www.linkedin.com/in/lucy-haag-395522120,EU,ROWI,True,True,HeatGunMarket,2025-07-03
Marcel,Teller,marcel.teller@weller-tools.com,"Senior Global Product Manager, Industrial Tools (Weller Professional Portfolio)",https://www.linkedin.com/in/marcel-teller,EU,Weller Tools,True,True,HeatGunMarket,2025-07-03
David,Naacke,david.naacke@weller-tools.com,Product Manager Weller Consumer,https://www.linkedin.com/in/david-naacke-1b1922213,EU,Weller,True,True,HeatGunMarket,2025-07-03
