[
    {
        "Source_File": "ActiveCosmeticsMarket",
        "Total_Emails": 10
    },
    {
        "Source_File": "BatteryRecyclingMarket",
        "Total_Emails": 95
    },
    {
        "Source_File": "BearingMarket",
        "Total_Emails": 300
    },
    {
        "Source_File": "BluetoothSpeakerMarket",
        "Total_Emails": 22
    },
    {
        "Source_File": "CommercialDehumidifierMarket",
        "Total_Emails": 64
    },
    {
        "Source_File": "ConstructionEquipmentMarket",
        "Total_Emails": 325
    },
    {
        "Source_File": "CordlessPowerToolsMarket",
        "Total_Emails": 83
    },
    {
        "Source_File": "CoreGamingGearMarket",
        "Total_Emails": 76
    },
    {
        "Source_File": "ElectricScrewdriversMarket",
        "Total_Emails": 126
    },
    {
        "Source_File": "EnterpriseHeadsetMarket",
        "Total_Emails": 21
    },
    {
        "Source_File": "FunctionalBeverageMarket",
        "Total_Emails": 89
    },
    {
        "Source_File": "GeospatialAIMarket",
        "Total_Emails": 50
    },
    {
        "Source_File": "GreenBuildingMaterialsMarket",
        "Total_Emails": 16
    },
    {
        "Source_File": "HVACSystemMarket",
        "Total_Emails": 38
    },
    {
        "Source_File": "HairSerumMarket",
        "Total_Emails": 107
    },
    {
        "Source_File": "HeatGunMarket",
        "Total_Emails": 9
    },
    {
        "Source_File": "IndustrialVacuumLifterMarket",
        "Total_Emails": 37
    },
    {
        "Source_File": "InteractiveWhiteboardMarket",
        "Total_Emails": 86
    },
    {
        "Source_File": "LuxuryResaleMarket",
        "Total_Emails": 56
    },
    {
        "Source_File": "PediatricNutritionMarket",
        "Total_Emails": 117
    },
    {
        "Source_File": "PersonalLuxuryGoodsMarket",
        "Total_Emails": 28
    },
    {
        "Source_File": "PersonalizedGiftsMarketUnitedStates",
        "Total_Emails": 19
    },
    {
        "Source_File": "PetFoodMarket",
        "Total_Emails": 94
    },
    {
        "Source_File": "PharmacyAutomationMarket",
        "Total_Emails": 132
    },
    {
        "Source_File": "PowerCutterMarket",
        "Total_Emails": 129
    },
    {
        "Source_File": "SexualWellnessMarket",
        "Total_Emails": 4
    },
    {
        "Source_File": "SmartParcelLockerMarket",
        "Total_Emails": 44
    },
    {
        "Source_File": "SmokeDetectorMarket",
        "Total_Emails": 9
    },
    {
        "Source_File": "SoutheastAsiaDCMarket",
        "Total_Emails": 15
    },
    {
        "Source_File": "SteamTurbineMarket",
        "Total_Emails": 89
    },
    {
        "Source_File": "WalkBehindSpreaderMarket",
        "Total_Emails": 67
    },
    {
        "Source_File": "WellnessRealEstateMarket",
        "Total_Emails": 181
    }
]