[
    {
        "Source_File": "ActiveCosmeticsMarket",
        "Total_Emails": 10,
        "Unique_Emails": 10,
        "Invalid_Emails": 0,
        "Missing_Columns": "No"
    },
    {
        "Source_File": "BatteryRecyclingMarket",
        "Total_Emails": 95,
        "Unique_Emails": 95,
        "Invalid_Emails": 0,
        "Missing_Columns": "No"
    },
    {
        "Source_File": "BearingMarket",
        "Total_Emails": 300,
        "Unique_Emails": 300,
        "Invalid_Emails": 0,
        "Missing_Columns": "No"
    },
    {
        "Source_File": "BluetoothSpeakerMarket",
        "Total_Emails": 22,
        "Unique_Emails": 22,
        "Invalid_Emails": 0,
        "Missing_Columns": "No"
    },
    {
        "Source_File": "CommercialDehumidifierMarket",
        "Total_Emails": 64,
        "Unique_Emails": 64,
        "Invalid_Emails": 0,
        "Missing_Columns": "No"
    },
    {
        "Source_File": "ConstructionEquipmentMarket",
        "Total_Emails": 325,
        "Unique_Emails": 325,
        "Invalid_Emails": 0,
        "Missing_Columns": "No"
    },
    {
        "Source_File": "CordlessPowerToolsMarket",
        "Total_Emails": 83,
        "Unique_Emails": 83,
        "Invalid_Emails": 0,
        "Missing_Columns": "No"
    },
    {
        "Source_File": "CoreGamingGearMarket",
        "Total_Emails": 76,
        "Unique_Emails": 76,
        "Invalid_Emails": 0,
        "Missing_Columns": "No"
    },
    {
        "Source_File": "ElectricScrewdriversMarket",
        "Total_Emails": 126,
        "Unique_Emails": 126,
        "Invalid_Emails": 0,
        "Missing_Columns": "No"
    },
    {
        "Source_File": "EnterpriseHeadsetMarket",
        "Total_Emails": 21,
        "Unique_Emails": 21,
        "Invalid_Emails": 0,
        "Missing_Columns": "No"
    },
    {
        "Source_File": "FunctionalBeverageMarket",
        "Total_Emails": 89,
        "Unique_Emails": 89,
        "Invalid_Emails": 0,
        "Missing_Columns": "No"
    },
    {
        "Source_File": "GeospatialAIMarket",
        "Total_Emails": 50,
        "Unique_Emails": 50,
        "Invalid_Emails": 0,
        "Missing_Columns": "No"
    },
    {
        "Source_File": "GreenBuildingMaterialsMarket",
        "Total_Emails": 16,
        "Unique_Emails": 16,
        "Invalid_Emails": 0,
        "Missing_Columns": "No"
    },
    {
        "Source_File": "HVACSystemMarket",
        "Total_Emails": 38,
        "Unique_Emails": 38,
        "Invalid_Emails": 0,
        "Missing_Columns": "No"
    },
    {
        "Source_File": "HairSerumMarket",
        "Total_Emails": 107,
        "Unique_Emails": 107,
        "Invalid_Emails": 0,
        "Missing_Columns": "No"
    },
    {
        "Source_File": "HeatGunMarket",
        "Total_Emails": 9,
        "Unique_Emails": 9,
        "Invalid_Emails": 0,
        "Missing_Columns": "No"
    },
    {
        "Source_File": "IndustrialVacuumLifterMarket",
        "Total_Emails": 37,
        "Unique_Emails": 37,
        "Invalid_Emails": 0,
        "Missing_Columns": "No"
    },
    {
        "Source_File": "InteractiveWhiteboardMarket",
        "Total_Emails": 86,
        "Unique_Emails": 86,
        "Invalid_Emails": 0,
        "Missing_Columns": "No"
    },
    {
        "Source_File": "LuxuryResaleMarket",
        "Total_Emails": 56,
        "Unique_Emails": 56,
        "Invalid_Emails": 0,
        "Missing_Columns": "No"
    },
    {
        "Source_File": "PediatricNutritionMarket",
        "Total_Emails": 117,
        "Unique_Emails": 117,
        "Invalid_Emails": 0,
        "Missing_Columns": "No"
    },
    {
        "Source_File": "PersonalLuxuryGoodsMarket",
        "Total_Emails": 28,
        "Unique_Emails": 28,
        "Invalid_Emails": 0,
        "Missing_Columns": "No"
    },
    {
        "Source_File": "PersonalizedGiftsMarketUnitedStates",
        "Total_Emails": 19,
        "Unique_Emails": 19,
        "Invalid_Emails": 0,
        "Missing_Columns": "No"
    },
    {
        "Source_File": "PetFoodMarket",
        "Total_Emails": 94,
        "Unique_Emails": 94,
        "Invalid_Emails": 0,
        "Missing_Columns": "No"
    },
    {
        "Source_File": "PharmacyAutomationMarket",
        "Total_Emails": 132,
        "Unique_Emails": 132,
        "Invalid_Emails": 0,
        "Missing_Columns": "No"
    },
    {
        "Source_File": "PowerCutterMarket",
        "Total_Emails": 129,
        "Unique_Emails": 129,
        "Invalid_Emails": 0,
        "Missing_Columns": "No"
    },
    {
        "Source_File": "SexualWellnessMarket",
        "Total_Emails": 4,
        "Unique_Emails": 4,
        "Invalid_Emails": 0,
        "Missing_Columns": "No"
    },
    {
        "Source_File": "SmartParcelLockerMarket",
        "Total_Emails": 44,
        "Unique_Emails": 44,
        "Invalid_Emails": 0,
        "Missing_Columns": "No"
    },
    {
        "Source_File": "SmokeDetectorMarket",
        "Total_Emails": 9,
        "Unique_Emails": 9,
        "Invalid_Emails": 0,
        "Missing_Columns": "No"
    },
    {
        "Source_File": "SoutheastAsiaDCMarket",
        "Total_Emails": 15,
        "Unique_Emails": 15,
        "Invalid_Emails": 0,
        "Missing_Columns": "No"
    },
    {
        "Source_File": "SteamTurbineMarket",
        "Total_Emails": 89,
        "Unique_Emails": 89,
        "Invalid_Emails": 0,
        "Missing_Columns": "No"
    },
    {
        "Source_File": "WalkBehindSpreaderMarket",
        "Total_Emails": 67,
        "Unique_Emails": 67,
        "Invalid_Emails": 0,
        "Missing_Columns": "No"
    },
    {
        "Source_File": "WellnessRealEstateMarket",
        "Total_Emails": 181,
        "Unique_Emails": 181,
        "Invalid_Emails": 0,
        "Missing_Columns": "No"
    }
]