First Name,Last Name,Email,Job Title,LinkedIn,Timezone - Lead,Company,Is_Valid_Email,Is_Valid_LinkedIn,Source_File,Date_Processed
Anca,Copariu,anca.copariu@a-heat.at,Head of Digital Strategy and Innovation,https://www.linkedin.com/in/anca-copariu-725ba05,EU,A-HEAT,True,True,HVACSystemMarket,2025-07-03
Anna,Stejka,anna.stejka@hydrosolar.pl,Kierownik finansowy,https://www.linkedin.com/in/anna-stejka-57b65a181,EU,Hydrosolar,True,True,HVACSystemMarket,2025-07-03
Attilio,De Marchi,attilio.demarchi@enextechnologies.com,Purchasing & Logistic Director - Heat Exchangers BU,https://www.linkedin.com/in/attilio-de-marchi-3a67b4139,US,Enex,True,True,HVACSystemMarket,2025-07-03
Christian,Weiser,christian.weiser@a-heat.at,CEO,https://www.linkedin.com/in/christian-weiser-19a009201,EU,A-HEAT,True,True,HVACSystemMarket,2025-07-03
Damien,Prato,damien.prato@idf-thermic.com,Responsable d'affaires Travaux - Climatisation et Efficacité Energétique,https://www.linkedin.com/in/damienprato,EU,IDF Thermic,True,True,HVACSystemMarket,2025-07-03
Daniel,Mlynář,daniel.mlynar@daikindevice.cz,Strategic Group Leader,https://www.linkedin.com/in/daniel-mlynář-bb5593235,EU,Daikin Device,True,True,HVACSystemMarket,2025-07-03
David,Gayer,david.gayer@daikindevice.cz,Purchase Specialist,https://www.linkedin.com/in/david-gayer-4b2081237,EU,Daikin Device,True,True,HVACSystemMarket,2025-07-03
Ferdinando,Franco,ferdinando.franco@swegon.com,DataCooling National Key Account,https://www.linkedin.com/in/ferdinando-franco-3092429,US,Swegon,True,True,HVACSystemMarket,2025-07-03
Francisco,Barbera,francisco.barbera@salvadorescoda.com,Responsable aprovisionamiento Levante,https://www.linkedin.com/in/francisco-barbera-596033155,EU,Salvador Escoda,True,True,HVACSystemMarket,2025-07-03
Gilles,Melet,gilles.melet@france-air.com,International senior Purchaser,https://www.linkedin.com/in/gilles-melet-bbb72b30,EU,France Air,True,True,HVACSystemMarket,2025-07-03
Ingo,Kotting,ingo.kotting@kampmann.de,Regionalverkaufsleiter,https://www.linkedin.com/in/ingo-kotting-2436771b8,EU,Kampmann,True,True,HVACSystemMarket,2025-07-03
Jakob,Laursen,jakob.laursen@danthermgroup.com,Strategic Buyer,https://www.linkedin.com/in/jakob-laursen1290,EU,Dantherm,True,True,HVACSystemMarket,2025-07-03
Jan,Van de Beek,jan@vasco.eu,Manager of Sales | teamlead,https://www.linkedin.com/in/janvandebeek,EU,VASCO,True,True,HVACSystemMarket,2025-07-03
Karsten,Wiessner,karsten.wiessner@glendimplex.de,Head of Key Account Management & Business Development,https://www.linkedin.com/in/karsten-wiessner-2551a586,EU,Glen Dimplex,True,True,HVACSystemMarket,2025-07-03
Nico,Kwiaton,kwiaton@stulz.com,Team leader Procurement,https://www.linkedin.com/in/nico-kwiaton,EU,STULZ,True,True,HVACSystemMarket,2025-07-03
Laurent,Briet,laurent.briet@logistahometech.fr,Directeur de region,https://www.linkedin.com/in/laurent-briet-9a0a62140,EU,Logista Hometech,True,True,HVACSystemMarket,2025-07-03
Luca,Zordan,luca.zordan@swegon.com,Swegon Italy Managing Director,https://www.linkedin.com/in/lucazordan,US,Swegon,True,True,HVACSystemMarket,2025-07-03
Marco,Zago,marco.zago@enextechnologies.com,Director Purchasing and Logistics BU HVAC and BU REFRIGERATION COMMERCIAL AND INDUSTRIAL,https://www.linkedin.com/in/marco-zago-a3a06859,US,Enex,True,True,HVACSystemMarket,2025-07-03
Mark,Syddall,mark.syddall@greenwood.co.uk,Divisional Manger,https://www.linkedin.com/in/mark-syddall-7a1ab72a,EU,Greenwood Airvac,True,True,HVACSystemMarket,2025-07-03
Matthieu,Rousseeuw,matthieu.rousseeuw@beijerref.com,Group Purchasing Director,https://www.linkedin.com/in/matthieu-rousseeuw-1684b71b,EU,Beijer Ref,True,True,HVACSystemMarket,2025-07-03
Matus,Berets,matus.berets@hoval.com,Strategic Procurement Manager,https://www.linkedin.com/in/matusberets,US,Hoval,True,True,HVACSystemMarket,2025-07-03
Michael,Nisch,michael.nisch@energysystem-yanmar.com,Geschäftsführer,https://www.linkedin.com/in/michael-nisch-a0876332,EU,Yanmar Energy System,True,True,HVACSystemMarket,2025-07-03
Mike,Conlon,mike.conlon@purmogroup.com,Chief Commercial Officer (CCO),https://www.linkedin.com/in/mike-conlon-749b64b,EU,Purmo,True,True,HVACSystemMarket,2025-07-03
Olivier,Davoine,olivier.davoine@airvancegroup.com,General manager OUEST ISOL VENTIL / SAFTAIR / SEBEMEX - AIRVANCE Group Board member,https://www.linkedin.com/in/olivier-davoine-100504101,EU,AIRVANCE,True,True,HVACSystemMarket,2025-07-03
Patrick,Zimmerli,patrick.zimmerli@meiertobler.ch,Leiter Strategische Beschaffung,https://www.linkedin.com/in/patrick-zimmerli-897950b7,EU,Meier Tobler,True,True,HVACSystemMarket,2025-07-03
Robert,Ostachowski,robert.ostachowski@hydrosolar.pl,Z-Ca Dyrektora ds. Technicznych,https://www.linkedin.com/in/robert-ostachowski-2985a4229,EU,Hydrosolar,True,True,HVACSystemMarket,2025-07-03
Roderick,Vangeel,roderick.vangeel@aalberts-hfc.com,Global Director Key Account and Business Development,https://www.linkedin.com/in/roderick-van-geel-9b3344172,EU,Aalberts,True,True,HVACSystemMarket,2025-07-03
Samuel,Chamoulaud,samuel.chamoulaud@garanka.fr,Responsable Développement Commercial,https://www.linkedin.com/in/samuel-chamoulaud-972b40174,EU,Garanka,True,True,HVACSystemMarket,2025-07-03
Sebastian,Albert,sebastian.albert@vaillant.de,Director Product & Service Management,https://www.linkedin.com/in/sebastian-albert-8a4715107,EU,Vaillant,True,True,HVACSystemMarket,2025-07-03
Simon,Méteyer,simon.meteyer@garanka.fr,Responsable Supply Chain,https://www.linkedin.com/in/simon-méteyer-833072a5,EU,Garanka,True,True,HVACSystemMarket,2025-07-03
Steven,Robinson,srobinson@mideauk.co.uk,Managing Director,https://www.linkedin.com/in/steven-robinson-04503247,EU,Midea,True,True,HVACSystemMarket,2025-07-03
Steffen,Moritz,steffen.moritz@purmogroup.com,Head of Procurement,https://www.linkedin.com/in/steffen-moritz-55b8a233,EU,Purmo,True,True,HVACSystemMarket,2025-07-03
Teddy,Dupuis,teddy.dupuis@idf-thermic.com,Responsable de projet,https://www.linkedin.com/in/teddy-dupuis-b35123259,EU,IDF THERMIC,True,True,HVACSystemMarket,2025-07-03
Thomas,Mader,thomas.mader@stiebel-eltron.at,Geschäftsführer,https://www.linkedin.com/in/thomas-mader-984773261,EU,Stiebel Eltron,True,True,HVACSystemMarket,2025-07-03
Tina,Jensen,tina.jensen@danthermgroup.com,Sourcing Manager,https://www.linkedin.com/in/tina-m-jensen-a64b222b,EU,Dantherm,True,True,HVACSystemMarket,2025-07-03
Walter,Marchetti,walter.marchetti@aalberts-hfc.com,Lead Buyer Comap HFC AAI Group,https://www.linkedin.com/in/walter-marchetti-b72589b6,US,Aalberts,True,True,HVACSystemMarket,2025-07-03
Wouter,Libbrecht,wlibbrecht@jaga.com,Senior Buyer,https://www.linkedin.com/in/wouter-libbrecht-32146b16,EU,Jaga,True,True,HVACSystemMarket,2025-07-03
Xiaohong,Han,xiaohong.han@robatherm.com,Manager International Sales,https://www.linkedin.com/in/xiaohong-han-a06a55a7,EU,Robatherm,True,True,HVACSystemMarket,2025-07-03
