First Name,Last Name,Email,Job Title,LinkedIn,Timezone - Lead,Company,Is_Valid_Email,Is_Valid_LinkedIn,Source_File,Date_Processed
Sylvia,Pitou,s.pitou@acimex.net,Responsable Achats et Administrative,https://www.linkedin.com/in/sylvia-pitou-560101161,EU,ACIMEX,True,True,IndustrialVacuumLifterMarket,2025-07-03
Cathy,Edminster,cathy@alphamh.com,President,https://www.linkedin.com/in/cathy-edminster-3b6a04192,US,Alpha Material Handling,True,True,IndustrialVacuumLifterMarket,2025-07-03
Pablo,Plá,ppla@arstecne.cl,Director Ejecutivo,https://www.linkedin.com/in/pablo-plá-70852711b,US,Arstecne,True,True,IndustrialVacuumLifterMarket,2025-07-03
Morten,Petersen,morten@baytech.dk,Direktør,https://www.linkedin.com/in/morten-bay-petersen-4672151a7,EU,Baytech,True,True,IndustrialVacuumLifterMarket,2025-07-03
Winfried,Kaiser,winfried.kaiser@besthandlingtechnology.com,Director,https://www.linkedin.com/in/winfried-kaiser-81b342a2,EU,Best Handling Technology,True,True,IndustrialVacuumLifterMarket,2025-07-03
Maciej,Zyznarski,maciej.zyznarski@catchshift.com,Co-founder and CEO CatchShift,https://www.linkedin.com/in/maciej-zyznarski-5bb38b21b,EU,Catchshift,True,True,IndustrialVacuumLifterMarket,2025-07-03
Juergen,Klaus,juergen.klaus@et-handling.de,Vertriebs- und Marketingleiter,https://www.linkedin.com/in/juergen-klaus-12354573,EU,euroTECH,True,True,IndustrialVacuumLifterMarket,2025-07-03
Thomas,Schulz,thomas.schulz@et-handling.de,Unternehmensinhaber,https://www.linkedin.com/in/thomas-schulz-4b96a8252,EU,euroTECH Handling,True,True,IndustrialVacuumLifterMarket,2025-07-03
Henning,Schanz,hschanz@fipa.com,Senior Mechanical Design Engineer,https://www.linkedin.com/in/henning-schanz-348712140,EU,FIPA,True,True,IndustrialVacuumLifterMarket,2025-07-03
Daniel,Yao,dyao@fipa.com,Director Business Development China,https://www.linkedin.com/in/daniel-yao-09131a8a,US,FIPA,True,True,IndustrialVacuumLifterMarket,2025-07-03
Mirweis,Zahelzei,mz@freise-automation.de,Vertriebsleitung,https://www.linkedin.com/in/mirweis-zahelzei-a779bb53,EU,Freise Automation,True,True,IndustrialVacuumLifterMarket,2025-07-03
Samuel,Geisseler,samuel.geisseler@gis-ag.ch,Produktmanagement,https://www.linkedin.com/in/samuel-geisseler-a8004b193,EU,GIS,True,True,IndustrialVacuumLifterMarket,2025-07-03
James,Hornblower,james@giveng.com,Mechanical Engineer,https://www.linkedin.com/in/james-hornblower-p-eng-a69250a3,US,Givens Engineering,True,True,IndustrialVacuumLifterMarket,2025-07-03
Tobias,Hayer,t.hayer@hayer-metalltechnik.de,Geschäftsführer,https://www.linkedin.com/in/tobias-hayer-80678ba2,EU,Hayer,True,True,IndustrialVacuumLifterMarket,2025-07-03
Bernard,Foucke,bernard.foucke@joulin.com,Manager of Sales,https://www.linkedin.com/in/bernard-foucke-587302210,EU,JOULIN,True,True,IndustrialVacuumLifterMarket,2025-07-03
Cyril,Thorin,c.thorin@liftop.fr,Directeur administratif et financier,https://www.linkedin.com/in/cyril-thorin-3ba585156,EU,LIFTOP,True,True,IndustrialVacuumLifterMarket,2025-07-03
Thierry,Brunet,t.brunet@liftop.fr,Directeur commercial,https://www.linkedin.com/in/thierry-brunet-5b710272,EU,Liftop,True,True,IndustrialVacuumLifterMarket,2025-07-03
Mark,Dardis,mark@liftrite.ie,Managing Director,https://www.linkedin.com/in/mark-dardis-843a572ba,EU,Lift Rite,True,True,IndustrialVacuumLifterMarket,2025-07-03
Antoine,Cherbonnier,antoine.cherbonnier@manutlm.com,Dessinateur industriel,https://www.linkedin.com/in/antoine-cherbonnier-a0918513a,EU,Manut-LM,True,True,IndustrialVacuumLifterMarket,2025-07-03
Julien,Courbet,julien.courbet@manutlm.com,Responsable bureau d'études,https://www.linkedin.com/in/julien-courbet-a39440133,EU,Manut-LM,True,True,IndustrialVacuumLifterMarket,2025-07-03
Tom,Zwienenberg,tzwienenberg@mhzbv.nl,Directeur bij MHZ B.V.,https://www.linkedin.com/in/tom-zwienenberg,EU,MHZ,True,True,IndustrialVacuumLifterMarket,2025-07-03
Matthijs,Nieuwenhuis,matthijs@nimatech.nl,Directeur,https://www.linkedin.com/in/matthijs-nieuwenhuis-770b2471,EU,Nimatech,True,True,IndustrialVacuumLifterMarket,2025-07-03
Mihaela,Craita,mihaela@pneutec.nl,Productspecialist,https://www.linkedin.com/in/mihaelacraita,EU,Pneutec,True,True,IndustrialVacuumLifterMarket,2025-07-03
Joep,Adank,joep.adank@pneutec.nl,Manager QSHE,https://www.linkedin.com/in/joep-adank-297b345,EU,Pneutec,True,True,IndustrialVacuumLifterMarket,2025-07-03
John,Hebert,john.hebert@roni.com,President,https://www.linkedin.com/in/john-hebert-8290a614,US,RonI → RonI,True,True,IndustrialVacuumLifterMarket,2025-07-03
Volker,Schmitz,volker.schmitz@schmalz.com,President & CEO and Speaker of the US Board of Directors,https://www.linkedin.com/in/volker-schmitz-8322582,US,Schmalz,True,True,IndustrialVacuumLifterMarket,2025-07-03
John,Feutz,john.feutz@schmalz.com,VP of Operations,https://www.linkedin.com/in/johnfeutz,US,Schmalz,True,True,IndustrialVacuumLifterMarket,2025-07-03
Michael,Wooster,michael@tawi.com,Managing Director,https://www.linkedin.com/in/michael-wooster-1b338130,EU,TAWI,True,True,IndustrialVacuumLifterMarket,2025-07-03
Gerd,Lübberink,gl@timmer.de,International Sales Manager,https://www.linkedin.com/in/gerd-lübberink-470a9187,EU,Timmer,True,True,IndustrialVacuumLifterMarket,2025-07-03
Dominik,Prunhuber,dominik.prunhuber@uplifter.com,Produktmanager,https://www.linkedin.com/in/dominik-prunhuber-03b6981a2,EU,Uplifter,True,True,IndustrialVacuumLifterMarket,2025-07-03
Steve,Smith,steve@vacuworx.com,Director of International Sales,https://www.linkedin.com/in/steve-smith-0b714011,US,Vacuworx,True,True,IndustrialVacuumLifterMarket,2025-07-03
Bill,Solomon,bsolomon@vacuworx.com,President,https://www.linkedin.com/in/bill-solomon-8409a125,US,Vacuworx,True,True,IndustrialVacuumLifterMarket,2025-07-03
Marcel,Van der Wilden,marcel@viavac.com,Head of Product Management,https://www.linkedin.com/in/mvanderwilden,EU,VIAVAC,True,True,IndustrialVacuumLifterMarket,2025-07-03
Andor,Gyurik,andor@viavac.com,Managing Director,https://www.linkedin.com/in/andor-gyurik,EU,VIAVAC,True,True,IndustrialVacuumLifterMarket,2025-07-03
Holger,Schadwinkel,holger.schadwinkel@wirth-gmbh.com,Managing Director,https://www.linkedin.com/in/holger-schadwinkel-b9124131,EU,Wirth,True,True,IndustrialVacuumLifterMarket,2025-07-03
Trever,Pankratz,tpankratz@wpg.com,Process Engineering Director,https://www.linkedin.com/in/trever-pankratz-77708116a,US,Wood's Powr-Grip,True,True,IndustrialVacuumLifterMarket,2025-07-03
Fabienne,Derain,fabienne@yzytek.fr,Présidente,https://www.linkedin.com/in/fabienne-derain,EU,Yzytek,True,True,IndustrialVacuumLifterMarket,2025-07-03
