First Name,Last Name,Email,Job Title,LinkedIn,Timezone - Lead,Company,Is_Valid_Email,Is_Valid_LinkedIn,Source_File,Date_Processed
Alex,Grange,a.grange@thecloudcasting.com,Co-Founder / Executive Board Member,https://www.linkedin.com/in/alex-grange-586357133,US,CloudCasting,True,True,InteractiveWhiteboardMarket,2025-07-03
Adam,Yates,adam@nisewongerav.com,Vice President,https://www.linkedin.com/in/adam-yates-95934569,US,Nisewonger,True,True,InteractiveWhiteboardMarket,2025-07-03
Ahmed,Ismaeel,ahmed@wan-is.com,Chief Executive Officer,https://www.linkedin.com/in/ahmed-ismaeel-8b484541,EU,WAN,True,True,InteractiveWhiteboardMarket,2025-07-03
Alessio,Sivieri,alessio@essemmemultimedia.it,Chief Executive Officer,https://www.linkedin.com/in/alessio-sivieri-22b71560,US,Essemme Multimedia,True,True,InteractiveWhiteboardMarket,2025-07-03
Álex,Fernández,alex@icono.net,Director Marketing y Responsable Área Google,https://www.linkedin.com/in/alejandrofo,EU,Icono,True,True,InteractiveWhiteboardMarket,2025-07-03
Álvaro,Donoso,alvaro@paperlux.cl,Co-Funder of Paperlux. Innovate interactive hardware,https://www.linkedin.com/in/álvaro-donoso-ballart-5b7976232,US,Paperlux,True,False,InteractiveWhiteboardMarket,2025-07-03
Andreas,Englundh,andreas.englundh@innovationsteknik.io,Owner / Chief Marketing Officer,https://www.linkedin.com/in/andreas-englundh-98756b16,EU,Innovationsteknik,True,True,InteractiveWhiteboardMarket,2025-07-03
Anthony,Patton,anthony.patton@prometheanworld.com,Principal Software Architect,https://www.linkedin.com/in/anthonymichaelpatton,US,Promethean,True,True,InteractiveWhiteboardMarket,2025-07-03
Antonio,Rodrigues,arodrigues@vanerum.fr,Directeur commercial et marketing,https://www.linkedin.com/in/antonio-rodrigues-5549aa32,EU,Vanerum,True,True,InteractiveWhiteboardMarket,2025-07-03
Ashley,Yates,ashley@nisewongerav.com,President,https://www.linkedin.com/in/ashley-yates-2b081584,US,Nisewonger,True,True,InteractiveWhiteboardMarket,2025-07-03
Brad,Penrith,b.penrith@nodesnow.com,Senior Vice President of Sales and Marketing,https://www.linkedin.com/in/brad-penrith,US,NodesNow,True,True,InteractiveWhiteboardMarket,2025-07-03
Bill,Keyser,bill.keyser@explorekeyser.com,Chairman of the Board,https://www.linkedin.com/in/bill-keyser-3359484,US,Keyser,True,True,InteractiveWhiteboardMarket,2025-07-03
Bodo,Sturzebecher,bodo.sturzebecher@maiks.de,CIO,https://www.linkedin.com/in/bodo-sturzebecher-3058a140,EU,MAIKS,True,True,InteractiveWhiteboardMarket,2025-07-03
Caleb,Southwell,caleb@ibs-uk.net,Managing Director,https://www.linkedin.com/in/caleb-southwell-82989a106,EU,IBS,True,True,InteractiveWhiteboardMarket,2025-07-03
Charlie,Williams,charlie@adventtechinc.com,Founder and CEO,https://www.linkedin.com/in/williamscharlie,US,Advent Tech,True,True,InteractiveWhiteboardMarket,2025-07-03
Charlie,Richards,charlie@iufgroup.com,Head of Development,https://www.linkedin.com/in/charlie-richards-6838a3123,EU,iuf,True,True,InteractiveWhiteboardMarket,2025-07-03
Christian,Fanizzi,christian@waceboeurope.com,CEO & Founder,https://www.linkedin.com/in/christian-fanizzi-9576619,US,Wacebo,True,True,InteractiveWhiteboardMarket,2025-07-03
Craig,Chaffin,craig.chaffin@trealitysvs.com,"Director, Research and Development",https://www.linkedin.com/in/craig-chaffin-91979b12,US,TREALITY,True,True,InteractiveWhiteboardMarket,2025-07-03
Chelsea,Wadel,cwadel@acuityav.com,Chief Financial Officer,https://www.linkedin.com/in/chelsea-wadel-9572a2a,US,Acuity Audiovisual,True,True,InteractiveWhiteboardMarket,2025-07-03
Dan,Acquafredda,dan.acquafredda@multitaction.com,CEO and President,https://www.linkedin.com/in/dan-acquafredda-4a691113,US,MultiTaction,True,True,InteractiveWhiteboardMarket,2025-07-03
Dana,Corey,dana.corey@avocor.com,SVP & GM,https://www.linkedin.com/in/danacorey1,US,Avocor,True,True,InteractiveWhiteboardMarket,2025-07-03
Danielle,Andrada,danielle@eduinfo.com.br,Fundadora e Diretora Geral,https://www.linkedin.com/in/danielleandrada-eduinfo,US,Eduinfo,True,True,InteractiveWhiteboardMarket,2025-07-03
Danillo,Bomfim,danillo@avhubtech.com,Technical Sales Director,https://www.linkedin.com/in/danillobomfim,US,Av Hub,True,True,InteractiveWhiteboardMarket,2025-07-03
Darren,Lin,darren.lin@maxhub.com,Chief Executive Officer,https://www.linkedin.com/in/darren1079320321,US,MAXHUB,True,True,InteractiveWhiteboardMarket,2025-07-03
David,Knight,david@blackboxav.co.uk,Product Design & Development,https://www.linkedin.com/in/davidjknight,EU,Blackbox AV,True,True,InteractiveWhiteboardMarket,2025-07-03
Eóin,O'doherty,eoin@odoherty.biz,Managing Director,https://www.linkedin.com/in/eóin-o-doherty-9b957b22,EU,ODoherty.Biz,True,True,InteractiveWhiteboardMarket,2025-07-03
Emily,Welch,ewelch@signstix.com,Director,https://www.linkedin.com/in/emily-welch-96780714b,EU,SignStix,True,True,InteractiveWhiteboardMarket,2025-07-03
Florence,Michoux,florence.michoux@ulmann.com,Directrice administrative et financière,https://www.linkedin.com/in/florence-michoux-9a64b4186,EU,ULMANN,True,True,InteractiveWhiteboardMarket,2025-07-03
Frank,Sturzebecher,frank.sturzebecher@maiks.de,CIO,https://www.linkedin.com/in/frank-sturzebecher-791692132,EU,MAIKS,True,True,InteractiveWhiteboardMarket,2025-07-03
Fredrik,Pürkner,fredrik.purkner@logicit.se,Founder,https://www.linkedin.com/in/fredrikpurkner,EU,Logic IT,True,True,InteractiveWhiteboardMarket,2025-07-03
Guillaume,Gervat,g.gervat@elecom.fr,CTO,https://www.linkedin.com/in/gmartialgervat,EU,Elecom,True,True,InteractiveWhiteboardMarket,2025-07-03
Gert,Van Erum,gert@vanerum.be,Company Owner & Chairman,https://www.linkedin.com/in/gertvanerum,EU,Vanerum,True,True,InteractiveWhiteboardMarket,2025-07-03
Gianluigi,Cravedi,gianluigi@ligra.it,Chief Executive Officer,https://www.linkedin.com/in/gianluigi-cravedi-728b734b,US,Ligra,True,True,InteractiveWhiteboardMarket,2025-07-03
Henk,De groot,henk@intelligentlecterns.com,Owner/MD,https://www.linkedin.com/in/henk-de-groot-8870544,EU,Intelligent Lectern,True,True,InteractiveWhiteboardMarket,2025-07-03
Hollie,Golding,hollie@praestantiatech.co.uk,Head of Operations,https://www.linkedin.com/in/hollie-golding-181aa420a,EU,Praestantia,True,True,InteractiveWhiteboardMarket,2025-07-03
Ionela,Ivanus,ionela.ivanus@aniva.ro,CEO,https://www.linkedin.com/in/ionela-ivanus-86699019,EU,Aniva,True,True,InteractiveWhiteboardMarket,2025-07-03
Ivan,Verhasselt,ivan.verhasselt@digiconsult.biz,Owner,https://www.linkedin.com/in/ivanverhasselt,EU,Digi Consult,True,True,InteractiveWhiteboardMarket,2025-07-03
James,Bedford,james.bedford@tk-team.com,"Owner, Managing Director",https://www.linkedin.com/in/james-bedford-2287ab60,EU,TK-Team,True,True,InteractiveWhiteboardMarket,2025-07-03
Jatin,Kalra,jatin.kalra@hatchearlylearning.com,Vice President of Software Engineering,https://www.linkedin.com/in/jatin-kalra,US,Hatch Early Learning,True,True,InteractiveWhiteboardMarket,2025-07-03
Jemy,Mohan,jemy@digitaluniq.com,General Manager,https://www.linkedin.com/in/jemy-mohan-19a85a29,EU,Uniq Digital,True,True,InteractiveWhiteboardMarket,2025-07-03
Jens,Tosa,jens.tosa@wacom.com,Director Compliance and Regulations EMEA,https://www.linkedin.com/in/jenskrueger,EU,Wacom,True,True,InteractiveWhiteboardMarket,2025-07-03
Jeroen,Vink,jeroen@onwijs.com,Manager Ontwikkeling en Support,https://www.linkedin.com/in/jeroen-vink-42794a37,EU,Onwijs,True,True,InteractiveWhiteboardMarket,2025-07-03
John,Macaluso,jmacaluso@fsrinc.com,Dir of Product Del,https://www.linkedin.com/in/john-macaluso-b531a716,US,FSR,True,True,InteractiveWhiteboardMarket,2025-07-03
John,Ramirez,john@r66d.com,CEO,https://www.linkedin.com/in/uscjramirez,US,Route 66 Digital,True,True,InteractiveWhiteboardMarket,2025-07-03
Jan,Sandri,jsandri@fsrinc.com,President,https://www.linkedin.com/in/jan-sandri-2048556,US,FSR,True,True,InteractiveWhiteboardMarket,2025-07-03
Jochen,Stieber,jstieber@it2people.de,CEO & Co-Owner,https://www.linkedin.com/in/jochen-stieber-30834711,EU,IT2PEOPLE,True,True,InteractiveWhiteboardMarket,2025-07-03
Jurjen,Caarls,jurjen@dimenco.eu,Software and Algorithms Architect,https://www.linkedin.com/in/jurjen-caarls-6075743,EU,Dimenco,True,True,InteractiveWhiteboardMarket,2025-07-03
Kamalesh,Sn,kamalesh@digitaluniq.com,Country Head,https://www.linkedin.com/in/kamalesh-sn-27436279,US,Uniq Digital,True,True,InteractiveWhiteboardMarket,2025-07-03
Kevin,Longwell,kevin@tci4d.com,"VP, Development and Design",https://www.linkedin.com/in/kevin-longwell-195a5155,US,Total Concept Integration,True,True,InteractiveWhiteboardMarket,2025-07-03
Kyle,Romick,kromick@connecttheoffice.com,President,https://www.linkedin.com/in/kyle-romick-15575147,US,Connected Office,True,True,InteractiveWhiteboardMarket,2025-07-03
Krzysztof,Szymczykowski,krzysztof.szymczykowski@vidis.pl,Członek zarządu,https://www.linkedin.com/in/krzysztof-szymczykowski-29521a149,EU,VIDIS,True,True,InteractiveWhiteboardMarket,2025-07-03
Luca,Matelici,l.matelici@gsr-technology.it,Area Manager,https://www.linkedin.com/in/luca-matelici-0a901274,US,GSR Technology,True,True,InteractiveWhiteboardMarket,2025-07-03
Luciano,Lizana,luciano@paperlux.cl,Founder & CEO,https://www.linkedin.com/in/luciano-lizana,US,Paperlux,True,True,InteractiveWhiteboardMarket,2025-07-03
Luc,Van der Sterren,lv@conen-group.com,Director of Product management  |  Sales director USA,https://www.linkedin.com/in/luc-van-der-sterren,EU,Conen,True,True,InteractiveWhiteboardMarket,2025-07-03
Mário,Ferreira,m.ferreira@waceboeurope.com,International Business Manager,https://www.linkedin.com/in/mpferreira,US,Wacebo,True,True,InteractiveWhiteboardMarket,2025-07-03
Mark,Saturno,mark.saturno@trealitysvs.com,"President, TREALITY Simulation Visual Systems",https://www.linkedin.com/in/mark-saturno-40b32614,US,TREALITY,True,True,InteractiveWhiteboardMarket,2025-07-03
Mark,Metzelaar,mark@xafax.nl,Algemeen Directeur Xafax Visuals,https://www.linkedin.com/in/mark-metzelaar-a6a64444,EU,Xafax,True,True,InteractiveWhiteboardMarket,2025-07-03
Michael,Lisch,michael.lisch@wolfvision.com,Managing Director,https://www.linkedin.com/in/michael-lisch-18610a125,EU,WolfVision,True,True,InteractiveWhiteboardMarket,2025-07-03
Michael,Grunwald,michael@displaypc.de,CEO / Geschäftsführer,https://www.linkedin.com/in/michael-grunwald-5806ab183,EU,Grunwald Display,True,True,InteractiveWhiteboardMarket,2025-07-03
Michel,Drion,michel@amadeatechnologies.com,Managing Director,https://www.linkedin.com/in/micheldrion,EU,Amadea,True,True,InteractiveWhiteboardMarket,2025-07-03
Harry,Ochiai,ochiai@elmousa.com,President,https://www.linkedin.com/in/harry-ochiai-134a313a,US,ELMO,True,True,InteractiveWhiteboardMarket,2025-07-03
Oleg,Semakow,oleg.semakow@mebikon.de,Head of Products,https://www.linkedin.com/in/oleg-semakow-433b65112,EU,MEBIKON,True,True,InteractiveWhiteboardMarket,2025-07-03
Oscar,Hanson,oscar.hanson@innovationsteknik.io,VD och delägare,https://www.linkedin.com/in/oscar-hanson-515a5ab6,EU,Innovationsteknik,True,True,InteractiveWhiteboardMarket,2025-07-03
Paolo,Dagani,paolo@ligra.it,Chief Technology Officer,https://www.linkedin.com/in/paolo-dagani-7283752b,US,Ligra,True,True,InteractiveWhiteboardMarket,2025-07-03
Patrick,Tan,patrick@eiki.com,Ag CEO,https://www.linkedin.com/in/patrick-tan-24a020258,US,Eiki,True,True,InteractiveWhiteboardMarket,2025-07-03
Peter,Molnar,peter@thecloudcasting.com,CIO/CTO,https://www.linkedin.com/in/peter-molnar-32610638,EU,CloudCasting,True,True,InteractiveWhiteboardMarket,2025-07-03
Patrice,Pineau,ppineau@agelec.fr,Associate Managing Director,https://www.linkedin.com/in/patrice-pineau-2b29897b,EU,AGELEC,True,True,InteractiveWhiteboardMarket,2025-07-03
Remco,De Korte,remco@onwijs.com,Co-Owner,https://www.linkedin.com/in/remcodekorte,EU,Onwijs,True,True,InteractiveWhiteboardMarket,2025-07-03
Rene,Jansen,rene@ungap.tech,Founder & CEO,https://www.linkedin.com/in/rene-jansen-ungap,EU,Ungap,True,True,InteractiveWhiteboardMarket,2025-07-03
Rob,Bosher,rob@quintessenceltd.co.uk,Founder and CEO,https://www.linkedin.com/in/robbosher,EU,Quintessence,True,True,InteractiveWhiteboardMarket,2025-07-03
Roland,Vet,roland@xafax.nl,Commercieel Directeur,https://www.linkedin.com/in/roland-vet-76b28115,EU,Xafax,True,True,InteractiveWhiteboardMarket,2025-07-03
Rolando,Occhiuzzo,rolando@screenpro.ch,Founder & Senior Consultant,https://www.linkedin.com/in/rolando-occhiuzzo-99243974,EU,screenpro,True,True,InteractiveWhiteboardMarket,2025-07-03
Rui,Calçada,rui.calcada@wingsys.pt,CEO,https://www.linkedin.com/in/rui-calçada-1a435857,US,Wingsys,True,True,InteractiveWhiteboardMarket,2025-07-03
Samuel,Bonfante,sbonfante@hatchearlylearning.com,President,https://www.linkedin.com/in/sambonfante,US,Hatch Early Learning,True,True,InteractiveWhiteboardMarket,2025-07-03
Scott,Hix,scott.hix@avocor.com,CEO and Co-Founder,https://www.linkedin.com/in/scott-hix-262494a,US,Avocor,True,True,InteractiveWhiteboardMarket,2025-07-03
Szymon,Staruchowicz,szymon.staruchowicz@vidis.pl,Vice President,https://www.linkedin.com/in/szymon-staruchowicz-bab73267,EU,VIDIS,True,True,InteractiveWhiteboardMarket,2025-07-03
Telford,Burtts,telford.burtts@prometheanworld.com,"Senior Technical Program/Product Manager (CSPO, ACSM)",https://www.linkedin.com/in/telford-burtts,US,Promethean,True,True,InteractiveWhiteboardMarket,2025-07-03
Thomas,Bellgardt,thomas@bellgardt.de,Geschäftsführer der Belgardt Medientechnik Vertriegs-GmbH,https://www.linkedin.com/in/thomas-bellgardt-736827147,EU,Bellgardt,True,True,InteractiveWhiteboardMarket,2025-07-03
Tom,Mitchell,tmitchell@connecttheoffice.com,President,https://www.linkedin.com/in/tom-mitchell-50825ba,US,Connected Office,True,True,InteractiveWhiteboardMarket,2025-07-03
Tobias,Schwirten,tobias.schwirten@exactsolutions.de,Managing Director,https://www.linkedin.com/in/tobias-schwirten-81152535,EU,EXACT,True,True,InteractiveWhiteboardMarket,2025-07-03
Tommaso,Trionfi,tommaso@noro.co,CEO and Co-founder,https://www.linkedin.com/in/trionfi,US,Noro,True,True,InteractiveWhiteboardMarket,2025-07-03
Tommi,Ilmonen,tommi.ilmonen@multitaction.com,Chief Technology Officer,https://www.linkedin.com/in/tommi-ilmonen-b2137273,EU,MultiTaction,True,True,InteractiveWhiteboardMarket,2025-07-03
Victor,Ibanescu,victor.ibanescu@exactsolutions.de,Senior Design Engineer,https://www.linkedin.com/in/victor-ibanescu-b70088126,EU,EXACT,True,True,InteractiveWhiteboardMarket,2025-07-03
Yamina,Ghaleth,yamina.ghaleth@ulmann.com,Cadre commercial Grands comptes indirects,https://www.linkedin.com/in/yamina-ghaleth-953b1ba9,EU,Ulmann,True,True,InteractiveWhiteboardMarket,2025-07-03
Yaroslav,Shuper,yaroslav.shuper@intelligentlecterns.com,Director of Engineering,https://www.linkedin.com/in/yaroslav-shuper-6752bb10a,EU,ILS,True,True,InteractiveWhiteboardMarket,2025-07-03
Zsolt,Nyéki,zsolt.nyeki@screenland.eu,Owner,https://www.linkedin.com/in/zsolt-nyéki-1b140256,EU,Screenland,True,True,InteractiveWhiteboardMarket,2025-07-03
