First Name,Last Name,Email,Job Title,LinkedIn,Timezone - Lead,Company,Is_Valid_Email,Is_Valid_LinkedIn,Source_File,Date_Processed
Nupur,Shah,nupur@amijag.com,Manager,https://www.linkedin.com/in/nupur-shah-282091a7,US,Amijag,True,True,LuxuryResaleMarket,2025-07-03
Kshitij,Shah,kshitij@amijag.com,Director,https://www.linkedin.com/in/kshitij-shah-b43612b6,US,Amijag,True,True,LuxuryResaleMarket,2025-07-03
Trentin,Piwinski,trentin@atlantaluxurybags.com,CMO,https://www.linkedin.com/in/trentin-piwinski-7a390118a,US,Atlanta Luxury Bags,True,True,LuxuryResaleMarket,2025-07-03
Avi,Hiaeve,avi@aviandco.com,CEO and Founder,https://www.linkedin.com/in/avi-hiaeve-1820b9203,US,Avi & Co,True,True,LuxuryResaleMarket,2025-07-03
Christie,Spooner,christie@blackrockgalleries.com,Chief Executive Officer + Appraiser,https://www.linkedin.com/in/christie-spooner-866bb260,US,Black Rock Galleries,True,True,LuxuryResaleMarket,2025-07-03
Carol,Altieri,carol@bobswatches.com,COO / Coowner Bob's Watches,https://www.linkedin.com/in/carol-altieri-231712b2,US,Bob's Watches,True,True,LuxuryResaleMarket,2025-07-03
Tamara,Young,tamara@consign-couture.com,Founder,https://www.linkedin.com/in/tamara-young-50a69932,US,Consign Couture,True,True,LuxuryResaleMarket,2025-07-03
Casey,Catalano,casey@covetboston.com,Chief Operating Officer,https://www.linkedin.com/in/casey-catalano-5bb23654,US,Covet,True,True,LuxuryResaleMarket,2025-07-03
Hanadi,Hamzeh,hanadi@covetboston.com,Owner,https://www.linkedin.com/in/hanadi-hamzeh-1361b561,US,Covet,True,True,LuxuryResaleMarket,2025-07-03
Jason,Stutzman,jasons@dalshire.com,VP - Product & Brand Development - Jewelry Division,https://www.linkedin.com/in/jason-stutzman-695a2a56,US,DalShire,True,True,LuxuryResaleMarket,2025-07-03
Tiffany,Keriakos,tiffany@designerrevival.com,CEO,https://www.linkedin.com/in/tiffany-keriakos-9556477,US,Designer Revival,True,True,LuxuryResaleMarket,2025-07-03
Joshua,G,joshua@europeanwatch.com,Chief Executive Officer,https://www.linkedin.com/in/joshua-g-58a64324b,US,European Watch,True,True,LuxuryResaleMarket,2025-07-03
Ethan,Richardson,ethan@exquisitetimepieces.com,Chief Marketing Officer,https://www.linkedin.com/in/ethan-richardson-b3ab6413b,US,Exquisite Timepieces,True,True,LuxuryResaleMarket,2025-07-03
Nica,Yusay,nica@fashionica.com,Founder,https://www.linkedin.com/in/nica-yusay-029a1997,US,FashioNica,True,True,LuxuryResaleMarket,2025-07-03
Will,Dietsche,will@foreignobjects.com,Founder/CEO,https://www.linkedin.com/in/will-dietsche-33b46163,US,Foreign Objects,True,True,LuxuryResaleMarket,2025-07-03
Maria,Saxon,maria@fortunaauction.com,VP of Executive Office,https://www.linkedin.com/in/maria-saxon-85141830,US,Fortuna,True,True,LuxuryResaleMarket,2025-07-03
Russell,Kelly,russell@fourtane.com,Chief Operating Officer,https://www.linkedin.com/in/russell-kelly-6b15a832,US,Fourtané,True,True,LuxuryResaleMarket,2025-07-03
Julian,Connor,julian@grailed.com,Cofounder & CTO,https://www.linkedin.com/in/julianlconnor,US,Grailed,True,True,LuxuryResaleMarket,2025-07-03
Keith,Gray,keith@grayandsons.com,President/CEO,https://www.linkedin.com/in/keith-gray-bb015033,US,Gray & Sons,True,True,LuxuryResaleMarket,2025-07-03
Brian,Graff,bgraff@highline-autos.com,Owner,https://www.linkedin.com/in/brian-r-graff-3935169,US,Highline Autos,True,True,LuxuryResaleMarket,2025-07-03
Terry,Thompson,tthompson@highline-autos.com,V.P. of Business Development- California,https://www.linkedin.com/in/terry-l-thompson-b997a3b6,US,Highline Autos,True,True,LuxuryResaleMarket,2025-07-03
Beth,Mcrae,beth@highsocietyresale.com,Business Owner,https://www.linkedin.com/in/beth-mcrae-3914522,US,High Society Resale,True,True,LuxuryResaleMarket,2025-07-03
Damon,Gross,dgross@hydeparkjewelers.com,Chief Executive Officer,https://www.linkedin.com/in/damon-gross-4488787,US,Hyde Park Jewelers,True,True,LuxuryResaleMarket,2025-07-03
Bettina,Berntsen,bettina@investmentwatches.com,Chief Operating Officer,https://www.linkedin.com/in/bettina-berntsen,US,Investment Watches,True,True,LuxuryResaleMarket,2025-07-03
Marvin,Sternberg,marvin@jomashop.com,CEO and Founder,https://www.linkedin.com/in/marvin-sternberg-40481513,US,Jomashop.com,True,True,LuxuryResaleMarket,2025-07-03
Alexander,Sternberg,alex@jomashop.com,Chief Operating Officer,https://www.linkedin.com/in/alexander-sternberg-6a6662a9,US,Jomashop,True,True,LuxuryResaleMarket,2025-07-03
Rodger,Kaufman,r.kaufman@kaufmanandkaufman.com,President,https://www.linkedin.com/in/rodger-a-kaufman-a1077352,US,Kaufman & Kaufman,True,True,LuxuryResaleMarket,2025-07-03
Ken,Grazi,ken@kenjo.net,President,https://www.linkedin.com/in/ken-grazi-2b84b827,US,Kenjo,True,True,LuxuryResaleMarket,2025-07-03
Scott,King,scott@kingjewelers.com,Pres/ CEO,https://www.linkedin.com/in/scott-king-06531248,US,King Jewelers,True,True,LuxuryResaleMarket,2025-07-03
Jono,King,jono@kingjewelers.com,Owner/Operator,https://www.linkedin.com/in/jono-king-4740b485,US,King Jewelers,True,True,LuxuryResaleMarket,2025-07-03
Megan,Druckman,megan@lolasaratoga.com,Founder,https://www.linkedin.com/in/megan-druckman-4aab4332,US,Lola Saratoga,True,True,LuxuryResaleMarket,2025-07-03
Lori,Leven,lori@loveadorned.com,Director and Designer,https://www.linkedin.com/in/lori-leven-830a396,US,Love Adorned,True,True,LuxuryResaleMarket,2025-07-03
Andrew,Brown,andrew@mygemma.com,Chief Executive Officer,https://www.linkedin.com/in/andrew-brown-11786122,US,myGemma,True,True,LuxuryResaleMarket,2025-07-03
Janet,Walzer,janet@mysisterscloset.com,Chief Executive Officer,https://www.linkedin.com/in/janet-walzer-a5753417,US,My Sister's Closet,True,True,LuxuryResaleMarket,2025-07-03
Franco,Lim,franco@northshoreexchange.org,Director of IT,https://www.linkedin.com/in/franco-lim-9b304329,US,North Shore Exchange,True,True,LuxuryResaleMarket,2025-07-03
Wendy,Serrino,wendy@northshoreexchange.org,"Founder, CEO, Board Chair",https://www.linkedin.com/in/wendy-serrino-2b1794a,US,North Shore Exchange,True,True,LuxuryResaleMarket,2025-07-03
Heather,Case,heather@onepurse.org,Founder and CEO,https://www.linkedin.com/in/heather-case-0191b9148,US,One Purse,True,True,LuxuryResaleMarket,2025-07-03
Cherish,Thanchan,cherish@originsnyc.com,Chief Executive Officer,https://www.linkedin.com/in/cherish-thanchan-17309a62,US,Origins,True,True,LuxuryResaleMarket,2025-07-03
Sandra,Lifshits,sandra@retrofit.shop,Founder & CEO,https://www.linkedin.com/in/sandra-lifshits,US,Retrofit,True,True,LuxuryResaleMarket,2025-07-03
Robin,Hancock,robin@robinhancock.jewelry,Business Owner,https://www.linkedin.com/in/robin-hancock-185985223,US,Robin Hancock,True,True,LuxuryResaleMarket,2025-07-03
Monica,Tapia-mularski,monica@season2consign.com,"Co-Founder, COO",https://www.linkedin.com/in/monica-tapia-mularski-197979219,US,Season 2 Consign,True,True,LuxuryResaleMarket,2025-07-03
Erika,Schrieber,erika@season2consign.com,Cofounder & CEO,https://www.linkedin.com/in/erikaschrieber,US,Season 2 Consign,True,True,LuxuryResaleMarket,2025-07-03
Max,Lightman,max@shoplindasstuff.com,President,https://www.linkedin.com/in/max-lightman-3693891b,US,Linda's Stuff,True,True,LuxuryResaleMarket,2025-07-03
Tatiana,Ricks,tatiana@shoplindasstuff.com,Listing Coordinator,https://www.linkedin.com/in/tatiana-ricks-4b64ab1b1,US,Linda's Stuff,True,True,LuxuryResaleMarket,2025-07-03
Jessie,Freschl,jf@shoprepurpose.org,Founder,https://www.linkedin.com/in/jessie-freschl-763a5814,US,Shop Repurpose,True,True,LuxuryResaleMarket,2025-07-03
Brad,Walker,brad@shrevecrumpandlow.com,Sales Director,https://www.linkedin.com/in/brad-walker-57a9b3a3,US,"Shreve, Crump & Low",True,True,LuxuryResaleMarket,2025-07-03
Lane,Wang,lane@solestage.com,CEO,https://www.linkedin.com/in/lane-wang-a85523237,US,SoleStage,True,True,LuxuryResaleMarket,2025-07-03
Michael,Manjos,michael@the1916company.com,Chief Revenue Officer,https://www.linkedin.com/in/michael-manjos-792998171,US,The 1916 Company,True,True,LuxuryResaleMarket,2025-07-03
David,Kaplan,david@the1916company.com,Owner,https://www.linkedin.com/in/david-kaplan-2b99b4a0,US,The 1916 Company,True,True,LuxuryResaleMarket,2025-07-03
Larry,Birnbaum,larry@thesolist.com,Chief Executive Officer,https://www.linkedin.com/in/larry-birnbaum,US,The Solist,True,True,LuxuryResaleMarket,2025-07-03
Samantha,Elias,samantha@thevintagetwin.com,"CEO, Co-Founder",https://www.linkedin.com/in/samantha-elias-7558b114,US,The Vintage Twin,True,True,LuxuryResaleMarket,2025-07-03
Jennifer,Pendola,jennifer@uptownconsignment.com,Regional Manager,https://www.linkedin.com/in/jennifer-pendola-2a5b46172,US,Uptown Consignment,True,True,LuxuryResaleMarket,2025-07-03
Anne,Stevens,anne@uptownconsignment.com,President,https://www.linkedin.com/in/annestevens82,US,Uptown Consignment,True,True,LuxuryResaleMarket,2025-07-03
Matt,Torrie,mtorrie@winebid.com,CFO,https://www.linkedin.com/in/matt-torrie-a6014516,US,WineBid,True,True,LuxuryResaleMarket,2025-07-03
Steven,Schneider,steven@worthy.com,Chief Executive Officer,https://www.linkedin.com/in/stevenschneider,US,Worthy.com,True,True,LuxuryResaleMarket,2025-07-03
Amir,Zilberman,amir@worthy.com,CTO,https://www.linkedin.com/in/azilberman,US,Worthy.com,True,True,LuxuryResaleMarket,2025-07-03
