First Name,Last Name,Email,Job Title,LinkedIn,Timezone - Lead,Company,Is_Valid_Email,Is_Valid_LinkedIn,Source_File,Date_Processed
Mahi,Sundaranathan,mahi.sundaranathan@adnl.com.au,Chief Executive Officer,https://www.linkedin.com/in/mahi-sundaranathan-958843a,US,Australian Dairy Nutritionals,True,True,PediatricNutritionMarket,2025-07-03
Arlene,Fosmer,afosmer@infinanthealth.com,Chief Science Officer,https://www.linkedin.com/in/arlene-fosmer-7b513312,US,Infinant Health,True,True,PediatricNutritionMarket,2025-07-03
Angel,Ghiazza,aghiazza@delafruit.com,"Chief Operating Officer - COO, Operations Director",https://www.linkedin.com/in/angelghiazza,EU,Delafruit,True,True,PediatricNutritionMarket,2025-07-03
Andrew,Kamara,akamara@edesianutrition.org,Vice President of Operations,https://www.linkedin.com/in/andrew-kamara-3901b6315,US,Edesia,True,True,PediatricNutritionMarket,2025-07-03
Antonio,Lodeiro,al@dutchnutrition.com,Head of Sales and Business Development,https://www.linkedin.com/in/alodeiro,EU,Dutch Nutrition,True,True,PediatricNutritionMarket,2025-07-03
Alberto,Jimenez,alberto.jimenez@smileatbaby.com,Co-founder&CEO,https://www.linkedin.com/in/albertojimenezsanmateo,EU,Smileat,True,True,PediatricNutritionMarket,2025-07-03
Adeline,Lescanne-gautier,alescanne@groupenutriset.fr,Directrice Générale,https://www.linkedin.com/in/adeline-lescanne-gautier-220b25105,EU,Nutriset,True,True,PediatricNutritionMarket,2025-07-03
Alex,Abelin,alex@plantbaby.co,Co-Founder and CEO,https://www.linkedin.com/in/alexabelin,US,PlantBaby,True,True,PediatricNutritionMarket,2025-07-03
Alona,C,alona@hiyahealth.com,Product Development Scientist,https://www.linkedin.com/in/alona-c-55461812a,US,Hiya,True,True,PediatricNutritionMarket,2025-07-03
Amber,Morey-lanza,amorey@beechnut.com,Principal Scientist,https://www.linkedin.com/in/amber-morey-lanza-6b0178216,US,Beech-Nut,True,True,PediatricNutritionMarket,2025-07-03
Amy,Womack,amyw@brauer.com.au,Senior R&D Formulation Chemist,https://www.linkedin.com/in/amy-womack-550bb121,US,Brauer,True,True,PediatricNutritionMarket,2025-07-03
Andrea,Sarti,andrea.sarti@humana.it,Regulatory & Quality Director South Europe,https://www.linkedin.com/in/andrea-sarti-142798a,US,Humana,True,True,PediatricNutritionMarket,2025-07-03
Andrew,Abraham,andrew@orgain.com,CEO and Founder,https://www.linkedin.com/in/andrew-abraham-a70b43a3,US,Orgain,True,True,PediatricNutritionMarket,2025-07-03
Angela,Vranich,angela@littlespoon.com,Co-Founder + Chief Product Officer,https://www.linkedin.com/in/avranich,US,Little Spoon,True,True,PediatricNutritionMarket,2025-07-03
Antonio,Montoro,antonio.montoro@ordesalab.com,Director de Regulatory Affairs,https://www.linkedin.com/in/antonio-montoro-lorite-5a529022,EU,Ordesa,True,True,PediatricNutritionMarket,2025-07-03
Brian,Harty,b.harty@childlife.net,Executive Vice President & General Counsel,https://www.linkedin.com/in/brian-harty-38a30b12,US,ChildLife,True,True,PediatricNutritionMarket,2025-07-03
Ben,Chester,ben@sproutorganic.com.au,COO / Director,https://www.linkedin.com/in/ben-chester-6a652a47,US,Sprout Organic,True,True,PediatricNutritionMarket,2025-07-03
Benoit,Schmit,benoit.schmit@hipp.fr,Directeur Général Hipp France,https://www.linkedin.com/in/benoit-schmit-2b2a1062,EU,HiPP,True,True,PediatricNutritionMarket,2025-07-03
Bev,Emerson,bev@barleans.com,Director of New Product Development,https://www.linkedin.com/in/bev-emerson-048aa78,US,Barleans,True,True,PediatricNutritionMarket,2025-07-03
Bill,Price,bprice@mommysbliss.com,Chief Financial Officer,https://www.linkedin.com/in/bill-price-1b61555,US,Mommy's Bliss,True,True,PediatricNutritionMarket,2025-07-03
Bradley,Bartram,bradley.bartram@puremedic.com,Chief Technical Officer,https://www.linkedin.com/in/bradley-bartram-4b188525a,US,Puremedic,True,True,PediatricNutritionMarket,2025-07-03
Brock,Buttrick,brockb@physicianschoice.com,Chief Financial Officer,https://www.linkedin.com/in/brock-buttrick-2574a9a,US,Physician's Choice,True,True,PediatricNutritionMarket,2025-07-03
Carlos,Ferreiro,carlos@pharmanatural.com,President,https://www.linkedin.com/in/carlos-ferreiro-79797512,US,Pharma Natural,True,True,PediatricNutritionMarket,2025-07-03
Tomas,Cervinka,cervinka.tomas@vitar.cz,CEO,https://www.linkedin.com/in/tomascervinka,EU,VITAR,True,True,PediatricNutritionMarket,2025-07-03
Charlotte,Lempereur,charlotte@yooji.fr,Directrice marketing et digital,https://www.linkedin.com/in/charlotte-lempereur-b0973311,EU,Yooji,True,True,PediatricNutritionMarket,2025-07-03
Christopher,Kavanaugh,chris.kavanaugh@hydralyte.com,Senior Vice President Finance and Operations,https://www.linkedin.com/in/christopher-kavanaugh-83088228,US,HydraLyte,True,True,PediatricNutritionMarket,2025-07-03
Christian,Gegenleitner,christian.gegenleitner@hipp.at,Geschäftsführer,https://www.linkedin.com/in/christian-gegenleitner-10b6ba109,EU,HiPP,True,True,PediatricNutritionMarket,2025-07-03
Cullen,Ankenman,cullen.ankenman@initiativefoods.com,Research And Development Technician,https://www.linkedin.com/in/cullen-ankenman-07073415a,US,Initiative Foods,True,True,PediatricNutritionMarket,2025-07-03
Damariz,Rivero,d.rivero@buona.it,Quality Control Manager and International Regulatory Affairs,https://www.linkedin.com/in/damariz-rivero-b8a14962,US,Buona,True,True,PediatricNutritionMarket,2025-07-03
Danae,Lucas,danae@helloyumi.com,Vice President of Quality,https://www.linkedin.com/in/danae-lucas-15264334,US,Yumi,True,True,PediatricNutritionMarket,2025-07-03
David,Mdivani,dave@hipp.de,CEO,https://www.linkedin.com/in/david-mdivani-b6026570,US,HiPP,True,True,PediatricNutritionMarket,2025-07-03
David,Bortolussi,david.bortolussi@a2milk.com,MD and CEO,https://www.linkedin.com/in/david-bortolussi-0b601220,US,a2 Milk,True,True,PediatricNutritionMarket,2025-07-03
Devon,Kuehn,devon@byheart.com,Chief Medical Officer,https://www.linkedin.com/in/devon-kuehn-7552931b4,US,ByHeart,True,True,PediatricNutritionMarket,2025-07-03
Diego,Jimenez,diego.jimenez@smileat.com,CFO,https://www.linkedin.com/in/diegojimenezfb,EU,Smileat,True,True,PediatricNutritionMarket,2025-07-03
Doug,Mcguire,doug@shinewater.com,Chief Financial Officer,https://www.linkedin.com/in/doug-mcguire-07a6a166,US,ShineWater,True,True,PediatricNutritionMarket,2025-07-03
Deon,Winterbach,dwinterbach@crosscare.com,Managing Director,https://www.linkedin.com/in/deon-winterbach-ab2b8842,EU,Crosscare,True,True,PediatricNutritionMarket,2025-07-03
Eden,Banon-lagrange,eden@numi.life,Co-founder & CEO,https://www.linkedin.com/in/eden-banon-lagrange-3069779b,EU,Nūmi,True,True,PediatricNutritionMarket,2025-07-03
Edith,Bailey,edith.bailey@a2milk.com,Chief Marketing Officer,https://www.linkedin.com/in/edith-bailey-3b8a713,US,a2 Milk,True,True,PediatricNutritionMarket,2025-07-03
Elieke,Kearns,elieke.kearns@kabrita.ca,"Director, Medical & Scientific Affairs",https://www.linkedin.com/in/elieke,US,Kabrita,True,True,PediatricNutritionMarket,2025-07-03
Emma,Höglund,emma.hoglund@neobiomics.eu,Chief Executive Officer,https://www.linkedin.com/in/emma-höglund-b06277,EU,Neobiomics,True,True,PediatricNutritionMarket,2025-07-03
Eric,Hanson,erich@lifeway.net,"Chief Financial Officer and Chief Accounting Officer, Treasurer",https://www.linkedin.com/in/eric-hanson-cpa-4917203,US,Lifeway,True,True,PediatricNutritionMarket,2025-07-03
Eugénie,Pezé-heidsieck,eugenie@numi.life,Co-founder and CTO,https://www.linkedin.com/in/eugénie-pezé-heidsieck-phd-7b8b0ab2,US,Nūmi,True,True,PediatricNutritionMarket,2025-07-03
Florian,Schnau,florian@pumpkin-organics.com,Co-Founder & CXO,https://www.linkedin.com/in/florian-schnau,EU,Pumpkin Organics,True,True,PediatricNutritionMarket,2025-07-03
Francis,Faure,francis.faure@pediact.com,President,https://www.linkedin.com/in/francis-faure-04269b1b,EU,PediAct,True,True,PediatricNutritionMarket,2025-07-03
Gabriele,Zanetti,gabriele.zanetti@vanatari.com,Country Manager Italy - Product Management and Marketing,https://www.linkedin.com/in/gabriele-zanetti-348106210,EU,Vegavero,True,True,PediatricNutritionMarket,2025-07-03
Garrison,Jones,garrison@mavericksnacks.com,President & GM,https://www.linkedin.com/in/garrison-jones-82b03620,US,Mavericks Snacks,True,True,PediatricNutritionMarket,2025-07-03
Gary,Hirshberg,gary.hirshberg@stonyfield.com,Chairman and CEO,https://www.linkedin.com/in/gary-hirshberg-b8095424b,US,Stonyfield,True,True,PediatricNutritionMarket,2025-07-03
Geza,Somogyi,geza.somogyi@hochdorf.com,COO Hochdorf Swiss Nutrition Ltd.,https://www.linkedin.com/in/geza-somogyi-54744574,EU,HOCHDORF,True,True,PediatricNutritionMarket,2025-07-03
Gilbert,Chow,gilbert.chow@bellamysorganic.com.au,General Manager - Supply Chain & Procurement,https://www.linkedin.com/in/gilbert-chow-17b9b93,US,Bellamy's Organic,True,True,PediatricNutritionMarket,2025-07-03
Glenn,Snow,gsnow@lactalogics.com,CEO,https://www.linkedin.com/in/glenn-snow-952b12b4,US,LactaLogics,True,True,PediatricNutritionMarket,2025-07-03
Guillaume,Barbier,guillaume@allg.com,Chief Technology Officer,https://www.linkedin.com/in/guillaume-barbier-3808a218,US,All G,True,True,PediatricNutritionMarket,2025-07-03
Gyan,Rai,gyan@nara.com,"Senior Director, R&D, Regulatory & Scientific Affairs",https://www.linkedin.com/in/gyan-rai-37b6b67,US,Nara,True,True,PediatricNutritionMarket,2025-07-03
Hussein,Rifai,hussein.rifai@natureonedairy.com,Chairman of the Board,https://www.linkedin.com/in/hussein-rifai-73a4941,EU,Nature One Dairy,True,True,PediatricNutritionMarket,2025-07-03
James,Barickman,james.barickman@infirst-usa.com,President and CEO,https://www.linkedin.com/in/james-barickman-9757844,US,Infirst,True,True,PediatricNutritionMarket,2025-07-03
Jaime,Banfield,jbanfield@heronutritionals.com,General Counsel,https://www.linkedin.com/in/jaime-banfield-3aa8b636,US,Hero Nutritionals,True,True,PediatricNutritionMarket,2025-07-03
Jeffrey,Morris,jeff.morris@naturesone.com,Director of Product and Process Development,https://www.linkedin.com/in/jeffrey-morris-39b7049a,US,Nature's One,True,True,PediatricNutritionMarket,2025-07-03
Jeremy,Okraglik,jeremy@nutura.com.au,Chief Executive Officer,https://www.linkedin.com/in/jeremy-okraglik-584418113,US,Nutura,True,True,PediatricNutritionMarket,2025-07-03
Jeremy,Strohner,jeremy@yooji.fr,PDG,https://www.linkedin.com/in/jeremy-strohner-8457305b,EU,Yooji,True,True,PediatricNutritionMarket,2025-07-03
Jerome,Tse,jerome@berripro.com,Founder & CEO,https://www.linkedin.com/in/tsejerome,US,Berri Organics,True,True,PediatricNutritionMarket,2025-07-03
Jens,Kutschera,jkutschera@milei.de,Member of the Executive Board,https://www.linkedin.com/in/jens-kutschera-9b876948,EU,MILEI,True,True,PediatricNutritionMarket,2025-07-03
Javier,Mate,jmate@delafruit.com,CCMO -Chief Commercial and Marketing Officer-,https://www.linkedin.com/in/javier-mate-3b25935,EU,Delafruit,True,True,PediatricNutritionMarket,2025-07-03
Joseph,She,joseph.she@inbiose.com,Chief Operating Officer,https://www.linkedin.com/in/joseph-she-phd-ab591a11,EU,Inbiose,True,True,PediatricNutritionMarket,2025-07-03
Josette,Grimesty,josette.grimesty@littlefreddie.com,Group Technical Director,https://www.linkedin.com/in/josette-grimesty-b5404618,EU,Little Freddie,True,True,PediatricNutritionMarket,2025-07-03
Katie,Marks-cogan,katie@readysetfood.com,Chief Allergist,https://www.linkedin.com/in/dr-katie-marks-cogan-b668aab,US,Ready. Set. Food.,True,True,PediatricNutritionMarket,2025-07-03
Katrin,Bollacher,katrin@ggoods.de,Geschäftsführerin,https://www.linkedin.com/in/katrin-bollacher-021639226,EU,Good Goods,True,True,PediatricNutritionMarket,2025-07-03
Kenneth,Milligan,kmilligan@solacenutrition.com,Vice President - Products & Quality,https://www.linkedin.com/in/kenneth-milligan-ph-d-951bb8,US,Solace Nutrition,True,True,PediatricNutritionMarket,2025-07-03
Kris,Pelzer,kris.pelzer@infectopharm.com,Fachreferentin Arzneimittelzulassung/ Leading Expert,https://www.linkedin.com/in/kris-pelzer-a0585088,EU,InfectoPharm,True,True,PediatricNutritionMarket,2025-07-03
Kyle,W,kyle@drinktally.com,Co-Founder,https://www.linkedin.com/in/wattskyle,US,Tally,True,True,PediatricNutritionMarket,2025-07-03
Ladislava,Klasić-stanković,ladislava.klasic-stankovic@hipp.de,Head Of Quality Management & Sustainability,https://www.linkedin.com/in/ladislava-klasić-stanković-15489114,EU,HiPP,True,True,PediatricNutritionMarket,2025-07-03
Laura,Kendrick,laura@curehydration.com,Chief Marketing Officer,https://www.linkedin.com/in/laurarhaas,US,CURE,True,True,PediatricNutritionMarket,2025-07-03
Laurence,Crussol,laurence@nutraorganics.com.au,Non-Executive Director- Board Member,https://www.linkedin.com/in/laurence-crussol-bb514573,US,Nutra Organics,True,True,PediatricNutritionMarket,2025-07-03
Linda,Hägglund,lh@biogaia.se,CMO - Chief Marketing Officer,https://www.linkedin.com/in/linda-hägglund-95043b31,EU,BioGaia,True,True,PediatricNutritionMarket,2025-07-03
Limor,Seltzer,limors@elsenutrition.com,Vice President Business & Sales Operations,https://www.linkedin.com/in/limorseltzer,US,Else,True,True,PediatricNutritionMarket,2025-07-03
Linda,Gao,linda.gao@ausnutria.com.au,"Director, Research and Development",https://www.linkedin.com/in/玉妹-高-745737a3,US,Ausnutria,True,False,PediatricNutritionMarket,2025-07-03
Lilly,Vasquez,lvasquez@aytubio.com,Quality Project Manager,https://www.linkedin.com/in/lilly-vasquez-64b85833,US,Neos,True,True,PediatricNutritionMarket,2025-07-03
Marija,Vukadinovic,marija@4youpharma.com,Head Of Strategic Marketing,https://www.linkedin.com/in/marija-vukadinovic-99b212200,EU,4U Pharma,True,True,PediatricNutritionMarket,2025-07-03
Marina,Fedotova,marina.fedotova@kendalnutricare.com,Director of Research Development,https://www.linkedin.com/in/marina-fedotova01,EU,Kendamil,True,True,PediatricNutritionMarket,2025-07-03
Mark,Schiller,mark.schiller@hain.com,Retired CEO and active board member,https://www.linkedin.com/in/mark-schiller,US,Hain Celestial,True,True,PediatricNutritionMarket,2025-07-03
Mark,Powell,mark@nutraorganics.com.au,Founding Director,https://www.linkedin.com/in/mark-powell-33b366b3,US,Nutra Organics,True,True,PediatricNutritionMarket,2025-07-03
Martina,Radatti,martina.radatti@vanatari.com,Country Manager Spain and France – Product management & marketing,https://www.linkedin.com/in/martina-radatti-42a629202,EU,Vegavero,True,True,PediatricNutritionMarket,2025-07-03
Melissa,Arndt,melissa@myserenitykids.com,Director of Product Development & Commercialization,https://www.linkedin.com/in/melissa-arndt-70259382,US,Serenity Kids,True,True,PediatricNutritionMarket,2025-07-03
Michael,Mauze,michael.mauze@littlefreddie.com,Board Member,https://www.linkedin.com/in/michael-mauze-1391b2110,US,Little Freddie,True,True,PediatricNutritionMarket,2025-07-03
Michael,Johnigean,michael@hembal.com,COO,https://www.linkedin.com/in/johnigean,US,Hembal,True,True,PediatricNutritionMarket,2025-07-03
Michele,Galdi,michele.galdi@humana.it,Medical & Scientific Director,https://www.linkedin.com/in/michele-galdi-1a114812b,US,Humana,True,True,PediatricNutritionMarket,2025-07-03
Mick,Myers,mick.myers@nuchev.com.au,Chief Executive Officer,https://www.linkedin.com/in/mickmyers,US,Nuchev,True,True,PediatricNutritionMarket,2025-07-03
Mingming,Wang,mingming.wang@mjngc.com,Head of Product Development,https://www.linkedin.com/in/mingming-wang-pmp®-10a51824,EU,Mead Johnson,True,True,PediatricNutritionMarket,2025-07-03
Moe,Kaadan,moe@americamedic.com,Co Founder,https://www.linkedin.com/in/moe-kaadan-ab8aa179,US,AMS,True,True,PediatricNutritionMarket,2025-07-03
Mohamed,Fouad,mohamedf@brauer.com.au,New Product Development Project Manager,https://www.linkedin.com/in/mohamedwaleedfouad,US,Brauer,True,True,PediatricNutritionMarket,2025-07-03
Naeyoung,Kang,naeyoung.kang@moms-garden.de,Director of Innovation and Branding,https://www.linkedin.com/in/naeyoung,EU,Mom's Garden,True,True,PediatricNutritionMarket,2025-07-03
Nancy,Laudon,nancyjlaudon@sprigs.life,Co-Owner,https://www.linkedin.com/in/nancy-laudon-12622187,US,Sprigs Life,True,True,PediatricNutritionMarket,2025-07-03
Natasha,Chamberlin,natasha.chamberlin@smartypantscorp.com,Director of Product Development and Innovation,https://www.linkedin.com/in/natashachamberlin,US,SmartyPants,True,True,PediatricNutritionMarket,2025-07-03
Nick,Dimopoulos,nick.dimopoulos@natureonedairy.com,Founder & Group Chief Executive Officer,https://www.linkedin.com/in/nick-dimopoulos-47b8223b,US,Nature One Dairy,True,True,PediatricNutritionMarket,2025-07-03
Pascal,Vialaron,pascal@jlbdeveloppement.com,Directeur du développement scientifique,https://www.linkedin.com/in/pascal-vialaron-0b7892192,EU,JLB,True,True,PediatricNutritionMarket,2025-07-03
Peilin,Chen,peilin@nutura.com.au,Planning and procurement Manager,https://www.linkedin.com/in/peilin-chen-a9009a1a5,US,Nutura,True,True,PediatricNutritionMarket,2025-07-03
Pepijn,Kempes,pepijn.kempes@toepfer-babywelt.de,Fractional CMO,https://www.linkedin.com/in/pepijn-kempes-7a76264,EU,Töpfer,True,True,PediatricNutritionMarket,2025-07-03
Ralph,Siegl,ralph.siegl@hochdorf.com,Chief Executive Officer,https://www.linkedin.com/in/ralph-p-siegl-97a90113,EU,Hochdorf,True,True,PediatricNutritionMarket,2025-07-03
Reva,Barewal,rbarewal@savorease.com,CEO and Founder,https://www.linkedin.com/in/reva-barewal-dds-ms-b1781572,US,Savorease,True,True,PediatricNutritionMarket,2025-07-03
Robert,Arculus,rob@allg.com,Chief Operating Officer,https://www.linkedin.com/in/rja,US,All G,True,True,PediatricNutritionMarket,2025-07-03
Ross,Mcmahon,ross.mcmahon@kendalnutricare.com,CEO & Co -Founder,https://www.linkedin.com/in/mcmahonross,EU,Kendamil,True,True,PediatricNutritionMarket,2025-07-03
Sam,Osborne,sam@creeksidenaturals.com,Managing Partner,https://www.linkedin.com/in/sam-osborne-31a37490,US,Creekside Naturals,True,True,PediatricNutritionMarket,2025-07-03
Sara,Holman,sara@hibobbie.com,Chief Commercial Officer (CCO),https://www.linkedin.com/in/saraahmed,US,Bobbie,True,True,PediatricNutritionMarket,2025-07-03
Saurabh,Aggarwal,saurabh@neokare.co.uk,Managing Director,https://www.linkedin.com/in/saurabh-aggarwal-a0127616,EU,NeoKare,True,True,PediatricNutritionMarket,2025-07-03
Scott,Elster,selster@prolacta.com,CEO,https://www.linkedin.com/in/scott-elster-5bb096a,US,Prolacta,True,True,PediatricNutritionMarket,2025-07-03
Sharon,Williams,sharon.williams@nutricia.com,Product Design Development Manager,https://www.linkedin.com/in/sharon-williams-805863118,EU,Nutricia,True,True,PediatricNutritionMarket,2025-07-03
Stephan,Kreuter,skreuter@milei.de,Head of Development & Application,https://www.linkedin.com/in/stephan-kreuter-9112b185,EU,MILEI,True,True,PediatricNutritionMarket,2025-07-03
Sarah,Laude-Castres,slaude@nutribio.com,Directrice R&D,https://www.linkedin.com/in/sarahlaude,EU,Nutribio,True,True,PediatricNutritionMarket,2025-07-03
Sharon,Skelton,sskelton@crosscare.com,Global Marketing Director,https://www.linkedin.com/in/sharon-skelton-88652416,EU,Crosscare,True,True,PediatricNutritionMarket,2025-07-03
Stefan,Johansson,stefan@neobiomics.eu,Chief Medical Officer,https://www.linkedin.com/in/johansson247,EU,Neobiomics,True,True,PediatricNutritionMarket,2025-07-03
Stephen,Kenney,stephen.kenney@good2grow.com,Regulatory and Compliance Manager,https://www.linkedin.com/in/stephen-kenney-0a42985,US,good2grow,True,True,PediatricNutritionMarket,2025-07-03
Susanna,Gabler,susanna.gabler@toepfer-babywelt.de,Managing Director,https://www.linkedin.com/in/susanna-gabler-10a90364,EU,Töpfer,True,True,PediatricNutritionMarket,2025-07-03
Yuting,Tang,tang@babynov.us,Research and Development Project Manager,https://www.linkedin.com/in/yuting-tang-675a0848,US,Babynov,True,True,PediatricNutritionMarket,2025-07-03
Tara,Mcnab,tara.mcnab@ellaskitchen.co.uk,"Interim Innovation Leader - (""Makes Future Stuff"")",https://www.linkedin.com/in/taramcnab,EU,Ella's Kitchen,True,True,PediatricNutritionMarket,2025-07-03
Theresa,Agnew,theresa.agnew@biogaia.com,CEO and President,https://www.linkedin.com/in/theresa-agnew,EU,BioGaia,True,True,PediatricNutritionMarket,2025-07-03
Thomas,Wimmer,thomas.wimmer@infectopharm.com,Leiter Herstellung und Entwicklung,https://www.linkedin.com/in/thomas-wimmer-4209a0129,EU,InfectoPharm,True,True,PediatricNutritionMarket,2025-07-03
Tom,Feeley,tom.feeley@pantheryx.com,CFO | Chief Financial Officer,https://www.linkedin.com/in/tom-feeley-6723357,US,PanTheryx,True,True,PediatricNutritionMarket,2025-07-03
Twan,Thorn,twan@kiddylicious.com,Managing Director,https://www.linkedin.com/in/twan-thorn-317b041,EU,Kiddylicious,True,True,PediatricNutritionMarket,2025-07-03
Wim,Soetaert,wim.soetaert@inbiose.com,Executive Chairman,https://www.linkedin.com/in/wim-soetaert-96140b6,EU,Inbiose,True,True,PediatricNutritionMarket,2025-07-03
