First Name,Last Name,Email,Job Title,LinkedIn,Timezone - Lead,Company,Is_Valid_Email,Is_Valid_LinkedIn,Source_File,Date_Processed
Scott,Falkenberg,sfalkenberg@4imprint.com,Vice President of Supplier Operations,https://www.linkedin.com/in/scottfalkenberg,US,4imprint,True,True,PersonalizedGiftsMarketUnitedStates,2025-07-03
Danielle,Abbood,dabbood@alexandani.com,Sourcing Manager,https://www.linkedin.com/in/dabbood,US,Alex & Ani,True,True,PersonalizedGiftsMarketUnitedStates,2025-07-03
Jim,Pawlowski,jim.pawlowski@americangirl.com,Sr. Director,https://www.linkedin.com/in/jimpawlowski,US,American Girl,True,True,PersonalizedGiftsMarketUnitedStates,2025-07-03
Susie,Mcfadden,susie.mcfadden@balfour.com,Purchasing Agent,https://www.linkedin.com/in/susie-mcfadden-23a472104,US,Balfour,True,True,PersonalizedGiftsMarketUnitedStates,2025-07-03
Nivin,Abdelmageed,nabdelmageed@bdainc.com,Global Sourcing Project Manager,https://www.linkedin.com/in/nivinashraf,US,BDA,True,True,PersonalizedGiftsMarketUnitedStates,2025-07-03
Helen,Julion,helenj@bdainc.com,Supply Chain Manager,https://www.linkedin.com/in/helen-julion-3aaa2238,US,BDA,True,True,PersonalizedGiftsMarketUnitedStates,2025-07-03
Patti,Whisler,patti.whisler@brighton.com,Regional Sales Manager,https://www.linkedin.com/in/patti-whisler-29941014,US,Brighton,True,True,PersonalizedGiftsMarketUnitedStates,2025-07-03
Sejal,Karavadia,skaravadia@brilliantearth.com,"Senior Manager, Procurement and Vendor Management",https://www.linkedin.com/in/sejal-karavadia-5ab70726,US,Brilliant Earth,True,True,PersonalizedGiftsMarketUnitedStates,2025-07-03
Alberto,Sansiberio,alberto.sansiberio@brilliantearth.com,"Senior Director, Procurement & Supply Chain Analytics",https://www.linkedin.com/in/alberto-sansiberio-57544115,US,Brilliant Earth,True,True,PersonalizedGiftsMarketUnitedStates,2025-07-03
Silvia,Putoi,sputoi@cross.com,Business Gift Sales Manager,https://www.linkedin.com/in/silvia-putoi-b4427a101,EU,A.T. Cross,True,True,PersonalizedGiftsMarketUnitedStates,2025-07-03
Dipyant,Patel,dipyant.patel@groupbayport.com,Senior Executive Purchase,https://www.linkedin.com/in/dipyant-patel-537389110,US,Bayport,True,True,PersonalizedGiftsMarketUnitedStates,2025-07-03
Kate,Plummer,kate.plummer@hpgbrands.com,Director of Business Development,https://www.linkedin.com/in/kate-plummer-7b80577,US,HPG,True,True,PersonalizedGiftsMarketUnitedStates,2025-07-03
Gabriel,Murillo,gabriel.murillo@hpgbrands.com,Purchasing,https://www.linkedin.com/in/gabrielmurilloleon,US,HPG,True,True,PersonalizedGiftsMarketUnitedStates,2025-07-03
Aziz,Mansoor,aziz@imprint.com,Director of Operations,https://www.linkedin.com/in/aziz-mansoor-192a97279,US,Imprint.com,True,True,PersonalizedGiftsMarketUnitedStates,2025-07-03
Thao,N,thao@imprint.com,Procurement & Supply Chain Senior Manager,https://www.linkedin.com/in/thaonus,US,Imprint,True,True,PersonalizedGiftsMarketUnitedStates,2025-07-03
Jennifer,Alfonso,jennifer.alfonso@pens.com,Sr. Director Global Supply & Demand Planning,https://www.linkedin.com/in/jennifer-alfonso-71035831,US,Pens.com,True,True,PersonalizedGiftsMarketUnitedStates,2025-07-03
Matt,Morrasy,matt.morrasy@sensaria.com,"Executive Vice President, Professional Product & Fulfillment",https://www.linkedin.com/in/matt-morrasy-00a74a53,US,Sensaria,True,True,PersonalizedGiftsMarketUnitedStates,2025-07-03
Steven,Shurak,steven.shurak@sensaria.com,Senior Director of Business Development,https://www.linkedin.com/in/stevenshurak,US,Sensaria,True,True,PersonalizedGiftsMarketUnitedStates,2025-07-03
James,Masi,james.masi@yankeecandle.com,Wholesale Operations Manager,https://www.linkedin.com/in/james-masi-7a84b3b5,US,Yankee Candle,True,True,PersonalizedGiftsMarketUnitedStates,2025-07-03
