First Name,Last Name,Email,Job Title,LinkedIn,Timezone - Lead,Company,Is_Valid_Email,Is_Valid_LinkedIn,Source_File,Date_Processed
Adriana,Cuadra,acuadra@olivacigar.com,Buyer,https://www.linkedin.com/in/adriana-cuadra-52187b25,US,Oliva Cigar,True,True,PersonalLuxuryGoodsMarket,2025-07-03
Alberto,Sansiberio,alberto.sansiberio@brilliantearth.com,"Senior Director, Procurement & Supply Chain Analytics",https://www.linkedin.com/in/alberto-sansiberio-57544115,US,Brilliant Earth,True,True,PersonalLuxuryGoodsMarket,2025-07-03
Brandon,Hutchins,bh@beautyindustrygroup.com,President of Professional Brands,https://www.linkedin.com/in/brandonhutchins,US,Beauty Industry Group,True,True,PersonalLuxuryGoodsMarket,2025-07-03
Brian,Hiner,bhiner@cross.com,Key Account Sales Manager,https://www.linkedin.com/in/brian-hiner,US,A.T. Cross,True,True,PersonalLuxuryGoodsMarket,2025-07-03
Brian,Kuterbach,bkuterbach@lucchese.com,Demand Planner,https://www.linkedin.com/in/briankuterbach,US,Lucchese,True,True,PersonalLuxuryGoodsMarket,2025-07-03
Chirag,Gandhi,chirag.gandhi@kamajewelry.com,Manager - Operations Excellence,https://www.linkedin.com/in/chirag-gandhi-4b0777100,US,Kama Jewelry,True,True,PersonalLuxuryGoodsMarket,2025-07-03
Christine,Mclaughlin,cmclaughlin@marchon.com,Director Global Supply Planning,https://www.linkedin.com/in/christine-mclaughlin-2b5298b9,US,Marchon,True,True,PersonalLuxuryGoodsMarket,2025-07-03
Daniel,Kalles,danielk@moroccanoil.com,Production/Purchasing/Inventory Coordinator,https://www.linkedin.com/in/daniel-kalles-47b17411,US,Moroccanoil,True,True,PersonalLuxuryGoodsMarket,2025-07-03
David,Fortunoff,david@fortunoff.com,President,https://www.linkedin.com/in/dfortunoff,US,Fortunoff,True,True,PersonalLuxuryGoodsMarket,2025-07-03
Deanna,Patrick,dpatrick@shinola.com,Supply Chain Manager,https://www.linkedin.com/in/dhowanietz,US,Shinola,True,True,PersonalLuxuryGoodsMarket,2025-07-03
Emil,Hakimi,emil@effyjewelry.com,Director Diamond Merchandising,https://www.linkedin.com/in/emil-hakimi-232492222,US,Effy Jewelry,True,True,PersonalLuxuryGoodsMarket,2025-07-03
Kate,Olesczuk,kate.olesczuk@dvf.com,US Wholesale Manager,https://www.linkedin.com/in/kate-olesczuk-ab205b30,US,DVF,True,True,PersonalLuxuryGoodsMarket,2025-07-03
Kim,Vu,kvu@brighton.com,Director of Corporate Inventory Strategy,https://www.linkedin.com/in/kim-vu-0511107,US,Brighton,True,True,PersonalLuxuryGoodsMarket,2025-07-03
Katie,Zahn,kzahn@vince.com,Executive Assistant  to CCO,https://www.linkedin.com/in/katie-zahn-47a7a677,US,Vince,True,True,PersonalLuxuryGoodsMarket,2025-07-03
Lydia,Chong,lchong@interparfumsinc.com,"Senior Manager, Inventory Management",https://www.linkedin.com/in/lydia-chong-421692147,US,Interparfums,True,True,PersonalLuxuryGoodsMarket,2025-07-03
Prashant,Dave,prashant@maitri.nyc,General Manager Business Development & Global Supply,https://www.linkedin.com/in/prashant-dave-64b22aa0,US,Maitri Diamonds,True,True,PersonalLuxuryGoodsMarket,2025-07-03
Priyank,Trivedi,priyank.trivedi@maitri.nyc,Purchase Manager,https://www.linkedin.com/in/priyank-trivedi-94892a6b,US,Maitri,True,True,PersonalLuxuryGoodsMarket,2025-07-03
Roberto,Negron,roberto.negron@chromehearts.com,Director of Inventory Accounting,https://www.linkedin.com/in/roberto-negron-711a133,US,Chrome Hearts,True,True,PersonalLuxuryGoodsMarket,2025-07-03
Sandra,Selmane,sandra.selmane@tumi.com,Merchandising & Planning Manager,https://www.linkedin.com/in/sandra-selmane-201a3826,EU,TUMI,True,True,PersonalLuxuryGoodsMarket,2025-07-03
Sapna,P,sapna@effyjewelry.com,"Vice President, Supply Chain and Procurement",https://www.linkedin.com/in/parekhsapna,US,Effy,True,True,PersonalLuxuryGoodsMarket,2025-07-03
Sejal,Karavadia,skaravadia@brilliantearth.com,"Senior Manager, Procurement and Vendor Management",https://www.linkedin.com/in/sejal-karavadia-5ab70726,US,Brilliant Earth,True,True,PersonalLuxuryGoodsMarket,2025-07-03
Tatiana,Mikule,tatianam@beautyindustrygroup.com,Sr. Director of Brands,https://www.linkedin.com/in/tatiana-mikule-2061a3a2,US,Beauty Industry Group,True,True,PersonalLuxuryGoodsMarket,2025-07-03
Tallyann,Byrne,tbyrne@marchon.com,Sourcing Operations Specialist,https://www.linkedin.com/in/tallyann-byrne-42b31748,US,Marchon,True,True,PersonalLuxuryGoodsMarket,2025-07-03
Timothy,Covell,tcovell@interparfumsinc.com,Global Sales Administration Director,https://www.linkedin.com/in/timothy-covell-8a9b012a,US,Interparfums,True,True,PersonalLuxuryGoodsMarket,2025-07-03
Todd,Barenberg,todd.barenberg@tumi.com,"Vice President, Global Sourcing",https://www.linkedin.com/in/todd-barenberg-02b6166,US,TUMI,True,True,PersonalLuxuryGoodsMarket,2025-07-03
Anthony,Hannoush,tony@hannoush.com,President,https://www.linkedin.com/in/anthony-hannoush-a13961112,US,Hannoush,True,True,PersonalLuxuryGoodsMarket,2025-07-03
Yoko,Suwa,yoko.suwa@chromehearts.com,General Manager for Chrome Hearts Japan  &  Japan Sales Head for Chrome Hearts Eyewear,https://www.linkedin.com/in/yoko-suwa-7733485,EU,Chrome Hearts,True,True,PersonalLuxuryGoodsMarket,2025-07-03
Yael,Serraf,yserraf@vince.com,"Head of Wholesale & Retail, EMEA/UK",https://www.linkedin.com/in/yayasrf,EU,Vince,True,True,PersonalLuxuryGoodsMarket,2025-07-03
