First Name,Last Name,Email,Job Title,LinkedIn,Timezone - Lead,Company,Is_Valid_Email,Is_Valid_LinkedIn,Source_File,Date_Processed
Fabiano,Sá,fabiano.cesar@adimax.com.br,Gerente de P&D,https://www.linkedin.com/in/fabiano-cesar-sá-03bb91b2,US,Adimax,True,True,PetFoodMarket,2025-07-03
Alex,Viero,alex.viero@adimax.com.br,Regional Sales Manager,https://www.linkedin.com/in/alexviero,US,Adimax,True,True,PetFoodMarket,2025-07-03
John,Nevius,jnevius@alphia.com,Production Manager,https://www.linkedin.com/in/john-nevius-225656ba,US,Alphia,True,True,PetFoodMarket,2025-07-03
Jennifer,Ebaugh,jebaugh@alphia.com,"Director, Supply Chain Process Enablement",https://www.linkedin.com/in/jennifer-ebaugh-911b677,US,Alphia,True,True,PetFoodMarket,2025-07-03
Hanna,Lemmetti,hanna@alvarpet.com,"Co-Founder, CMO",https://www.linkedin.com/in/hannalemmetti,EU,Alvar Pet,True,True,PetFoodMarket,2025-07-03
Ilari,Haataja,ilari@alvarpet.com,"Co-founder, CEO",https://www.linkedin.com/in/ilari-haataja,EU,Alvar Pet,True,True,PetFoodMarket,2025-07-03
Simon,Hoecker,hoecker@animonda.de,Head of Brand & Trade Marketing,https://www.linkedin.com/in/simon-hoecker-170b9017b,EU,Animonda,True,True,PetFoodMarket,2025-07-03
Vana,Knoepfel,knoepfel@animonda.de,CMO / Geschäftsführung,https://www.linkedin.com/in/vana-knoepfel-1abaa735,EU,Animonda,True,True,PetFoodMarket,2025-07-03
Ruth,Stedman,ruth@apupabove.com,Co-Founder | CEO,https://www.linkedin.com/in/ruthstedman,US,A Pup Above,True,True,PetFoodMarket,2025-07-03
Lois,Hansen,lois.hansen@ardengrange.com,Quality Control Manager & Pet Nutritionist,https://www.linkedin.com/in/lois-hansen-4aa98b129,EU,Arden Grange,True,True,PetFoodMarket,2025-07-03
Nicolas,Nolf,nicolas@atavik.fr,CEO,https://www.linkedin.com/in/nicolasnolf,EU,Atavik,True,True,PetFoodMarket,2025-07-03
Marcos,Giordano,marcos.giordano@baires-sa.com.ar,Gerente de marketing y comercial,https://www.linkedin.com/in/marcos-giordano-58243727,US,Baires,True,True,PetFoodMarket,2025-07-03
Stefan,Miklauz,stefan@petco.group,Founder & CEO,https://www.linkedin.com/in/stefan-miklauz-ab919276,EU,PetCo,True,True,PetFoodMarket,2025-07-03
Nicolas,Fiasche,nfiasche@baires-sa.com.ar,Responsable del Área Técnica y Desarrollo,https://www.linkedin.com/in/nicolás-a-fiasche-21127422,US,Baires,True,True,PetFoodMarket,2025-07-03
Helio,Waszyk,helio@barkyn.com,Investor & Scientific Advisor,https://www.linkedin.com/in/heliowaszyk,US,Barkyn,True,True,PetFoodMarket,2025-07-03
Andre,Jordão,andre@barkyn.com,Founder & CEO,https://www.linkedin.com/in/andrejordao,US,Barkyn,True,True,PetFoodMarket,2025-07-03
Todd,Wigert,todd@bixbipet.com,"National Director of Sales, Independent Pet",https://www.linkedin.com/in/todd-wigert,US,BIXBI,True,True,PetFoodMarket,2025-07-03
Anna,Mitura,anna.mitura@bosch-tiernahrung.de,Head of product Management and development,https://www.linkedin.com/in/dr-anna-mitura-b54826bb,EU,Bosch Tiernahrung,True,True,PetFoodMarket,2025-07-03
Steve,Lunetta,slunetta@breederschoice.com,Vice President Quality Assurance and Food Safety,https://www.linkedin.com/in/steve-lunetta-11948b6,US,Breeder's Choice Pet Foods,True,True,PetFoodMarket,2025-07-03
Rick,Rockhill,rick@breederschoice.com,Chief Operating Officer,https://www.linkedin.com/in/rick-rockhill-2b00185b,US,Breeder's Choice,True,True,PetFoodMarket,2025-07-03
Jordan,Everett,jeverett@brightpetnutrition.com,Supply Chain Specialist,https://www.linkedin.com/in/jordan-everett-391b86140,US,Ohio Pet Foods,True,True,PetFoodMarket,2025-07-03
Jacopo,D'alessandris,jdalessandris@canidae.com,Chief Executive Officer,https://www.linkedin.com/in/dalessandris,US,Canidae,True,True,PetFoodMarket,2025-07-03
Mike,Denunzio,mdenunzio@canidae.com,Product Manager Equidae Horse Feed,https://www.linkedin.com/in/mike-denunzio-9a9a3943,US,Canidae,True,True,PetFoodMarket,2025-07-03
Jordan,Lebich,jordan@carnivoremeat.com,Director of Innovation & Commercialization,https://www.linkedin.com/in/jordan-lebich-262033107,US,Carnivore Meat,True,True,PetFoodMarket,2025-07-03
Steven,Jakeman,sjakeman@carnivoremeat.com,Director - Research and Development,https://www.linkedin.com/in/steven-jakeman-73a2203a,US,Carnivore Meat,True,True,PetFoodMarket,2025-07-03
Melissa,Chomycz,mchomycz@companapetbrands.com,Regulatory Specialist,https://www.linkedin.com/in/melissa-chomycz,US,Compana Pet,True,True,PetFoodMarket,2025-07-03
Carole,Servant,c.servant@deuerer-france.com,Food Safety Manager,https://www.linkedin.com/in/carole-servant-11698299,EU,Deuerer,True,True,PetFoodMarket,2025-07-03
Marco,Varga,marco.varga@dogs-tiger.de,Geschäftsleitung / CTO,https://www.linkedin.com/in/marco-branco-varga-8b4180189,EU,Dogs'n Tiger,True,True,PetFoodMarket,2025-07-03
Udo,Bilz,udo.bilz@dogs-tiger.de,Geschäftsleiter / COO,https://www.linkedin.com/in/udo-bilz-51a81491,EU,Dogs'n Tiger,True,True,PetFoodMarket,2025-07-03
David,Green,david.green@edenpetfoods.com,Social Media Representative,https://www.linkedin.com/in/david-green-21983320a,EU,Eden Pet Foods,True,True,PetFoodMarket,2025-07-03
Klaus,Wagner,klaus.wagner@fairpetfood.com,Founder,https://www.linkedin.com/in/klaus-wagner-643b1285,EU,Fair Pet Food,True,True,PetFoodMarket,2025-07-03
Ryan,Whitman,ryan@fish4pets.com,Technical & Regulatory Manager,https://www.linkedin.com/in/ryan-whitman-99b192121,EU,Fish4Pets,True,True,PetFoodMarket,2025-07-03
Theresa,Hayes,theresa@fish4pets.com,International Marketing Manager,https://www.linkedin.com/in/theresaannhayes,EU,Fish4Pets,True,True,PetFoodMarket,2025-07-03
Stefan,Bonn,s.bonn@food.family,Chief Digital Officer,https://www.linkedin.com/in/stefan-bonn-331099237,EU,ERBACHER,True,True,PetFoodMarket,2025-07-03
Gerardo,Perezcamargo,gperezcamargo@freshpet.com,Vice President of R&D,https://www.linkedin.com/in/gerardo-perezcamargo-190bb067,US,Freshpet,True,True,PetFoodMarket,2025-07-03
Peter,Schellenberger,peter.schellenberger@futalis.de,Purchasing Manager,https://www.linkedin.com/in/peter-schellenberger-58355361,EU,futalis,True,True,PetFoodMarket,2025-07-03
Roman,Krause,roman.krause@futalis.de,Production- & Innovationmanager,https://www.linkedin.com/in/roman-krause-76977318,EU,futalis,True,True,PetFoodMarket,2025-07-03
Waldelúcia,Araújo,waldelucia.araujo@fvoalimentos.com.br,Gerente Técnico Comercial,https://www.linkedin.com/in/waldelúcia-araújo-45176a32,US,FVO Alimentos,True,True,PetFoodMarket,2025-07-03
Bruno,Tiago,bruno.tiago@fvoalimentos.com.br,Corporate Supply Chain Manager,https://www.linkedin.com/in/bruno-tiago-0631034a,US,FVO Alimentos,True,True,PetFoodMarket,2025-07-03
Amy,Renz,amy.renz@goodnessgracioustreats.com,Chief Executive Officer,https://www.linkedin.com/in/amyrenz,US,Goodness Gracious,True,True,PetFoodMarket,2025-07-03
Marcel,Denkers,marcel.denkers@groupdepre.com,Sales Manager,https://www.linkedin.com/in/marceldenkers,EU,Group Depré,True,True,PetFoodMarket,2025-07-03
Conny,Versendaal,conny.versendaal@groupdepre.com,Brand Manager EURO PREMIUM,https://www.linkedin.com/in/conny-versendaal,EU,Group Depré,True,True,PetFoodMarket,2025-07-03
Pieter,Prenen,pieter.prenen@hellopets.eu,Co-owner / Founder,https://www.linkedin.com/in/pieterprenen,EU,HelloPets,True,True,PetFoodMarket,2025-07-03
Wade,Graskewicz,wade@joydogfood.com,Chief Executive Officer,https://www.linkedin.com/in/wade-graskewicz-593468284,US,Joy Dog Food,True,True,PetFoodMarket,2025-07-03
Ellie,Hall,ellie.hall@kennelpak.co.uk,Senior Product & Brand Manager,https://www.linkedin.com/in/ellie-hall-10a032141,EU,Kennelpak,True,True,PetFoodMarket,2025-07-03
Ian,Dowell,ian.dowell@kennelpak.co.uk,Sales & Marketing Director,https://www.linkedin.com/in/ian-dowell-2b67051b7,EU,Kennelpak,True,True,PetFoodMarket,2025-07-03
Gareth,Stillman,gareth.stillman@kingcountrypetfood.com,General Manager - Commercial,https://www.linkedin.com/in/gareth-stillman-238b565,US,King Country Pet Food,True,True,PetFoodMarket,2025-07-03
Taryn,Roebuck,taryn.roebuck@kingcountrypetfood.com,Compliance Manager,https://www.linkedin.com/in/taryn-roebuck-84a55661,US,King Country Pet Food,True,True,PetFoodMarket,2025-07-03
Inga,Kyek,inga.kyek@landguth.de,Quality Manager,https://www.linkedin.com/in/dr-inga-kyek-77a39951,EU,Landguth,True,True,PetFoodMarket,2025-07-03
Wiebke,Koenen,wiebke.koenen@landguth.de,Leitung Produktentwicklung,https://www.linkedin.com/in/wiebke-koenen-616790b9,EU,Landguth,True,True,PetFoodMarket,2025-07-03
Camille,Simon,c.simon@lanormandise.fr,Chef de projet R&D,https://www.linkedin.com/in/camille-simon-8283828a,EU,Normandise,True,True,PetFoodMarket,2025-07-03
Carine,Renard,c.renard@lanormandise.fr,Responsable recherche et développement,https://www.linkedin.com/in/carine-renard-72096063,EU,Normandise,True,True,PetFoodMarket,2025-07-03
Felix,Vos,f.vos@mera-petfood.com,Geschäftsführer,https://www.linkedin.com/in/felix-vos-34487b36,EU,Mera,True,True,PetFoodMarket,2025-07-03
Stefan,Mandel,s.mandel@mera-petfood.com,Leitung Forschung & Entwicklung,https://www.linkedin.com/in/dr-stefan-mandel-937b8b57,EU,Mera,True,True,PetFoodMarket,2025-07-03
Jeremy,Pallai,jeremy.pallai@myollie.com,Chief Product & Technology Officer,https://www.linkedin.com/in/jeremypallai,US,Ollie,True,True,PetFoodMarket,2025-07-03
Mahsa,Vazin,mahsa@mypawco.com,Founder & CEO at PawCo Foods,https://www.linkedin.com/in/mahsa-vazin-phd-b6874a11b,US,PawCo,True,True,PetFoodMarket,2025-07-03
Jeremy,Rains,jeremy@mypawco.com,R&D Manager / Food Scientist,https://www.linkedin.com/in/jeremy-rains,US,PawCo,True,True,PetFoodMarket,2025-07-03
Matthew,Scheil,matt@mytuckers.com,Vice President of Sales,https://www.linkedin.com/in/matthew-scheil-a2459b54,US,Tucker's,True,True,PetFoodMarket,2025-07-03
Cliff,Grimes,cliff.grimes@naturalbalanceinc.com,Quality Assurance Regulatory Affairs Manager,https://www.linkedin.com/in/cliff-grimes-659a0844,US,Natural Balance,True,True,PetFoodMarket,2025-07-03
Abbey,Lively,abbey.lively@nulo.com,Food Safety and Compliance Manager,https://www.linkedin.com/in/abbey-lively,US,Nulo,True,True,PetFoodMarket,2025-07-03
Heather,Acuff,heather.acuff@nulo.com,Director of Research & Development,https://www.linkedin.com/in/hlacuff,US,Nulo,True,True,PetFoodMarket,2025-07-03
Heather,Smith,heather.smith@petbrands.com,Assistant Product Developer,https://www.linkedin.com/in/heather-smith-330314265,EU,Pet Brands,True,True,PetFoodMarket,2025-07-03
Katharina,Miklauz,katharina@petco.group,Founder & CMO,https://www.linkedin.com/in/katharina-miklauz-424101207,EU,PetCo,True,True,PetFoodMarket,2025-07-03
Kristina,Johansson,kristina@petgood.com,Executive Chair/founding team,https://www.linkedin.com/in/kristinajohanssonceo,EU,Petgood,True,True,PetFoodMarket,2025-07-03
Nicky,Sluczanowski,nicky@petgood.com,Lead Veterinarian and Head of Product Development,https://www.linkedin.com/in/dr-nicky-sluczanowski-2b6ba6135,US,Petgood,True,True,PetFoodMarket,2025-07-03
Carlos,Ferruz,carlos@petkitchen.cl,Co-Founder,https://www.linkedin.com/in/ferruz,US,Pet Kitchen,True,True,PetFoodMarket,2025-07-03
Rui,Fortunato,rui.fortunato@petmaxi.pt,Technical director,https://www.linkedin.com/in/rui-fortunato-4061ab57,US,petMaxi,True,True,PetFoodMarket,2025-07-03
Peter,Featherstone,peter@petschoice.co.uk,Product Development Technologist,https://www.linkedin.com/in/peter-featherstone-178471136,EU,Pets Choice,True,True,PetFoodMarket,2025-07-03
Nate,Kredich,nkredich@primalpetgroup.com,"President | Himalayan, EcoKind",https://www.linkedin.com/in/nate-kredich-9901504,US,Primal Pet,True,True,PetFoodMarket,2025-07-03
Michael,Holly,mholly@primalpetgroup.com,Chief Operating Officer,https://www.linkedin.com/in/michael-holly-91279235,US,Primal Pet,True,True,PetFoodMarket,2025-07-03
Alberto,Alfonso,alberto.alfonso@realbowl.it,CEO & Co-Founder,https://www.linkedin.com/in/alberto-alfonso-65469621,US,Real Bowl,True,True,PetFoodMarket,2025-07-03
Karla,Haas,karla@rudygreens.com,Founder and President,https://www.linkedin.com/in/karla-haas-0716a911,US,Rudy Green's,True,True,PetFoodMarket,2025-07-03
Thomas,Brenten,tbrenten@saturn-petcare.de,Head Of Research And Development,https://www.linkedin.com/in/dr-thomas-brenten-279914114,EU,Saturn Petcare,True,True,PetFoodMarket,2025-07-03
Jérôme,Liaigre,jerome@sofars.fr,Dirigeant,https://www.linkedin.com/in/jérôme-liaigre-2a289826b,EU,Sofars,True,True,PetFoodMarket,2025-07-03
Bailey,Premeaux,bailey@spotandtango.com,Senior Strategy & Innovation Manager,https://www.linkedin.com/in/bailey-premeaux-a3ba8b123,US,Spot & Tango,True,True,PetFoodMarket,2025-07-03
James,Bollinger,james@spotandtango.com,Head of Product & Data,https://www.linkedin.com/in/james-bollinger-49bb39aa,US,Spot & Tango,True,True,PetFoodMarket,2025-07-03
Jennifer,Mojica,jmojica@stellaandchewys.com,Regulatory Compliance Manager,https://www.linkedin.com/in/jennifer-mojica-67492951,US,Stella & Chewy's,True,True,PetFoodMarket,2025-07-03
Kim,Silva,ksilva@stellaandchewys.com,Director of Innovation,https://www.linkedin.com/in/kim-silva,US,Stella & Chewy's,True,True,PetFoodMarket,2025-07-03
Olena,Topilnytska,olena.topilnytska@terracanis.com,Chief Commercial Officer - Geschäftsführerin (Managing Director),https://www.linkedin.com/in/olena-topilnytska-5026718,EU,Terra Canis,True,True,PetFoodMarket,2025-07-03
Hanna,Stephan,hanna.stephan@terracanis.com,"Tierärztin, Produktentwicklung",https://www.linkedin.com/in/hanna-katrin-stephan-3131b3a9,EU,Terra Canis,True,True,PetFoodMarket,2025-07-03
Steele,Wright,swright@tfpnutrition.com,Marketing Director,https://www.linkedin.com/in/steele-wright-610aa8127,US,TFP Nutrition,True,True,PetFoodMarket,2025-07-03
Lisa,Drapela,ldrapela@tfpnutrition.com,Director of Procurement,https://www.linkedin.com/in/lisa-drapela-b1a332158,US,TFP Nutrition,True,True,PetFoodMarket,2025-07-03
Bryce,Bettmann,bbettmann@thefarmersdog.com,Food Scientist,https://www.linkedin.com/in/bryce-bettmann-98752276,US,The Farmer's Dog,True,True,PetFoodMarket,2025-07-03
Kaitlyn,Wessel,kwessel@thehonestkitchen.com,Great Lakes Regional Sales Manager,https://www.linkedin.com/in/kaitlyn-wessel-b16962197,US,The Honest Kitchen,True,True,PetFoodMarket,2025-07-03
Brian,Mcdonald,bmcdonald@thehonestkitchen.com,Regional Sales Manager,https://www.linkedin.com/in/brian-mcdonald-949027142,US,The Honest Kitchen,True,True,PetFoodMarket,2025-07-03
Osvaldo,Vieira,osvaldo@vipetfoods.com.br,Diretor de desenvolvimento de negócios,https://www.linkedin.com/in/osvaldo-pedro-vieira-26a54a60,US,VIPET FOODS,True,True,PetFoodMarket,2025-07-03
Sean,Mcshera,sean.mcshera@weruva.com,Director of Supply Chain,https://www.linkedin.com/in/sean-mcshera-00543624,US,Weruva,True,True,PetFoodMarket,2025-07-03
Neil,Westwood,neil@wilsonspetfood.co.uk,Director of Operations,https://www.linkedin.com/in/neil-westwood-32557949,EU,Wilsons Pet Food,True,True,PetFoodMarket,2025-07-03
Craig,Wallace,craig@wilsonspetfood.co.uk,Managing Director,https://www.linkedin.com/in/craig-wallace-37b49135,EU,Wilsons Pet Food,True,True,PetFoodMarket,2025-07-03
Nicola,Folkes,nicola.folkes@wolfworthy.co.uk,Chief Operating Officer,https://www.linkedin.com/in/nicola-folkes-32601837,EU,Wolfworthy,True,True,PetFoodMarket,2025-07-03
Leonardo,Durzi,leonardo.durzi@wonderfood.com,Export Manager,https://www.linkedin.com/in/leonardo-durzi-663a2414,US,Wonderfood,True,True,PetFoodMarket,2025-07-03
Lucia,Marchi,lucia.marchi@wonderfood.com,Responsabile tecnico scientifico,https://www.linkedin.com/in/lucia-marchi-7b0b9472,US,Wonderfood,True,True,PetFoodMarket,2025-07-03
Yves,Morliere,yves.morliere@yarrah.com,Sales and Business Manager,https://www.linkedin.com/in/yves-morliere-8572a622,EU,Yarrah,True,True,PetFoodMarket,2025-07-03
Alyosha,Rozo,alyosha@ziggyfamily.com,Cofondateur,https://www.linkedin.com/in/alyosha-rozo-a6886b15,EU,Ziggy,True,True,PetFoodMarket,2025-07-03
