First Name,Last Name,Email,Job Title,LinkedIn,Timezone - Lead,Company,Is_Valid_Email,Is_Valid_LinkedIn,Source_File,Date_Processed
David,Williford,davidw@3amtechnologies.com,Co-owner/VP Marketing/Consulting,https://www.linkedin.com/in/david-williford-rph-93229a38,US,3AM,True,True,PharmacyAutomationMarket,2025-07-03
André,Kerkhof,a.kerkhof@globalfactories.com,Chief Product Officer,https://www.linkedin.com/in/andrekerkhof,EU,Global Factories,True,True,PharmacyAutomationMarket,2025-07-03
Alecia,Lashier,alecial@iarx.com,Chief Automation Officer & Executive Vice President,https://www.linkedin.com/in/alecialashier,US,iA,True,True,PharmacyAutomationMarket,2025-07-03
Alessandro,Bottaioli,alessandro.bottaioli@pharmagest.it,Chief Technology Officer,https://www.linkedin.com/in/abottaioli,US,Pharmagest,True,True,PharmacyAutomationMarket,2025-07-03
Alessandro,Zeppegno,alessandro.zeppegno@ipsa.eu,Owner and CEO,https://www.linkedin.com/in/alessandro-zeppegno-071a061,US,IPSA,True,True,PharmacyAutomationMarket,2025-07-03
Alex,Yampolsky,alex@caredirectllc.com,Chief Executive Officer,https://www.linkedin.com/in/alexanderyampolsky,US,MedServe → MedServe,True,True,PharmacyAutomationMarket,2025-07-03
Alexis,Meadows,ameadows@nuvara.com,Vice President of Product,https://www.linkedin.com/in/alexis-meadows-74588955,US,Nuvara,True,True,PharmacyAutomationMarket,2025-07-03
Amrik,Tahim,amrik@avonnex.com,Director,https://www.linkedin.com/in/amriktahim1,EU,Avonnex,True,True,PharmacyAutomationMarket,2025-07-03
Anders,Segerström,anders.segerstrom@izafe.se,Chief Executive Officer,https://www.linkedin.com/in/anderssegerström,EU,iZafe,True,True,PharmacyAutomationMarket,2025-07-03
Andrea,Introini,andrea.introini@medybox.it,공동 CEO,https://www.linkedin.com/in/andrea-introini-3214006,US,MedyBox,True,True,PharmacyAutomationMarket,2025-07-03
Ankush,Malhotra,ankush.malhotra@elementlogic.net,Group Chief Executive Officer,https://www.linkedin.com/in/malhotraankush,EU,Element Logic,True,True,PharmacyAutomationMarket,2025-07-03
Antonio,Armenante,antonio.armenante@ithealthfusion.com,Senior project manager,https://www.linkedin.com/in/antonio-armenante-5a57a431,US,IT Health Fusion,True,True,PharmacyAutomationMarket,2025-07-03
Antonio,Pellegrino,antonio.pellegrino@automatika.it,Direttore commerciale,https://www.linkedin.com/in/antonio-pellegrino-9522bb49,US,Automatika,True,True,PharmacyAutomationMarket,2025-07-03
Arjan,Van Unen,arjan@dosermedical.com,CEO - Co Founder,https://www.linkedin.com/in/arjan-van-unen-1085a591,EU,Doser,True,True,PharmacyAutomationMarket,2025-07-03
Balal,Anwar,balal@meditech-pharma.com,Clincal Director and Founder,https://www.linkedin.com/in/balal-anwar-409105a9,EU,Meditech,True,True,PharmacyAutomationMarket,2025-07-03
Bart,Stein,bart.stein@farmascan.nl,Eigenaar Farmascan,https://www.linkedin.com/in/bart-stein-4924a266,EU,Farmascan,True,True,PharmacyAutomationMarket,2025-07-03
Brian,Bishop,bbishop@parata.com,Product Development Manager,https://www.linkedin.com/in/brian-bishop-0a24a3105,US,Parata,True,True,PharmacyAutomationMarket,2025-07-03
Brian,Deckard,bdeckard@rm-solutions.com,Vice President of Technology,https://www.linkedin.com/in/brian-deckard-53975422,US,Retail Management,True,True,PharmacyAutomationMarket,2025-07-03
Ben,Sprecher,ben@bookend.ai,Chief Product Officer,https://www.linkedin.com/in/bensprecher,US,Bookend AI,True,True,PharmacyAutomationMarket,2025-07-03
Enrico,Bernardo,bernardo@hellomed.com,Founder | Geschäftsführer,https://www.linkedin.com/in/enricobernardo,EU,Hellomed,True,True,PharmacyAutomationMarket,2025-07-03
Bianca,Gonzalez,bianca@ampaworks.com,"Chief Executive Officer, Founder",https://www.linkedin.com/in/bianca-l-gonzalez-phd-fnp-bc-rn-4323593a,US,AMPAworks,True,True,PharmacyAutomationMarket,2025-07-03
Bin,Feng,bin.feng@elevateht.com,Chief Operating Officer,https://www.linkedin.com/in/binfeng0429,US,Elevate Health,True,True,PharmacyAutomationMarket,2025-07-03
Brad,Jones,bjones@rm-solutions.com,President & CEO,https://www.linkedin.com/in/brad-jones-39b3567,US,Retail Management Solutions,True,True,PharmacyAutomationMarket,2025-07-03
Tim,Bogdan,bogdan@hellomed.com,Co-Founder | COO,https://www.linkedin.com/in/timbogdan,EU,HelloMed,True,True,PharmacyAutomationMarket,2025-07-03
Brent,Pearson,bpearson@pearsonmedical.com,President,https://www.linkedin.com/in/brent-pearson-a3a93a23,US,Pearson Medical,True,True,PharmacyAutomationMarket,2025-07-03
Brian,O'donoghue,brian@virginiamedical.ie,CEO,https://www.linkedin.com/in/brian-o-donoghue-b74a611a,EU,Virginia Medical,True,True,PharmacyAutomationMarket,2025-07-03
Brian,Shoenfeld,bshoenfeld@nuvara.com,Chief Executive Officer,https://www.linkedin.com/in/brianshoenfeld,US,Nuvara,True,True,PharmacyAutomationMarket,2025-07-03
Christophe,Jaffuel,c.jaffuel@deenova.com,Chief Commercial Officer (CCO),https://www.linkedin.com/in/jaffuel,US,Deenova,True,True,PharmacyAutomationMarket,2025-07-03
Carlos,Stizza,carlos.stizza@praxys.com.ar,Director,https://www.linkedin.com/in/carlos-stizza-849868a,US,Praxys,True,True,PharmacyAutomationMarket,2025-07-03
Claudio,Pinheiro,claudio@hoobox.one,Chief Operations Officer,https://www.linkedin.com/in/claudio-pinheiro-74131511b,US,Hoobox,True,True,PharmacyAutomationMarket,2025-07-03
Craig,Mears,craig.mears@elevateht.com,Chief Executive Officer,https://www.linkedin.com/in/craig-mears-2101a516,US,Elevate Health,True,True,PharmacyAutomationMarket,2025-07-03
Dennis,Bijlsma,d.bijlsma@ddinnovations.com,CTO & Co-Founder,https://www.linkedin.com/in/dennis-bijlsma-36115349,EU,DDInnovations,True,True,PharmacyAutomationMarket,2025-07-03
Daniel,Luft,d.luft@jdm.de,Head of Product- and Marketmanagement,https://www.linkedin.com/in/daniel-luft-8a3496173,EU,JDM,True,True,PharmacyAutomationMarket,2025-07-03
Daryl,Crockett,daryl.crockett@centredsolutions.co.uk,Chief Information Officer,https://www.linkedin.com/in/darylcrockettceovaliddatum,US,Centred Solutions,True,True,PharmacyAutomationMarket,2025-07-03
Doug,Wurth,dwurth@parexcellence.com,"Director, Strategic Initiatives",https://www.linkedin.com/in/doug-wurth-0814a54,US,PAR Excellence,True,True,PharmacyAutomationMarket,2025-07-03
Eric,De wilde,e.dewilde@ddinnovations.com,CEO & co-founder,https://www.linkedin.com/in/eric-de-wilde-a6511414,EU,DDInnovations,True,True,PharmacyAutomationMarket,2025-07-03
Enrico,Donà,enrico.dona@videosystem.it,Export Manager,https://www.linkedin.com/in/enricodonà,US,VIDEOSYSTEM,True,True,PharmacyAutomationMarket,2025-07-03
Fulvio,Rudello,f.rudello@deenova.com,Chief Operations Officer,https://www.linkedin.com/in/fulvio-rudello-82019114,US,Deenova,True,True,PharmacyAutomationMarket,2025-07-03
Fabrizio,Pizzinelli,fabrizio.pizzinelli@automatika.it,Amministratore delegato,https://www.linkedin.com/in/fabrizio-pizzinelli-0555b5b0,US,Automatika,True,True,PharmacyAutomationMarket,2025-07-03
Frank,Maione,fmaione@interlinkai.com,Executive Chairman,https://www.linkedin.com/in/frank-maione-7753b016,US,InterLink AI,True,True,PharmacyAutomationMarket,2025-07-03
Fran,Sanles,fran@medpointuk.com,Managing Director,https://www.linkedin.com/in/fran-sanles-5b7a2a165,EU,MedPoint,True,True,PharmacyAutomationMarket,2025-07-03
Gerard,Cassidy,gc@touchstore.ie,MD and Chairman Touchstore,https://www.linkedin.com/in/gerard-cassidy-73805198,EU,TouchStore,True,True,PharmacyAutomationMarket,2025-07-03
Germán,Dubs,german.dubs@inhar.com.ar,Business Line Manager,https://www.linkedin.com/in/germandubs,US,INHAR,True,True,PharmacyAutomationMarket,2025-07-03
Giuliano,Piccoli,giuliano@brametec.com.br,Sócio & Diretor Comercial,https://www.linkedin.com/in/giulianopiccoli,US,Brametec,True,True,PharmacyAutomationMarket,2025-07-03
Hannu,Nieminen,hannu.nieminen@tamro.fi,Head of General Procurement,https://www.linkedin.com/in/hannu-nieminen-7626292a,EU,Tamro,True,True,PharmacyAutomationMarket,2025-07-03
Hector,Paladini,hector.paladini@praxys.com.ar,Presidente,https://www.linkedin.com/in/hector-paladini-215b68163,US,Praxys,True,True,PharmacyAutomationMarket,2025-07-03
Hélder,Ribeiro,helder.ribeiro@biqhs.com,International Sales Director,https://www.linkedin.com/in/hribeiro1,US,BIQ Health,True,True,PharmacyAutomationMarket,2025-07-03
Hendrik,Stoltz,hendrik.stoltz@industrialrobotics.com,COO,https://www.linkedin.com/in/hendrikstoltz,US,AIR,True,True,PharmacyAutomationMarket,2025-07-03
Igor,Grava,igor@procfit.com.br,Diretor de desenvolvimento,https://www.linkedin.com/in/igor-grava-ab1287209,US,Procfit,True,True,PharmacyAutomationMarket,2025-07-03
Ina,Sviderskiene,ina@purepharm.com,Commercial Director,https://www.linkedin.com/in/ina-sviderskiene-46287611a,EU,Purepharm,True,True,PharmacyAutomationMarket,2025-07-03
John,Vos,j.vos@cremer.com,Director Technology,https://www.linkedin.com/in/john-vos-19397818,EU,Cremer,True,True,PharmacyAutomationMarket,2025-07-03
Jay,Palin,jay.palin@manchac.com,Chief Operating Officer,https://www.linkedin.com/in/jay-r-palin,US,Manchac,True,True,PharmacyAutomationMarket,2025-07-03
Joseph,Bressi,jb@medpackrx.com,Director Of Pharmacy,https://www.linkedin.com/in/joseph-bressi-a32397104,US,MedPack,True,True,PharmacyAutomationMarket,2025-07-03
Jeroen,Brouwers,jbrouwers@robopharma.com,NPD Manager,https://www.linkedin.com/in/jeroen-brouwers-842b7212,EU,RoboPharma,True,True,PharmacyAutomationMarket,2025-07-03
Jon,Chudy,jchudy@jfcrx.com,Senior Vice President Business Development and Co-Founder,https://www.linkedin.com/in/jon-chudy-0a3422125,US,JFCRx,True,True,PharmacyAutomationMarket,2025-07-03
Jeff,Behm,jeff.behm@industrialrobotics.com,Chief Financial Officer,https://www.linkedin.com/in/jeff-behm-25819946,US,AIR,True,True,PharmacyAutomationMarket,2025-07-03
Jerker,Vallbo,jerker.vallbo@vitecsoftware.com,CIO/CTO,https://www.linkedin.com/in/jerker-vallbo-79208614,EU,Vitec,True,True,PharmacyAutomationMarket,2025-07-03
Jeff,Hansen,jhansen@interlinkai.com,Chief Operating Officer (COO),https://www.linkedin.com/in/jeff-hansen-33a947a6,US,InterLink AI,True,True,PharmacyAutomationMarket,2025-07-03
Joachim,Sowada,joachim.sowada@phoenixpharmaitalia.it,CEO,https://www.linkedin.com/in/joachim-sowada-28016266,US,Phoenix,True,True,PharmacyAutomationMarket,2025-07-03
John,Mccormack,john.mccormack@emishealth.com,Chief Revenue Officer,https://www.linkedin.com/in/john-mccormack-74a4a66,EU,EMIS,True,True,PharmacyAutomationMarket,2025-07-03
Jonathan,Xu,jonathan@nimblerx.com,Chief Technology Officer,https://www.linkedin.com/in/jonathanxu,US,NimbleRx,True,True,PharmacyAutomationMarket,2025-07-03
Javier,Pedraza,jpedraza@ecoceutics.com,Responsable de Expansión y Desarrollo de Farmacias,https://www.linkedin.com/in/javierpedraza,EU,Ecocèutics,True,True,PharmacyAutomationMarket,2025-07-03
Juergen,Rabe,jrabe@kemas.de,Head of Products & Innovations,https://www.linkedin.com/in/juergen-rabe-63b587a3,EU,KEMAS,True,True,PharmacyAutomationMarket,2025-07-03
Justin,Marlowe,justin.marlowe@medkeeper.com,Clinical Project Manager,https://www.linkedin.com/in/justin-marlowe-05635346,US,MedKeeper,True,True,PharmacyAutomationMarket,2025-07-03
John,Zripko,jzripko@medpak.com,President & CEO,https://www.linkedin.com/in/john-zripko-47814218,US,Medical Packaging,True,True,PharmacyAutomationMarket,2025-07-03
Kevin,Copsey,kcopsey@euclidmedicalproducts.com,Business Unit Director,https://www.linkedin.com/in/kevin-copsey-55b7309,US,Euclid,True,True,PharmacyAutomationMarket,2025-07-03
Kenneth,Collin,kenneth.collin@canellait.se,Solutions Architect,https://www.linkedin.com/in/kenneth-collin-3507238a,EU,Canella IT,True,True,PharmacyAutomationMarket,2025-07-03
Ken,Perez,kperez@scriptpro.com,President,https://www.linkedin.com/in/ken-perez,US,ScriptPro,True,True,PharmacyAutomationMarket,2025-07-03
Laurent,Canova,laurent.canova@nooddis.fr,Directeur du développement,https://www.linkedin.com/in/laurent-canova-06199a6,EU,Nooddis,True,True,PharmacyAutomationMarket,2025-07-03
Lisa,Beckmann,lisa.beckmann@blisterzentrum-dormagen.de,Verantwortliche Person §52a AMG,https://www.linkedin.com/in/lisa-beckmann-b3b66721b,EU,Blisterzentrum Dormagen,True,True,PharmacyAutomationMarket,2025-07-03
Luc,Lepinette,luc.lepinette@electroclass.com,Directeur informatique et Directeur compte défense,https://www.linkedin.com/in/luc-lepinette-7889896a,EU,Electroclass,True,True,PharmacyAutomationMarket,2025-07-03
Michael,Gottschalk,m.gottschalk@jdm.de,Geschäftsführer / COO,https://www.linkedin.com/in/michael-gottschalk-9348b8243,EU,JDM,True,True,PharmacyAutomationMarket,2025-07-03
Manon,Likkel,manon@apotheekpartners.nl,Oprichter en eigenaar,https://www.linkedin.com/in/manon-likkel-2891b010,EU,Apotheek Partners,True,True,PharmacyAutomationMarket,2025-07-03
Marcin,Gawronski,marcin.gawronski@rxbotics.pl,Co-Founder & VP,https://www.linkedin.com/in/marcingawronski,EU,Rxbotics,True,True,PharmacyAutomationMarket,2025-07-03
Marcos,Palena,marcos.palena@solnomed.com,Chief Operations Officer (COO),https://www.linkedin.com/in/marcos-palena,US,Solnomed,True,True,PharmacyAutomationMarket,2025-07-03
Massimo,Lombardi,massimo.lombardi@gollmann.it,General Manager,https://www.linkedin.com/in/massimo-lombardi-b6b27114b,US,Gollmann,True,True,PharmacyAutomationMarket,2025-07-03
Matt,Walko,matt.walko@anshealth.com,VP Systems Architecture & Design,https://www.linkedin.com/in/mattwalko,US,AdvanceNet Health,True,True,PharmacyAutomationMarket,2025-07-03
Matt,Cordio,matt@caredirectllc.com,"Chair, Board of Directors",https://www.linkedin.com/in/matthewcordio,US,MedServe,True,True,PharmacyAutomationMarket,2025-07-03
Matthew,B,matt@pharmacyx.com,Director,https://www.linkedin.com/in/⌨️-matt-bridges-uk,EU,PharmacyX,True,False,PharmacyAutomationMarket,2025-07-03
Matt,Wigdahl,matt@scriptpro.com,Vice President of Software Technology,https://www.linkedin.com/in/mlwigdahl,US,ScriptPro,True,True,PharmacyAutomationMarket,2025-07-03
Mauri,Kankkunen,mauri.kankkunen@newicon.fi,Chief Operating Officer,https://www.linkedin.com/in/mauri-kankkunen-79a2114,EU,NewIcon,True,True,PharmacyAutomationMarket,2025-07-03
Maurilio,Dal Bom,maurilio@automatech.com.br,CEO,https://www.linkedin.com/in/maurilio-martins-dal-bom-76833424,US,Automatech,True,True,PharmacyAutomationMarket,2025-07-03
Maurizio,Sandri,maurizio.sandri@pharmagest.it,Head of R&D Communication,https://www.linkedin.com/in/maurizio-sandri-4421648b,US,Pharmagest,True,True,PharmacyAutomationMarket,2025-07-03
Max,Iantorno,max@medifriendrx.com,Chief Executive Officer,https://www.linkedin.com/in/max-iantorno-444b4b48,US,medifriendRx,True,True,PharmacyAutomationMarket,2025-07-03
Mario,D'angelo,mdangelo@idsa.com.ar,Propietario,https://www.linkedin.com/in/mario-dangelo-idsa-group,US,IDSA,True,True,PharmacyAutomationMarket,2025-07-03
Monroe,Milton,monroe.milton@manchac.com,President / Co-Founder,https://www.linkedin.com/in/monroe-milton-793ba44,US,Manchac,True,True,PharmacyAutomationMarket,2025-07-03
Neil,Martin,neil.martin@emishealth.com,Product Director - Health Analytics,https://www.linkedin.com/in/neil-martin-43933b222,EU,EMIS,True,True,PharmacyAutomationMarket,2025-07-03
Niels,Ouwerkerk,niels@dosermedical.com,Chief Executive Officer,https://www.linkedin.com/in/niels-ouwerkerk-5235338,EU,Doser,True,True,PharmacyAutomationMarket,2025-07-03
Nicholas,Lewis,nlewis@medpak.com,Director of Business Development,https://www.linkedin.com/in/nicholas-lewis-21291228,US,Medical Packaging,True,True,PharmacyAutomationMarket,2025-07-03
Opal,Andrus,oandrus@pearsonmedical.com,Vice President Marketing and Sales,https://www.linkedin.com/in/opal-andrus-b045017,US,Pearson Medical,True,True,PharmacyAutomationMarket,2025-07-03
Patrícia,Marques,patricia.marques@biqhs.com,Head of Project Delivery,https://www.linkedin.com/in/patricia-santos-marques,US,BIQ,True,True,PharmacyAutomationMarket,2025-07-03
Paul,Mayberry,paul@pharmacyx.com,Sales Director,https://www.linkedin.com/in/paulmayberry1,EU,PharmacyX,True,True,PharmacyAutomationMarket,2025-07-03
Paul,Cunningham,paul@spencerhealthsolutions.com,SVP Product and Innovation,https://www.linkedin.com/in/paul-cunningham-34098861,US,Spencer Health Solutions,True,True,PharmacyAutomationMarket,2025-07-03
Paulo,Pinheiro,paulo@hoobox.one,CEO,https://www.linkedin.com/in/paulopine,US,HOOBOX,True,True,PharmacyAutomationMarket,2025-07-03
Peter,Baek,peter@vigilantsoftware.io,Founder,https://www.linkedin.com/in/peter-baek-md-ms-09a350102,US,Vigilant Software,True,True,PharmacyAutomationMarket,2025-07-03
Pien,Oosterman,pien.oosterman@vitecsoftware.com,VPO,https://www.linkedin.com/in/pien-oosterman-6067427,EU,Vitec,True,True,PharmacyAutomationMarket,2025-07-03
Pravin,Pillai,pravin@bookend.ai,CEO + Co-Founder,https://www.linkedin.com/in/pravinm,US,Bookend AI,True,True,PharmacyAutomationMarket,2025-07-03
Peter,Van Nes,pvannes@logimedical.nl,Owner MD,https://www.linkedin.com/in/peter-van-nes-308ab2b,EU,Logimedical,True,True,PharmacyAutomationMarket,2025-07-03
Paulo,Viola,pviola@intelliguardhealth.com,"Vice President, Data Science Solutions",https://www.linkedin.com/in/paulo-viola-95b408,US,Intelliguard,True,True,PharmacyAutomationMarket,2025-07-03
Richard,Laszlo,r.laszlo@newmars-technologies.com,Chief Executive Officer,https://www.linkedin.com/in/richard-laszlo-65b925167,EU,Newmars,True,True,PharmacyAutomationMarket,2025-07-03
Rafael,Tibau,rafael@ti-medi.com,Marketing Director,https://www.linkedin.com/in/rafa-tibau-roura-b14a8192,EU,TI-MEDI,True,True,PharmacyAutomationMarket,2025-07-03
Rahul,Chopra,rahul.chopra@customhealth.com,Member Board of Directors,https://www.linkedin.com/in/rahulchopra10,US,Custom Health,True,True,PharmacyAutomationMarket,2025-07-03
Raju,Gajurel,raju@newman.co.uk,Director,https://www.linkedin.com/in/rajuaccountant,EU,Newman Labelling,True,True,PharmacyAutomationMarket,2025-07-03
Robert,Bell,rbell@careonepharmacy.com,Vice President of Pharmacy Operations,https://www.linkedin.com/in/robert-bell-aab7592b,US,CareOne,True,True,PharmacyAutomationMarket,2025-07-03
Richard,Bateson,richard.bateson@electroclass.com,President,https://www.linkedin.com/in/richard-f-bateson-4bb1876,EU,Electroclass,True,True,PharmacyAutomationMarket,2025-07-03
Rick,Munger,rmunger@doseplanner.com,"CEO, CMO",https://www.linkedin.com/in/rick-munger-59016,US,DosePlanner,True,True,PharmacyAutomationMarket,2025-07-03
Robert,Vonburg,robert.vonburg@atexxi.ch,Chief Technology Officer,https://www.linkedin.com/in/robert-von-burg-0a4b60210,EU,atexxi,True,True,PharmacyAutomationMarket,2025-07-03
Robert,Wach,robert.wach@rxbotics.pl,Founder/MD,https://www.linkedin.com/in/robertwach,EU,Rxbotics,True,True,PharmacyAutomationMarket,2025-07-03
Roger,Santos,roger@automatech.com.br,Diretor comercial e de marketing,https://www.linkedin.com/in/roger-antunes-santos,US,Automatech,True,True,PharmacyAutomationMarket,2025-07-03
Russ,Kraus,russ@medkeeper.com,V.P. IT,https://www.linkedin.com/in/russ-kraus-b765385,US,MedKeeper,True,True,PharmacyAutomationMarket,2025-07-03
Ryan,Bingham,ryanb@iarx.com,"President, Operations & Solutions",https://www.linkedin.com/in/ryan-bingham-99278631,US,iA,True,True,PharmacyAutomationMarket,2025-07-03
Stu,Amos,samos@flavorx.com,CEO,https://www.linkedin.com/in/stu-amos-701b98a,US,FLAVORx,True,True,PharmacyAutomationMarket,2025-07-03
Saskia,Ter buurkes de vries,saskia@apotheekpartners.nl,Mede-eigenaar,https://www.linkedin.com/in/saskiaterbuurkesdevries,EU,Apotheek Partners,True,True,PharmacyAutomationMarket,2025-07-03
Scott,Starke,scott@trumedsystems.com,Chief Commercial Officer (CCO),https://www.linkedin.com/in/scott-starke-01203128,US,TruMed,True,True,PharmacyAutomationMarket,2025-07-03
Shane,Bishop,shane.bishop@customhealth.com,"Member, Board of Directors",https://www.linkedin.com/in/shane-bishop-68809a8,US,Custom Health,True,True,PharmacyAutomationMarket,2025-07-03
Santu,Rohatgi,srohatgi@smartrxsystems.com,Chairman & President,https://www.linkedin.com/in/santurohatgi,US,Smart Rx Systems,True,True,PharmacyAutomationMarket,2025-07-03
Shane,Smith,ssmith@intelliguardhealth.com,Chief Strategy Officer (CSO),https://www.linkedin.com/in/cshanesmith,US,Intelliguard,True,True,PharmacyAutomationMarket,2025-07-03
Sidharta,Suraya,ssuraya@noritsu.com,"Senior Vice President, Finance",https://www.linkedin.com/in/sidharta-suraya-449a4740,US,Noritsu,True,True,PharmacyAutomationMarket,2025-07-03
Stefano,Tassello,stefano.tassello@videosystem.it,CEO,https://www.linkedin.com/in/stefano-tassello-bb060135,US,Videosystem,True,True,PharmacyAutomationMarket,2025-07-03
Stephen,Burns,stephen@pillpacplus.com,Chief Executive Officer,https://www.linkedin.com/in/stephen-burns-00a32162,EU,PillPacPlus,True,True,PharmacyAutomationMarket,2025-07-03
Talha,Sattar,talha@nimblerx.com,Patient Advocate | Founder and CEO,https://www.linkedin.com/in/talha-sattar-09777a5,US,NimbleRx,True,True,PharmacyAutomationMarket,2025-07-03
Travis,Garlock,tgarlock@staqpharma.com,MSAT Engineering Manager,https://www.linkedin.com/in/travis-garlock-411376165,US,STAQ,True,True,PharmacyAutomationMarket,2025-07-03
Thaiane,Abreu,thaiane@procfit.com.br,Vice-presidente de operações,https://www.linkedin.com/in/thaiane-abreu-19181231,US,Procfit,True,True,PharmacyAutomationMarket,2025-07-03
Thaddeus,Mackrell,tmackrell@parexcellence.com,Chief Executive Officer,https://www.linkedin.com/in/thaddeus-mackrell-67897013,US,PAR Excellence,True,True,PharmacyAutomationMarket,2025-07-03
Todd,Siegel,todd.siegel@centredsolutions.co.uk,Chief Executive Officer,https://www.linkedin.com/in/todd-siegel-20926690,US,Centred Solutions,True,True,PharmacyAutomationMarket,2025-07-03
Thomas,Rhoads,trhoads@spencerhealthsolutions.com,Founder and CEO,https://www.linkedin.com/in/tomrhoads1,US,Spencer Health Solutions,True,True,PharmacyAutomationMarket,2025-07-03
Tom,Rudolph,trudolph@jfcrx.com,Product Management Director,https://www.linkedin.com/in/trudolph,US,JFCRx,True,True,PharmacyAutomationMarket,2025-07-03
Tomas,Savigliano,tsavigliano@medifriendrx.com,Chief Technology Officer,https://www.linkedin.com/in/tomas-savigliano-a1361a30,US,medifriendRx,True,True,PharmacyAutomationMarket,2025-07-03
Ursula,Chizhik,uchizhik@flavorx.com,"Pharmacist / Senior Director, Quality and Technical Programs",https://www.linkedin.com/in/ursula-chizhik-13372338,US,FLAVORx,True,True,PharmacyAutomationMarket,2025-07-03
Volker,Rattmann,vrattmann@kemas.de,Mitglied der Geschäftsführung,https://www.linkedin.com/in/volker-rattmann-2438a743,EU,KEMAS,True,True,PharmacyAutomationMarket,2025-07-03
Zdeněk,Kadlec,zdenek.kadlec@medicport.eu,Managing Director,https://www.linkedin.com/in/zdeněk-kadlec-6a218b80,EU,MedicPort,True,True,PharmacyAutomationMarket,2025-07-03
Zach,Heiden,zheiden@mic4.com,Service Project Manager,https://www.linkedin.com/in/zach-heiden-408818a5,US,Containment Technologies,True,True,PharmacyAutomationMarket,2025-07-03
