First Name,Last Name,Email,Job Title,LinkedIn,Timezone - Lead,Company,Is_Valid_Email,Is_Valid_LinkedIn,Source_File,Date_Processed
Wilson,Fernandes,w.fernandes@koike-europe.com,Head of Sales EMEA - Cutting & Welding Equipment,https://www.linkedin.com/in/wilsonfernandesnetto,EU,Koike,True,True,PowerCutterMarket,2025-07-03
Theo,Rossum,t.rossum@koike-europe.com,Purchaser,https://www.linkedin.com/in/theo-rossum-52308a30,EU,Koike,True,True,PowerCutterMarket,2025-07-03
Mitchell,White,mitchell@kor-it.com,Purchasing Agent,https://www.linkedin.com/in/mitchell-white-a07b6398,US,KOR-IT,True,True,PowerCutterMarket,2025-07-03
Greg,Sandler,greg@kor-it.com,Chief Strategy Officer and Advisory Board Member,https://www.linkedin.com/in/greg-sandler,US,KOR-IT,True,True,PowerCutterMarket,2025-07-03
Markus,Krenn,markus.krenn@krenn.de,Geschäftsführer,https://www.linkedin.com/in/markus-krenn-b59650290,EU,KRENN,True,True,PowerCutterMarket,2025-07-03
Vicente,Madrid,vicente.madrid@krenn.de,Sales Director - Industrial equipment and tools,https://www.linkedin.com/in/vicente-madrid-359323134,EU,KRENN,True,True,PowerCutterMarket,2025-07-03
Miroslav,Poliak,miroslav.poliak@lvdgroup.com,CEO,https://www.linkedin.com/in/miroslav-poliak,US,LVD,True,True,PowerCutterMarket,2025-07-03
Sophiene,Hritane,sophiene.hritane@makita.be,Branch Manager North & West Africa,https://www.linkedin.com/in/sophiene-hritane-bab596161,EU,Makita,True,True,PowerCutterMarket,2025-07-03
Daniel,Grzegorczyk,daniel.grzegorczyk@marcrist.com,Product Manager,https://www.linkedin.com/in/daniel-grzegorczyk-426570100,EU,Marcrist,True,True,PowerCutterMarket,2025-07-03
Ian,Wright,ian.wright@marcrist.com,Product Manager,https://www.linkedin.com/in/ian-wright-04b65457,EU,Marcrist,True,True,PowerCutterMarket,2025-07-03
Stefano,Manghi,stefano.manghi@maxima-dia.com,Member of the Board of Directors,https://www.linkedin.com/in/stefanomanghi,US,MAXIMA,True,True,PowerCutterMarket,2025-07-03
Andrea,Zanetti,acquisti@maxima-dia.com,Supply Chain Manager,https://www.linkedin.com/in/andrea-zanetti-00595422,US,MAXIMA,True,True,PowerCutterMarket,2025-07-03
Ed,Boris,ed.boris@milwaukeetool.jobs,Principal Engineer,https://www.linkedin.com/in/ed-boris-0297536,US,Milwaukee Tool,True,True,PowerCutterMarket,2025-07-03
Timothy,Whitty,timothy.whitty@milwaukeetool.com,Principal Engineer,https://www.linkedin.com/in/timothy-whitty-140058b2,US,Milwaukee Tool,True,True,PowerCutterMarket,2025-07-03
Matteo,Casartelli,matteo.casartelli@montolit.com,Export Sales Manager,https://www.linkedin.com/in/matteo-casartelli-139b2857,US,Montolit,True,True,PowerCutterMarket,2025-07-03
David,Rebhán,rebhan@narran.cz,Obchodně - technický manažer,https://www.linkedin.com/in/david-rebhán-40bb93188,EU,Narran,True,True,PowerCutterMarket,2025-07-03
Ondřej,Schreiber,schreiber@narran.cz,Research & Development,https://www.linkedin.com/in/ondrejschreiber,EU,Narran,True,True,PowerCutterMarket,2025-07-03
Rüdiger,Uhlitz,r.uhlitz@neuenkamp.de,Prokurist / General Manager - CEO,https://www.linkedin.com/in/rüdiger-uhlitz-9a8b3a82,EU,Neuenkamp,True,True,PowerCutterMarket,2025-07-03
Sebastian,Voß,s.voss@neuenkamp.de,Head of Sales / Verkaufsleiter,https://www.linkedin.com/in/sebastian-voß-468898224,EU,Neuenkamp,True,True,PowerCutterMarket,2025-07-03
Juhani,Joutsensaari,juhani.joutsensaari@nevax.fi,Owner / Operations Manager,https://www.linkedin.com/in/juhani-joutsensaari-653910a3,EU,Nevax,True,True,PowerCutterMarket,2025-07-03
Steven,Zbrozek,steven.zbrozek@oregontool.com,Global Product Manager,https://www.linkedin.com/in/stevenzbrozek,US,Oregon Tool,True,True,PowerCutterMarket,2025-07-03
Philippe,Daiguemorte,philippe.daiguemorte@oregontool.com,Research and Development Engineer Manager,https://www.linkedin.com/in/philippe-daiguemorte-308792161,EU,Oregon Tool,True,True,PowerCutterMarket,2025-07-03
Rick,Bijker,r.bijker@orit.nl,Accountmanager,https://www.linkedin.com/in/rick-bijker-479826121,EU,ORIT,True,True,PowerCutterMarket,2025-07-03
Austin,Thornton,austin@patmooneysaws.com,Vice President,https://www.linkedin.com/in/austin-thornton-85313870,US,Pat Mooney Saws,True,True,PowerCutterMarket,2025-07-03
Patrick,Thornton,patrick@patmooneysaws.com,Vice President,https://www.linkedin.com/in/patrick-thornton-4aba5830,US,Pat Mooney Saws,True,True,PowerCutterMarket,2025-07-03
Brett,Bishop,brett.bishop@pearlabrasive.com,Product Manager,https://www.linkedin.com/in/brett-bishop-622a3520,US,Pearl Abrasive,True,True,PowerCutterMarket,2025-07-03
Kevin,Woods,kevin-woods@peddinghaus.com,Regional Sales Manager,https://www.linkedin.com/in/kevin-woods-89509814,US,Peddinghaus,True,True,PowerCutterMarket,2025-07-03
Stan,Kajdasz,stan-kajdasz@peddinghaus.com,Mechanical Engineer,https://www.linkedin.com/in/stan-kajdasz-3844b612,US,Peddinghaus,True,True,PowerCutterMarket,2025-07-03
Jacco,Kramer,j.kramer@phantom.eu,Product Manager,https://www.linkedin.com/in/jacco-kramer-2752aa4b,EU,Van Ommen,True,True,PowerCutterMarket,2025-07-03
Kevin,Verweij,k.verweij@vanommen.nl,Head of Purchasing Department,https://www.linkedin.com/in/kevinverweij,EU,Van Ommen,True,True,PowerCutterMarket,2025-07-03
Klaus,Krückel,klaus.krckel@prinz.at,Leiter Einkauf,https://www.linkedin.com/in/klaus-krückel,EU,Prinz,True,True,PowerCutterMarket,2025-07-03
Alexander,Henn,alexander.henn@projahn.de,Leiter Marketing und Vertrieb international,https://www.linkedin.com/in/alexander-henn-713a51a6,EU,PROJAHN,True,True,PowerCutterMarket,2025-07-03
Thomas,Winheim,thomas.winheim@projahn.de,"Bereichsleiter Beschaffung, Logistik und Produktmanagement",https://www.linkedin.com/in/thomas-winheim-7a763192,EU,PROJAHN,True,True,PowerCutterMarket,2025-07-03
Evan,Termuhlen,etermuhlen@radiac.com,Business Development Manager,https://www.linkedin.com/in/evan-termuhlen-97277348,US,Radiac,True,True,PowerCutterMarket,2025-07-03
Eric,Jette,ejette@radiac.com,Business Development Manager,https://www.linkedin.com/in/eric-jette-3a956a6,US,Radiac,True,True,PowerCutterMarket,2025-07-03
Thomas,Gero,tom@reliable-equip.com,Design Engineer,https://www.linkedin.com/in/thomas-gero-4b8b27b6,US,Reliable Equipment,True,True,PowerCutterMarket,2025-07-03
Jordi,Soler,jsoler@rubi.com,Director R+D+i,https://www.linkedin.com/in/jordi-soler-balcells-09b10b26,EU,RUBI,True,True,PowerCutterMarket,2025-07-03
Silvia,Miguélez,smiguelez@rubi.com,Corporate Purchases Director,https://www.linkedin.com/in/silviamiguelez,EU,RUBI,True,True,PowerCutterMarket,2025-07-03
Stephane,Bajard,stephane.bajard@schill.fr,Responsable commercial,https://www.linkedin.com/in/stephane-bajard-2a7274154,EU,Schill,True,True,PowerCutterMarket,2025-07-03
Johan,Nilsson,johan@sdcab.se,Teknisk säljare,https://www.linkedin.com/in/johan-nilsson-5a2612b4,EU,Swedish Diamondtool,True,True,PowerCutterMarket,2025-07-03
Toni,Andersson,toni.andersson@sjoborgs.se,Teknisk säljare,https://www.linkedin.com/in/toni-andersson-992b48252,EU,Sjöborgs,True,True,PowerCutterMarket,2025-07-03
Thomas,Stausberg,t.stausberg@stausberg-gmbh.de,Geschäftsführender Gesellschafter,https://www.linkedin.com/in/thomas-stausberg-052956227,EU,Stausberg,True,True,PowerCutterMarket,2025-07-03
Thomas,Ginsberg,tg@stausberg-gmbh.de,Einkaufsleiter/ Purchasing Manager,https://www.linkedin.com/in/thomas-ginsberg-78078919a,EU,Stausberg,True,True,PowerCutterMarket,2025-07-03
Maxim,Gomenyuk,maxim.gomenyuk@stihl.com,Project Manager,https://www.linkedin.com/in/maxim-gomenyuk-22500853,EU,STIHL,True,True,PowerCutterMarket,2025-07-03
Nomer,Yuson,nomer.yuson@stihl.us,Supply Chain Manager,https://www.linkedin.com/in/nyuson,US,STIHL,True,True,PowerCutterMarket,2025-07-03
Raizel,Clemente,raizel.clemente@stihl.us,Supplier Quality Engineer,https://www.linkedin.com/in/raizel-clemente-721405163,US,STIHL,True,True,PowerCutterMarket,2025-07-03
Frank,Katowitsch,frank.katowitsch@swes-germany.com,Unternehmensinhaber,https://www.linkedin.com/in/frank-katowitsch-321031100,EU,SWES,True,True,PowerCutterMarket,2025-07-03
Gerard,Farriols,gerard@tomecanic.es,Director Comercial,https://www.linkedin.com/in/gerard-farriols-paulo-44927223,EU,Tomecanic,True,True,PowerCutterMarket,2025-07-03
Marshall,Pan,marshall.pan@applieddiamondtools.com,Owner,https://www.linkedin.com/in/marshall-pan-54a9739,US,Applied Diamond Tools,True,True,PowerCutterMarket,2025-07-03
Nguyễn,Khoa,khoa.nguyen@ttigroup.com.vn,New Product Development Specialist,https://www.linkedin.com/in/nguyễn-ngọc-thanh-khoa-0616581aa,EU,TTI,True,True,PowerCutterMarket,2025-07-03
Ambra,Leoncini,ambra@utensilispl.it,Responsabile tecnico commerciale,https://www.linkedin.com/in/ambraleoncini,US,SPL,True,True,PowerCutterMarket,2025-07-03
Yesika,Vera,yvera@virutex.es,Export Manager - Directora comercial USA,https://www.linkedin.com/in/yesika-vera-a9a89484,EU,Virutex,True,True,PowerCutterMarket,2025-07-03
Ashley,Webb,ashley@vulcantoolcompany.com,President,https://www.linkedin.com/in/ashleywebb,US,Vulcan Tool,True,True,PowerCutterMarket,2025-07-03
Shanna,Bennett,shanna@vulcantoolcompany.com,General Manager,https://www.linkedin.com/in/shanna-bennett-338724235,US,Vulcan Tool,True,True,PowerCutterMarket,2025-07-03
Ian,Webster,iw@webstertechnologies.co.uk,Chairman and Technical Director,https://www.linkedin.com/in/ian-webster-11853850,EU,Webster Technologies,True,True,PowerCutterMarket,2025-07-03
Jared,Monaghan,jared@wolverineequipment.com,General Management,https://www.linkedin.com/in/jared-monaghan-5910b54a,US,Wolverine Equipment,True,True,PowerCutterMarket,2025-07-03
Paolo,Feltrin,paolo.feltrin@absutensili.com,responsabile rete vendita,https://www.linkedin.com/in/paolo-feltrin-b33727174,US,ABS Utensili,True,True,PowerCutterMarket,2025-07-03
Luca,Rasera,luca.rasera@absutensili.com,Responsabile della produzione,https://www.linkedin.com/in/luca-rasera-ab297815b,US,ABS,True,True,PowerCutterMarket,2025-07-03
Corey,Clukey,corey@accugrind.com,Manufacturing Manager,https://www.linkedin.com/in/corey-clukey-37426a140,US,Accu-Grind,True,True,PowerCutterMarket,2025-07-03
Paul,Nanasi,paul@acecutting.com,Sales Manager,https://www.linkedin.com/in/paul-l-nanasi-iv-a92388178,US,Ace Cutting,True,True,PowerCutterMarket,2025-07-03
Steve,Measel,steve@acecutting.com,General Manager,https://www.linkedin.com/in/steve-measel-27902180,US,Ace Cutting,True,True,PowerCutterMarket,2025-07-03
René,Lijzenga,r.lijzenga@adamas.nl,Managing Director a.i.,https://www.linkedin.com/in/renelijzenga,EU,Adamas,True,True,PowerCutterMarket,2025-07-03
Stefan,Pos,s.pos@adamas.nl,Mechanical Engineer,https://www.linkedin.com/in/stefan-pos-81703a63,EU,Adamas,True,True,PowerCutterMarket,2025-07-03
Thomas,Wyser,thomas.wyser@airtec.com,CEO,https://www.linkedin.com/in/thomas-wyser-583b87164,EU,Airtec,True,True,PowerCutterMarket,2025-07-03
Oliver,Marti,oliver.marti@airtec.com,Leiter Werkstatt,https://www.linkedin.com/in/oliver-marti-8a1265149,EU,Airtec,True,True,PowerCutterMarket,2025-07-03
Eric,Vicario,evicario@alpha-tools.com,National Technical Product Trainer,https://www.linkedin.com/in/eric-vicario-42934a213,US,Alpha Tools,True,True,PowerCutterMarket,2025-07-03
Mindy,Wessel,mwessel@alpha-tools.com,General Manager,https://www.linkedin.com/in/mindy-wessel-3a767a20,US,Alpha Tools,True,True,PowerCutterMarket,2025-07-03
Roger,Simonsson,roger.simonsson@aquajet.se,CEO,https://www.linkedin.com/in/roger-simonsson-61a83243,EU,Aquajet,True,True,PowerCutterMarket,2025-07-03
Kjell,Isaksson,kjell.isaksson@aquajet.se,Special application manager,https://www.linkedin.com/in/kjell-isaksson-50544782,EU,Aquajet,True,True,PowerCutterMarket,2025-07-03
Jean-Paul,Meeuwissen,jmeeuwissen@bosch-pt.com,"Vice President Product Area Dremel EMEA, AP & LA",https://www.linkedin.com/in/jean-paul-meeuwissen-0a207182,EU,Bosch,True,True,PowerCutterMarket,2025-07-03
Siegfried,Flatz,siegfried@briganto.com,Vertriebsmanager,https://www.linkedin.com/in/siegfried-flatz-232809257,EU,Briganto,True,True,PowerCutterMarket,2025-07-03
Franz,Albrecht,franz-josef.albrecht@briganto.com,Einkauf / Purchasing,https://www.linkedin.com/in/franz-josef-albrecht-2096801a0,EU,Briganto,True,True,PowerCutterMarket,2025-07-03
Ian,Clarke,ian@c6diamond.com,President C6 Diamond LLC,https://www.linkedin.com/in/ian-clarke-3a23559,US,C6 Diamond,True,True,PowerCutterMarket,2025-07-03
Nick,B,nick@c6diamond.com,Vice President of Sales & Product,https://www.linkedin.com/in/nick-b-a76b777,EU,C6 Diamond,True,True,PowerCutterMarket,2025-07-03
Shaun,Reiff,sreiff@capitalmachine.com,Director Of Operations,https://www.linkedin.com/in/shaunreiff,US,Capital Machine,True,True,PowerCutterMarket,2025-07-03
Wes,Morgan,wmorgan@capitalmachine.com,Robotic Engineer,https://www.linkedin.com/in/wes-morgan-365563b7,US,Capital Machine,True,True,PowerCutterMarket,2025-07-03
Ketil,Damgaard,kd@carat-tools.dk,Kommerciel direktør,https://www.linkedin.com/in/ketil-damgaard-765620211,EU,CARAT TOOLS,True,True,PowerCutterMarket,2025-07-03
Daniele,C,daniele.cattaneo@cardi.biz,Co-Head,https://www.linkedin.com/in/danielecattaneo,US,CARDI,True,True,PowerCutterMarket,2025-07-03
Mirko,Kniese,mirko.kniese@cedima.com,CTO,https://www.linkedin.com/in/mirko-kniese-3b342589,EU,Cedima,True,True,PowerCutterMarket,2025-07-03
Bob,Siemsen,bob.siemsen@cedima.com,CEO,https://www.linkedin.com/in/bob-siemsen-2048111b3,EU,Cedima,True,True,PowerCutterMarket,2025-07-03
Fernando,Bastos,fbastos@continentaltoolgroup.com,Europe Operations Director,https://www.linkedin.com/in/bastosfernando,US,Continental Tool,True,True,PowerCutterMarket,2025-07-03
Pia,Gutierrez,pia@craintools.com,Prurchasing,https://www.linkedin.com/in/pia-gutierrez-6682b242,US,Crain Cutter,True,True,PowerCutterMarket,2025-07-03
Stefano,Bernieri,stefano.bernieri@diamondpauber.it,CEO,https://www.linkedin.com/in/stefano-bernieri-a2931911,US,Diamond Pauber,True,True,PowerCutterMarket,2025-07-03
Raf,Vanveeckhoven,raf@dicodiamond.be,Technisch manager,https://www.linkedin.com/in/raf-vanveeckhoven-3064b02a,EU,DICO DIAMOND,True,True,PowerCutterMarket,2025-07-03
Burkhard,Möller,moeller@dieckers.de,"Leiter Konstruktion und Entwicklung, QMB",https://www.linkedin.com/in/burkhard-möller-a99997210,EU,Dieckers,True,True,PowerCutterMarket,2025-07-03
Patrick,Schmidt,pschmidt@doallsaws.com,senior technical engineer,https://www.linkedin.com/in/patrick-schmidt-a9238525,US,DoALL,True,True,PowerCutterMarket,2025-07-03
Jarid,Hockert,jhockert@doallsaws.com,Sales and Marketing Manager,https://www.linkedin.com/in/jaridhockert,US,DoALL,True,True,PowerCutterMarket,2025-07-03
Piotr,Gorczanin,piotr.gorczanin@eckert.com.pl,Control Engineer,https://www.linkedin.com/in/piotr-gorczanin-773448108,EU,Eckert,True,True,PowerCutterMarket,2025-07-03
Plamen,Dimitrov,plamen.dimitrov@eckert.com.pl,Chief Executive Director,https://www.linkedin.com/in/plamen-dimitrov-a40b9717b,EU,Eckert,True,True,PowerCutterMarket,2025-07-03
Anders,Bergqvist,anders.bergqvist@esab.com,Business Development Manager,https://www.linkedin.com/in/anders-bergqvist-81a098b0,EU,ESAB,True,True,PowerCutterMarket,2025-07-03
Jason,Valentine,jvalentine@esab.com,Business Development Manager,https://www.linkedin.com/in/jason-valentine-500556a8,US,ESAB,True,True,PowerCutterMarket,2025-07-03
Zachary,Ewaska,zewaska@everettindustries.com,Manufacturing & Design Engineer,https://www.linkedin.com/in/zachary-ewaska-120b16182,US,Everett,True,True,PowerCutterMarket,2025-07-03
James,Vosmik,jvosmik@everettindustries.com,President and Owner,https://www.linkedin.com/in/james-vosmik-566a82,US,Everett Industries,True,True,PowerCutterMarket,2025-07-03
Richard,Mannion,richard.mannion@evolutionpowertools.com,Senior New Product Development Project Manager,https://www.linkedin.com/in/richard-mannion-53897221,EU,Evolution Power Tools,True,True,PowerCutterMarket,2025-07-03
Mark,Stratford,mark.stratford@evolutionpowertools.com,Director of New Product Development,https://www.linkedin.com/in/mark-stratford-303ba15,EU,Evolution Power Tools,True,True,PowerCutterMarket,2025-07-03
Carl,Wallin,carl.wallin@festool.com,Country Manager/National Sales Manager,https://www.linkedin.com/in/carlwallin,EU,Festool,True,True,PowerCutterMarket,2025-07-03
Robert,Reiskog,robert.reiskog@festool.com,Produktspecialist,https://www.linkedin.com/in/robert-reiskog-69b2bb157,EU,Festool,True,True,PowerCutterMarket,2025-07-03
Felipe,Minero,fminero@flametechnologies.com,GERENTE DE VENTAS MEXICO,https://www.linkedin.com/in/felipe-minero-057343b4,US,Flame Technologies,True,True,PowerCutterMarket,2025-07-03
Steve,Dodge,sdodge@flametechnologies.com,Chief Executive Officer,https://www.linkedin.com/in/steve-dodge-b8941557,US,Flame Technologies,True,True,PowerCutterMarket,2025-07-03
Ben,Warcup,benjamin.warcup@flex-tools.com,Managing Director (UK),https://www.linkedin.com/in/ben-warcup-59a10122,EU,FLEX,True,True,PowerCutterMarket,2025-07-03
Michel,Konrad,michel.konrad@flex-tools.com,Head of Product Management,https://www.linkedin.com/in/michel-konrad-1b072a107,EU,FLEX,True,True,PowerCutterMarket,2025-07-03
Bruno,Rampinelli,rampinelli.bruno@fmb.it,Progettista meccanico,https://www.linkedin.com/in/bruno-rampinelli-88014343,US,FMB,True,True,PowerCutterMarket,2025-07-03
Maurizio,Vergani,vergani.maurizio@fmb.it,Progettista meccanico,https://www.linkedin.com/in/maurizio-vergani-10059b9a,US,FMB,True,True,PowerCutterMarket,2025-07-03
Stefan,Rauch,stefan.rauch@forst-online.de,Entwicklungsingenieur,https://www.linkedin.com/in/stefan-rauch-565278226,EU,FORST,True,True,PowerCutterMarket,2025-07-03
Yasin,Coskun,yasin.coskun@forst-online.de,Konstruktionsingenieurin,https://www.linkedin.com/in/yasin-coskun-953b53271,EU,FORST,True,True,PowerCutterMarket,2025-07-03
Nadège,Rey,n.rey@geismar.com,Responsable Achat et approvisionnement,https://www.linkedin.com/in/nadège-rey-79975bb0,EU,Geismar,True,True,PowerCutterMarket,2025-07-03
Laurent,Fourniol,l.fourniol@geismar.com,Responsable bureau des méthodes,https://www.linkedin.com/in/laurent-fourniol-712611273,EU,Geismar,True,True,PowerCutterMarket,2025-07-03
Thomas,Lambert,thomas.lambert@gomezcie.be,Responsable développement commercial,https://www.linkedin.com/in/thomas-lambert-88572642,EU,Gomez,True,True,PowerCutterMarket,2025-07-03
Sophie,Welten,sophie@harwi.nl,Inkoopmedewerker,https://www.linkedin.com/in/sophie-welten-507a3a144,EU,Harwi,True,True,PowerCutterMarket,2025-07-03
Sander,Vanloon,sander@harwi.nl,Engineer,https://www.linkedin.com/in/sander-van-loon-125528213,EU,Harwi,True,True,PowerCutterMarket,2025-07-03
Rob,Close,rob.close@hertsdiamondproducts.com,General Manager,https://www.linkedin.com/in/robclose83,EU,Hertfordshire Diamond Products,True,True,PowerCutterMarket,2025-07-03
Charlotte,Emtevik,charlotte.emtevik@hikoki-powertools.se,Produktkoordinator,https://www.linkedin.com/in/charlotte-emtevik-489577a8,EU,HiKOKI Power Tools,True,True,PowerCutterMarket,2025-07-03
Martin,Szorad,martin.szorad@hilti.com,ECC technical engineer,https://www.linkedin.com/in/martin-szorad-a36036248,US,Hilti,True,True,PowerCutterMarket,2025-07-03
Martin,Pachta,martinp@hilti.com,Business Development Manager,https://www.linkedin.com/in/martin-pachta-13b5275a,EU,Hilti,True,True,PowerCutterMarket,2025-07-03
Xun,Liu,liuxun@hilti.com,Regional Product Manager,https://www.linkedin.com/in/xun-liu-a1877b126,US,Hilti,True,True,PowerCutterMarket,2025-07-03
Daniella,Franklin,daniella.franklin@hilti.com,Regional Product Manager,https://www.linkedin.com/in/daniella-franklin-21230aa7,EU,Hilti,True,True,PowerCutterMarket,2025-07-03
Patrick,Van der wiel,p.vanderwiel@holmatro.com,Product Engineer,https://www.linkedin.com/in/patrick-van-der-wiel,EU,Holmatro,True,True,PowerCutterMarket,2025-07-03
Mila,Kostadinova,mila.kostadinova@husqvarnagroup.com,Director Business Exploration & Development,https://www.linkedin.com/in/milakostadinova,EU,Husqvarna,True,True,PowerCutterMarket,2025-07-03
Peter,Schwer,peter.schwer@husqvarnagroup.com,Qualitätsingenieur,https://www.linkedin.com/in/peter-schwer-292bb3139,EU,Husqvarna,True,True,PowerCutterMarket,2025-07-03
Martin,Møller,mm@hycontools.com,Managing Director and co-owner,https://www.linkedin.com/in/martinm,EU,HYCON,True,True,PowerCutterMarket,2025-07-03
Jonas,Kristensen,jk@hycontools.com,Head of operations,https://www.linkedin.com/in/jokrist,EU,HYCON,True,True,PowerCutterMarket,2025-07-03
Ferran,Bruach,fbruach@intecsurfaces.com,National Sales Director,https://www.linkedin.com/in/ferran-bruach-38ab30a,EU,Intec,True,True,PowerCutterMarket,2025-07-03
Roman,Pazuk,romanpazuk@jaespa.de,Export Key Account Manager and Export Compliance,https://www.linkedin.com/in/roman-pazuk-943a7657,EU,Jaespa,True,True,PowerCutterMarket,2025-07-03
Sebastian,Herkert,sebastian.herkert@jso.de,Unternehmensinhaber,https://www.linkedin.com/in/sebastian-herkert-7427b91ba,EU,Jakob Schmid,True,True,PowerCutterMarket,2025-07-03
Markus,Preininger,markus.preininger@jso.de,Technischer Leiter,https://www.linkedin.com/in/markus-preininger-99bbb2206,EU,Jakob Schmid,True,True,PowerCutterMarket,2025-07-03
Klaus,Ertmer,klaus.ertmer@kemroc.de,Managing Director,https://www.linkedin.com/in/klaus-ertmer-973878167,EU,KEMROC,True,True,PowerCutterMarket,2025-07-03
Michał,Kasperczyk,michal.kasperczyk@kemroc.de,Product Line Manager Europe,https://www.linkedin.com/in/michał-kasperczyk-0b5473253,EU,KEMROC,True,True,PowerCutterMarket,2025-07-03
Philipp,Reininghaus,philipp.reininghaus@kern-deudiam.de,Director Sales & Marketing,https://www.linkedin.com/in/philipp-reininghaus-89186696,EU,KERN-DEUDIAM,True,True,PowerCutterMarket,2025-07-03
Jack,Wittekind,jwittekind@kett-tool.com,DIRECTOR OF SALES,https://www.linkedin.com/in/jack-wittekind-a798871a,US,Kett Tool,True,True,PowerCutterMarket,2025-07-03
