First Name,Last Name,Email,Job Title,LinkedIn,Timezone - Lead,Company,Is_Valid_Email,Is_Valid_LinkedIn,Source_File,Date_Processed
Cuncun,Wijaya,cuncun.wijaya@bmhs.co.id,Chief Financial Officer,https://www.linkedin.com/in/cuncun-wijaya-735b5818,US,BMHS,True,True,SexualWellnessMarket,2025-07-03
Agus,Darjono,agus.darjono@bmhs.co.id,President Director,https://www.linkedin.com/in/dr-agus-heru-darjono-aa383573,US,BMHS,True,True,SexualWellnessMarket,2025-07-03
Nariman,Naina Mohamed,nariman@hlwe.com,Audit Manager,https://www.linkedin.com/in/nariman-naina-mohamed-a2b92b27a,EU,Lam Wah Ee,True,True,SexualWellnessMarket,2025-07-03
Zahrotul,Ulya,zahrotul.ulya@pkbi.or.id,Direktur Eksekutif PKBI Daerah Jawa Timur,https://www.linkedin.com/in/zahrotul-ulya-18134372,US,PKBI,True,True,SexualWellnessMarket,2025-07-03
