First Name,Last Name,Email,Job Title,LinkedIn,Timezone - Lead,Company,Is_Valid_Email,Is_Valid_LinkedIn,Source_File,Date_Processed
Aigars,Šukots,aigars@lockex.io,Chief Executive Officer,https://www.linkedin.com/in/aigars-šukots-2613762b,EU,Lockex,True,True,SmartParcelLockerMarket,2025-07-03
Aku,Happo,aku@smartmile.eu,Co-founder and CEO,https://www.linkedin.com/in/aku-happo,EU,Smartmile,True,True,SmartParcelLockerMarket,2025-07-03
Amir,Emacha,amir@microhub.com,Chief Executive Officer,https://www.linkedin.com/in/amir-emacha-85a1b8173,US,Microhub,True,True,SmartParcelLockerMarket,2025-07-03
Anton,Prosvirkin,anton@apis.team,"Co-Founder, CTO",https://www.linkedin.com/in/anton-prosvirkin,EU,apis,True,True,SmartParcelLockerMarket,2025-07-03
Axel,Puerta,axel.puerta@smartpoint.ai,Chief Revenue Officer,https://www.linkedin.com/in/axelpuerta,EU,Smart Point,True,True,SmartParcelLockerMarket,2025-07-03
Bart,Sebregts,bart@lastmilelogistics.eu,Founder and Chief Technology Officer,https://www.linkedin.com/in/bartsebregtspublic,EU,Last Mile Logistics,True,True,SmartParcelLockerMarket,2025-07-03
Benoit,Jacquot,benoit@sezaam.fr,Directeur commercial,https://www.linkedin.com/in/benoit-jacquot-1404a4b1,EU,Sezaam,True,True,SmartParcelLockerMarket,2025-07-03
Boris,Mayer,boris.mayer@innovative-robot-delivery.com,Founder & Managing Director,https://www.linkedin.com/in/boris-mayer-3b05a597,EU,Smarcel,True,True,SmartParcelLockerMarket,2025-07-03
Chris,Kelliher,c.kelliher@tz.net,"Various Senior Roles: CEO, Group President, VP, Director",https://www.linkedin.com/in/chris-kelliher-6229b6101,US,TZ,True,True,SmartParcelLockerMarket,2025-07-03
Christian,Rodriguez,christian.rodriguez@lockerenvoy.com,VP of Sales,https://www.linkedin.com/in/christian-rodriguez-558402291,US,Locker Envoy,True,True,SmartParcelLockerMarket,2025-07-03
Christof,Schares,christof.schares@innovative-robot-delivery.com,Founder and Managing Director,https://www.linkedin.com/in/christof-schares-a06289b3,EU,Smarcel,True,True,SmartParcelLockerMarket,2025-07-03
Chuck,Doherty,chuck.doherty@lockars.com,Partner - No America COO,https://www.linkedin.com/in/chuckdoherty,US,Lockars,True,True,SmartParcelLockerMarket,2025-07-03
Claus,S,claus@treco-postal.com,Business Unit Manager,https://www.linkedin.com/in/claussorensen,EU,TRECO Postal,True,True,SmartParcelLockerMarket,2025-07-03
David,Bernabeu,davidbernabeu@citibox.com,Founder & CEO,https://www.linkedin.com/in/david-bernabeu-moliner-3b901523,EU,Citibox,True,True,SmartParcelLockerMarket,2025-07-03
David,Inniss,davidinniss@luxerone.com,Director of Product Management,https://www.linkedin.com/in/davidinniss,US,Luxer One,True,True,SmartParcelLockerMarket,2025-07-03
Dennis,Hermsdorf,dennis@lastmilelogistics.eu,Development Team Lead,https://www.linkedin.com/in/dennis-hermsdorf-51b2512,EU,Last Mile Logistics,True,True,SmartParcelLockerMarket,2025-07-03
Dennis,Van den berg,dennisvandenberg@my-pup.com,CTO & Co-founder,https://www.linkedin.com/in/dvandenberg,EU,MyPup,True,True,SmartParcelLockerMarket,2025-07-03
Dominic,Allram,dominic.allram@tamburi.at,Geschäftsführer,https://www.linkedin.com/in/dominicallram-pbs-parcelbox-solutions,EU,Tamburi,True,True,SmartParcelLockerMarket,2025-07-03
Edward,Hamilton,edward@smartpoint.ai,CEO,https://www.linkedin.com/in/edhamiltonbcn,EU,Smart Point,True,True,SmartParcelLockerMarket,2025-07-03
Fabian,Renner,fabian@smartmile.eu,Chief Technical Officer,https://www.linkedin.com/in/fabianrenner,EU,Smartmile,True,True,SmartParcelLockerMarket,2025-07-03
Francisco,Arraiol,farraiol@inpost.pt,Iberia Chain Acquisition Manager,https://www.linkedin.com/in/francisco-arraiol-582b65134,US,InPost,True,True,SmartParcelLockerMarket,2025-07-03
Gustav,Wreile,gustav@boxxy.se,Founder,https://www.linkedin.com/in/gustav-wreile-073291108,EU,Boxxy,True,True,SmartParcelLockerMarket,2025-07-03
Hendrick,Bages,hendrick@microhub.com,Vice President of Business Development,https://www.linkedin.com/in/hendrick-bages-a34b13126,US,Microhub,True,True,SmartParcelLockerMarket,2025-07-03
John,Wilson,j.wilson@tz.net,Group Chief Executive Officer,https://www.linkedin.com/in/jkw101,US,TZ,True,True,SmartParcelLockerMarket,2025-07-03
Johan,Tjelldén,johan@instabox.io,Principal Engineer,https://www.linkedin.com/in/johan-tjelldén-9b4731b0,EU,Instabox,True,True,SmartParcelLockerMarket,2025-07-03
Kristjan,Pärna,kristjan.parna@cleveron.com,Product Manager,https://www.linkedin.com/in/kristjan-pärna-ab7533216,EU,Cleveron,True,True,SmartParcelLockerMarket,2025-07-03
Lisa,Zhang,lisa.zhang@lockars.com,Corporate Head of Strategic Partnerships,https://www.linkedin.com/in/lisa-zhang-57209229,EU,Lockars,True,True,SmartParcelLockerMarket,2025-07-03
Mersad,Mekanic,mersad@shipritesoftware.com,Vice President Of Product Development,https://www.linkedin.com/in/mersad-mekanic-a08670a,US,Shiprite,True,True,SmartParcelLockerMarket,2025-07-03
Paloma,Carrasco,palomacarrasco@citibox.com,Procurement & Supply Chain Director,https://www.linkedin.com/in/paloma-carrasco-laguna-88403118,EU,Citibox,True,True,SmartParcelLockerMarket,2025-07-03
Paul,Brandstätter,paul.brandstaetter@tamburi.at,Majority Owner,https://www.linkedin.com/in/paul-brandstätter-bb04ba5,EU,Tamburi,True,True,SmartParcelLockerMarket,2025-07-03
Paul,Needler,paul@iparcelbox.com,Founder,https://www.linkedin.com/in/paulneedler,EU,iParcelBox,True,True,SmartParcelLockerMarket,2025-07-03
Pauline,Richard,pauline@sezaam.fr,Directrice marketing produit,https://www.linkedin.com/in/pauline-richard-00a45667,EU,Sezaam,True,True,SmartParcelLockerMarket,2025-07-03
Per,Klavsen,per.klavsen@cleveron.com,Chief Executive Officer,https://www.linkedin.com/in/per-klavsen,EU,Cleveron,True,True,SmartParcelLockerMarket,2025-07-03
Robert,Reiche,r.reiche@world-of-lockers.com,Chief Operating Officer,https://www.linkedin.com/in/robert-reiche-538413251,EU,World of Lockers,True,True,SmartParcelLockerMarket,2025-07-03
Ramona,Lichtenberger,ramona.lichtenberger@world-of-lockers.com,Geschäftsführer,https://www.linkedin.com/in/ramona-lichtenberger-5a3917114,EU,World of Lockers,True,True,SmartParcelLockerMarket,2025-07-03
Rasmus,Kobborg,rasmus@treco-postal.com,Software Developer Product Owner,https://www.linkedin.com/in/rasmus-kobborg,EU,TRECO Postal,True,True,SmartParcelLockerMarket,2025-07-03
Reimo,Raid,reimo.raid@c-box.eu,Founder and CEO,https://www.linkedin.com/in/reimo-raid-65604b24,EU,C-box.eu,True,True,SmartParcelLockerMarket,2025-07-03
Robert,Zettervall,robert@boxxy.se,Founder,https://www.linkedin.com/in/robert-zettervall-1262509a,EU,Boxxy,True,True,SmartParcelLockerMarket,2025-07-03
Sander,Priivits,sander.priivits@collabnet.eu,"Co-Founder, Product Owner",https://www.linkedin.com/in/sander-priivits-53716745,EU,CollabNet,True,True,SmartParcelLockerMarket,2025-07-03
Stefano,Moni,sm@omnic.net,Co-CEO at Omnic s.r.l.,https://www.linkedin.com/in/stefano-moni-39463812,US,Omnic,True,True,SmartParcelLockerMarket,2025-07-03
Thibault,Soulier,t.soulier@ouidrop.fr,Président & founder,https://www.linkedin.com/in/thibault-soulier-4b1a0593,EU,OuiDrop,True,True,SmartParcelLockerMarket,2025-07-03
Tim,Fuchslocher,tim.fuchslocher@renzgroup.de,Software Consultant und Sachbearbeiter Vertrieb,https://www.linkedin.com/in/tim-fuchslocher-4356a21a7,EU,Renzgroup,True,True,SmartParcelLockerMarket,2025-07-03
Uri,Tió,uri@kanguro.com,Chief Performance Office,https://www.linkedin.com/in/uri-tio,EU,Kanguro,True,True,SmartParcelLockerMarket,2025-07-03
Van,Tucker,van@luxerone.com,VP of Technology Partnerships | Harbor Lockers,https://www.linkedin.com/in/vantucker,US,Luxer One,True,True,SmartParcelLockerMarket,2025-07-03
