First Name,Last Name,Email,Job Title,LinkedIn,Timezone - Lead,Company,Is_Valid_Email,Is_Valid_LinkedIn,Source_File,Date_Processed
Carl,Ritzberger,carl.ritzberger@det-tronics.com,Senior Manager - Product Management,https://www.linkedin.com/in/carl-ritzberger-66895430,US,Det-Tronics,True,True,SmokeDetectorMarket,2025-07-03
Pete,Ladas,pete.ladas@det-tronics.com,Sr. Engineering Manager,https://www.linkedin.com/in/pete-ladas-91991923,US,Det-Tronics,True,True,SmokeDetectorMarket,2025-07-03
José,Calcurian,calcurian@generaldetectors.com,Sales Manager,https://www.linkedin.com/in/josé-calcurian-34572670,US,General Detectors,True,True,SmokeDetectorMarket,2025-07-03
Guilherme,Maebato,guilherme.maebato@legrand.com.br,Analista de pesquisa e desenvolvimento jr,https://www.linkedin.com/in/guilherme-tadashi-maebato-9904b7161,US,Legrand,True,True,SmokeDetectorMarket,2025-07-03
Larry,Vlagea,larry.vlagea@msasafety.com,Product Compliance Engineer,https://www.linkedin.com/in/larry-vlagea-29466265,US,General Monitors,True,True,SmokeDetectorMarket,2025-07-03
Tamás,Lorge,tamas.lorge@obo.hu,Csoportvezető K+F/Termékmenedzsment,https://www.linkedin.com/in/tamás-lorge-b65b21153,EU,OBO,True,True,SmokeDetectorMarket,2025-07-03
Richard,Heaton,richard.heaton@protec.co.uk,Contracts Manager,https://www.linkedin.com/in/richard-heaton-b1a3bb44,EU,Protec,True,True,SmokeDetectorMarket,2025-07-03
David,Firth,david.firth@protec.co.uk,Director of Business Development,https://www.linkedin.com/in/david-firth-236a162ba,EU,Protec,True,True,SmokeDetectorMarket,2025-07-03
Gerard,Romolo,gerard.romolo@securitases.com,Program Director,https://www.linkedin.com/in/gerard-romolo-305911137,US,Securitas,True,True,SmokeDetectorMarket,2025-07-03
