First Name,Last Name,Email,Job Title,LinkedIn,Timezone - Lead,Company,Is_Valid_Email,Is_Valid_LinkedIn,Source_File,Date_Processed
Anita,Meliana,anita.meliana@mastersystem.co.id,Finance Staff,https://www.linkedin.com/in/anita-meliana-757703b2,US,Mastersystem,True,True,SoutheastAsiaDCMarket,2025-07-03
Bambang,Permadi,bambang.permadi@jayateknik.com,Logistic Manager,https://www.linkedin.com/in/bambang-permadi-47850541,US,Jaya Teknik,True,True,SoutheastAsiaDCMarket,2025-07-03
Clara,L,c.l@huawei.com,Financial Planning and Analysis Manager,https://www.linkedin.com/in/clarawhite,US,Huawei,True,True,SoutheastAsiaDCMarket,2025-07-03
Fenella,Lim,fenella@mastersystem.co.id,Finance & Accounting and Payroll Manager,https://www.linkedin.com/in/fenella-lim-7b2222101,US,Mastersystem,True,True,SoutheastAsiaDCMarket,2025-07-03
Janice,T,janice@huawei.com,Procurement Specialist,https://www.linkedin.com/in/janice-t-973b9921,US,Huawei,True,True,SoutheastAsiaDCMarket,2025-07-03
Jingjing,Fu,jingjing.fu@airtrunk.com,Senior Procurement Mgr,https://www.linkedin.com/in/jingjingdarcie,US,AirTrunk,True,True,SoutheastAsiaDCMarket,2025-07-03
Kittipan,Sri-bua-iam,kittipan@proen.co.th,Chief Executive Officer,https://www.linkedin.com/in/kittipan-sri-bua-iam-193282212,EU,Proen,True,True,SoutheastAsiaDCMarket,2025-07-03
Paloch,Krisanaracha,paloch@italthaiengineering.com,Business Development Manager,https://www.linkedin.com/in/paloch-krisanaracha-308629168,EU,Italthai Engineering,True,True,SoutheastAsiaDCMarket,2025-07-03
Patrick,Liew,patrick.liew@exeo-global.com,Senior Supply Chain Executive,https://www.linkedin.com/in/patrick-liew-3a2282151,US,EXEO Global,True,True,SoutheastAsiaDCMarket,2025-07-03
Rudolph,Ng,rudolph@phildata.com,CEO,https://www.linkedin.com/in/rudolph-ng-60010068,US,Phil-Data,True,True,SoutheastAsiaDCMarket,2025-07-03
Sittikorn,Yuwawat,sittikorn@italthaiengineering.com,Vice President Procurement,https://www.linkedin.com/in/syuwawat,EU,Italthai Engineering,True,True,SoutheastAsiaDCMarket,2025-07-03
Stella,Chan,stella.chan@opusit.com.sg,Procurement Executive,https://www.linkedin.com/in/stella-chan-753077262,US,OPUS IT,True,True,SoutheastAsiaDCMarket,2025-07-03
Suresh,Shan,sureshs@dunham-bush.com,General Manager,https://www.linkedin.com/in/suresh-shan-351b21262,EU,Dunham Bush,True,True,SoutheastAsiaDCMarket,2025-07-03
Suzan,Zhang,suzan.zhang@computradetech.com,Senior Management Advisor,https://www.linkedin.com/in/suzan-zhang-30b02741,US,Computrade,True,True,SoutheastAsiaDCMarket,2025-07-03
Nicolas,Tjioe,tjioe@dci-indonesia.com,VP of Sales,https://www.linkedin.com/in/nicolas-tjioe-1952324,US,DCI,True,True,SoutheastAsiaDCMarket,2025-07-03
