First Name,Last Name,Email,Job Title,LinkedIn,Timezone - Lead,Company,Is_Valid_Email,Is_Valid_LinkedIn,Source_File,Date_Processed
Adrian,Abbott,adrian.abbott@ferrybridgeworkshops.co.uk,General Manager,https://www.linkedin.com/in/adrian-abbott-9577a0129,EU,Ferrybridge Workshops,True,True,SteamTurbineMarket,2025-07-03
Antonio,Figueira,afigueira@pscorpgroup.com,Global Commercial Manager,https://www.linkedin.com/in/antonio-figueira-15699832b,US,PSCorp,True,True,SteamTurbineMarket,2025-07-03
Alan,Gauvain,alan@turbogen.net,President,https://www.linkedin.com/in/alan-gauvain-98b42317,US,TurboGen,True,True,SteamTurbineMarket,2025-07-03
Alex,Babu,alex.babu@thegesa.com,General Manager/CEO,https://www.linkedin.com/in/alexbabu1,US,GESA,True,True,SteamTurbineMarket,2025-07-03
Andrea,Paloschi,andrea.paloschi@interpower.it,Responsable comercial España,https://www.linkedin.com/in/andrea-paloschi-909586143,EU,IPS,True,True,SteamTurbineMarket,2025-07-03
Anthony,Sandora,asandora@rotationsystems.net,President,https://www.linkedin.com/in/anthony-sandora-a213a4245,US,Rotation Systems,True,True,SteamTurbineMarket,2025-07-03
Alex,Spitz,aspitz@esitenn.com,Chief Operating Officer,https://www.linkedin.com/in/alex-spitz-65a7a0137,US,ESI,True,True,SteamTurbineMarket,2025-07-03
Austin,David,austin.david@ap4.com,Chief Financial Officer / Corporate Development Officer / Board Director,https://www.linkedin.com/in/austin-david-b6478520,US,AP4,True,True,SteamTurbineMarket,2025-07-03
Bob,Davis,bdavis@nexgenerator.com,Chief Financial Officer,https://www.linkedin.com/in/bob-davis-6051ba5,US,nexGEN,True,True,SteamTurbineMarket,2025-07-03
Bhaskar,Namashivayam,bhaskar.namashivayam@thegreensgroup.co.uk,Executive Director,https://www.linkedin.com/in/bhaskar-namashivayam-6a6b3a115,US,GreensTEi,True,True,SteamTurbineMarket,2025-07-03
Brian,Jackson,brian.jackson@greenray.com,Finance Director,https://www.linkedin.com/in/brian-jackson-53925680,EU,Greenray,True,True,SteamTurbineMarket,2025-07-03
Christine,Donzeau,c.donzeau@interpec-france.com,Directrice administrative et financière,https://www.linkedin.com/in/christine-donzeau-00273188,EU,Interpec,True,True,SteamTurbineMarket,2025-07-03
Carrie,Hurn,carrie@energyresourcesgroup.us,President and Owner,https://www.linkedin.com/in/carrie-hurn-b2100b69,US,Energy Resources Group,True,True,SteamTurbineMarket,2025-07-03
Cathy,Berge,cathy.andrieu@spie.com,Responsable financier filiale,https://www.linkedin.com/in/cathy-berge-andrieu-7966911b8,EU,SPIE,True,True,SteamTurbineMarket,2025-07-03
Christopher,Baxter,cbaxter@rotamac.co.uk,"Projects, Finance and Construction Director",https://www.linkedin.com/in/christopher-baxter-b6b47041,EU,Rotamac,True,True,SteamTurbineMarket,2025-07-03
Christopher,Barny,chris.barny@precisionmachllc.com,Service Center Manager,https://www.linkedin.com/in/christopher-barny-9384b5293,US,Precision Machinery,True,True,SteamTurbineMarket,2025-07-03
Chris,Gilbert,chris@r-e-v.co.uk,Commercial Director,https://www.linkedin.com/in/chris-gilbert-bb31132b,EU,Rotating Equipment Verification,True,True,SteamTurbineMarket,2025-07-03
Christian,Favie,christian.favie@cfatec.fr,CEO,https://www.linkedin.com/in/christian-favie-462ba120,EU,CFATEC,True,True,SteamTurbineMarket,2025-07-03
Clayton,Lau,clau@houstondynamic.com,President / CEO,https://www.linkedin.com/in/clayton-lau-45996217,US,Houston Dynamic,True,True,SteamTurbineMarket,2025-07-03
Craig,Tanner,craig.tanner@stcotterturbine.com,VP Project Management and Execution at S.T. Cotter,https://www.linkedin.com/in/craig-tanner-57999a231,US,S.T. Cotter Turbine,True,True,SteamTurbineMarket,2025-07-03
Christine,Santos,csantos@sgenergysolutions.com,Chief Financial Officer,https://www.linkedin.com/in/christine-santos-5459793,US,SG,True,True,SteamTurbineMarket,2025-07-03
Damien,Besse,damien.besse@cisamrein.fr,Directeur commercial,https://www.linkedin.com/in/damien-besse-06292a130,EU,CIS-AMREIN,True,True,SteamTurbineMarket,2025-07-03
Daniel,Newstead,danieln@marchwoodpower.com,Operations and Maintenance Manager,https://www.linkedin.com/in/daniel-newstead-409574a5,EU,Marchwood Power,True,True,SteamTurbineMarket,2025-07-03
David,Henson,dhenson@cleanenergysystems.com,SVP,https://www.linkedin.com/in/david-henson-511a768,US,Clean Energy Systems,True,True,SteamTurbineMarket,2025-07-03
Darrell,Hoffman,dhoffman@reliableturbine.com,President,https://www.linkedin.com/in/darrell-hoffman-95368714,US,Reliable Turbine,True,True,SteamTurbineMarket,2025-07-03
Didier,Alvarez,didier@turboamericatech.com,President,https://www.linkedin.com/in/didier-alvarez-13386661,US,Turbo America,True,True,SteamTurbineMarket,2025-07-03
Dean,Kuhlman,dkuhlman@thompsonconstructiongroup.com,"VP, Safety and Risk Management",https://www.linkedin.com/in/dean-kuhlman-57888215b,US,Thompson Construction,True,True,SteamTurbineMarket,2025-07-03
David,Lavie,dlavie@petrotechinc.com,Executive Vice President,https://www.linkedin.com/in/david-lavie-844a60206,US,Petrotech,True,True,SteamTurbineMarket,2025-07-03
Denis,Luquiau,dluquiau@onet.fr,Directeur de la performance opérationnelle,https://www.linkedin.com/in/denis-luquiau-549654181,EU,Onet,True,True,SteamTurbineMarket,2025-07-03
Douglas,Beck,doug.beck@haroldbeck.com,Chairman,https://www.linkedin.com/in/douglas-c-beck-06128620,US,Harold Beck & Sons,True,True,SteamTurbineMarket,2025-07-03
Don,Shepherd,dshepherd@caldwellenergy.com,President/CEO,https://www.linkedin.com/in/don-shepherd-07b5b12b,US,Caldwell Energy,True,True,SteamTurbineMarket,2025-07-03
David,Watson,dwatson@arganinc.com,President and Chief Executive Officer,https://www.linkedin.com/in/davidhwatson,US,Argan,True,True,SteamTurbineMarket,2025-07-03
Erich,Christoph,echristoph@cfsusa.net,President,https://www.linkedin.com/in/erich-christoph-821a5071,US,Continental Field Systems,True,True,SteamTurbineMarket,2025-07-03
Franck,Degueure,franck.degueure@foxcomm.io,C.E.O,https://www.linkedin.com/in/franck-degueure-b565104,US,FoxComm,True,True,SteamTurbineMarket,2025-07-03
Garrett,Plummer,garrett.plummer@pecoil.com,General Manager,https://www.linkedin.com/in/garrett-plummer-262039a3,US,Coil & Rotor,True,True,SteamTurbineMarket,2025-07-03
Harry,Nadjarian,harry.nadjarian@impcorporation.com,Chairman of the Board,https://www.linkedin.com/in/harry-h-nadjarian-48b99a30,US,Industrial Motor Power,True,True,SteamTurbineMarket,2025-07-03
Hugues,De bodman,hdebodman@onet.fr,Director Of Business Development / Airport Services,https://www.linkedin.com/in/hugues-de-bodman,EU,Onet,True,True,SteamTurbineMarket,2025-07-03
Hugh,Miles,hmiles@mdaturbines.com,President and CEO,https://www.linkedin.com/in/hugh-miles,US,MD&A,True,True,SteamTurbineMarket,2025-07-03
Jaime,Rincon,jaime@jrmechanicalinc.com,CEO/DIRECTOR,https://www.linkedin.com/in/jaime-rincon-42b4b385,US,Jr Mechanical,True,True,SteamTurbineMarket,2025-07-03
Joe,Barnett,jbarnett@ctservices.us,General Manager,https://www.linkedin.com/in/joebarnett91,US,Compressor & Turbine Services,True,True,SteamTurbineMarket,2025-07-03
Jeffery,De vaul,jdevaul@leistritzcorp.com,President & COO | P&L Leader - Multiple Business Units | CEO | Board Member | Manufacturing | Growth,https://www.linkedin.com/in/jeffery-de-vaul-8058646,US,Leistritz,True,True,SteamTurbineMarket,2025-07-03
Jeff,Hogge,jhogge@turbinepros.com,Vice President Thermal Power,https://www.linkedin.com/in/jeff-hogge-ab304342,US,TurbinePROs,True,True,SteamTurbineMarket,2025-07-03
Jun,Ji,jijun@consen.net,GM,https://www.linkedin.com/in/jun-ji-50908341,US,Consen,True,True,SteamTurbineMarket,2025-07-03
Jim,Schoen,jim.schoen@kiewit.com,Principal Engineer - Kiewit Infrastructure Engineering,https://www.linkedin.com/in/jim-schoen-07396935,US,Kiewit,True,True,SteamTurbineMarket,2025-07-03
Jason,Kirshner,jkirshner@atccorp.com,President,https://www.linkedin.com/in/jason-kirshner-26397214,US,ATC,True,True,SteamTurbineMarket,2025-07-03
John,Stahley,john.stahley@foxinnovation.com,VP Engineered Solutions & General Manager Houston Operations,https://www.linkedin.com/in/john-stahley-001309181,US,FOX Innovation,True,True,SteamTurbineMarket,2025-07-03
Jacob,Shenesey,jshenesey@bolttechmannings.com,Chief Operating Officer,https://www.linkedin.com/in/jacob-shenesey-29b13270,US,Bolttech Mannings,True,True,SteamTurbineMarket,2025-07-03
Julie,Outhwaite,julie@twin-industries.co.uk,Managing Director,https://www.linkedin.com/in/julie-outhwaite-345083110,EU,Twin Industries,True,True,SteamTurbineMarket,2025-07-03
Jurgen,Daub,jurgen.daub@wellons.com,Chief Engineer,https://www.linkedin.com/in/jurgen-daub-78734a103,US,Wellons,True,True,SteamTurbineMarket,2025-07-03
Katie,Bickford,kbickford@nlineenergy.com,Chief Commercial Officer,https://www.linkedin.com/in/katie-bickford,US,NLine Energy,True,True,SteamTurbineMarket,2025-07-03
Keith,Carlsen,kcarlsen@steammgt.com,Vice President/COO,https://www.linkedin.com/in/keith-carlsen-48374a28,US,Steam,True,True,SteamTurbineMarket,2025-07-03
Kelly,Cannon,kelly.cannon@naes.com,"Director, Corporate & Financial Services",https://www.linkedin.com/in/kelly-cannon-cma-500508b,US,NAES,True,True,SteamTurbineMarket,2025-07-03
Kihyun,Suk,khs@pields.com,Senior Sales Manager,https://www.linkedin.com/in/ki-hyun-special-k-suk-1b032796,US,Pields,True,True,SteamTurbineMarket,2025-07-03
Lance,Hays,lhays@energent.net,President,https://www.linkedin.com/in/lance-hays-82a066238,US,Energent,True,True,SteamTurbineMarket,2025-07-03
Luciano,Cordaro,luciano.cordaro@ethosenergy.com,Systems Global Chief Engineer,https://www.linkedin.com/in/luciano-pietro-cordaro-92496522,US,EthosEnergy,True,True,SteamTurbineMarket,2025-07-03
Marc,Jarnier,m.jarnier@interpec-france.com,Responsable études et réalisations - Responsable commercial,https://www.linkedin.com/in/marc-jarnier-62293059,EU,INTERPEC,True,True,SteamTurbineMarket,2025-07-03
Marco,Orsetti,marco.orsetti@tccs.energy,President / Owner,https://www.linkedin.com/in/marco-orsetti-972ba620,US,Turbine Controls,True,True,SteamTurbineMarket,2025-07-03
Mellanie,Askew,maskew@coverflex.net,President / CEO,https://www.linkedin.com/in/mellanie-askew-4b917062,US,Coverflex,True,True,SteamTurbineMarket,2025-07-03
Matthew,Kalinchok,mkalinchok@mginc.net,Chief Financial Officer,https://www.linkedin.com/in/matthew-kalinchok-53b48717b,US,Merrick Group,True,True,SteamTurbineMarket,2025-07-03
Martin,Marsh,mmarsh@hpienergy.com,General Manager for GSD,https://www.linkedin.com/in/martin-marsh-5735579,US,HPI Energy,True,True,SteamTurbineMarket,2025-07-03
Matthew,Panconi,mpanconi@ipclydon.com,Vice President of Business Development,https://www.linkedin.com/in/matthew-panconi-185b6610,US,IPC Lydon,True,True,SteamTurbineMarket,2025-07-03
Nadim,Anwar,nadim.anwar@rolls-royce-smr.com,Chief Design Engineer (EC&I),https://www.linkedin.com/in/nadim-anwar-ceng-fiet-217a1b21,EU,Rolls-Royce SMR,True,True,SteamTurbineMarket,2025-07-03
Neal,Gilbert,neal@r-e-v.co.uk,Managing Director,https://www.linkedin.com/in/neal-gilbert-63274255,EU,REV,True,True,SteamTurbineMarket,2025-07-03
Olivier,Sainrapt,olivier.sainrapt@spie.com,Directeur général,https://www.linkedin.com/in/olivier-sainrapt-5098207a,EU,SPIE Turbomachinery,True,True,SteamTurbineMarket,2025-07-03
Paul,Franklin,paul.franklin@rtc-uk.net,Director,https://www.linkedin.com/in/paul-franklin-18798a77,EU,RTC,True,True,SteamTurbineMarket,2025-07-03
Paul,Von hirtz,paul@thermochem.com,President,https://www.linkedin.com/in/paul-von-hirtz-330225162,US,Thermochem,True,True,SteamTurbineMarket,2025-07-03
Philip,Finelli,philip.finelli@htsolutionsllc.com,Managing Director,https://www.linkedin.com/in/philip-finelli-2420611b2,US,Heat Transfer Solutions,True,True,SteamTurbineMarket,2025-07-03
Richard,Armstrong,rarmstrong@hpi-llc.com,Chief Financial Officer,https://www.linkedin.com/in/richard-armstrong-9706624,US,HPI,True,True,SteamTurbineMarket,2025-07-03
Ray,Bowley,ray.bowley@bakerhughes.com,Commercial Operations Leader,https://www.linkedin.com/in/ray-bowley-227b89b,US,Lufkin Gears,True,True,SteamTurbineMarket,2025-07-03
Rollin,Perrigo,rollin.perrigo@host-bioenergy.com,Chief Financial Officer,https://www.linkedin.com/in/rollin-perrigo,US,HoSt,True,True,SteamTurbineMarket,2025-07-03
Rod,Ragan,rragan@energyallied.com,President,https://www.linkedin.com/in/rod-ragan-629b296,US,Energy Allied,True,True,SteamTurbineMarket,2025-07-03
Ryan,Williams,ryan.williams@ferrybridgeworkshops.co.uk,Managing Director,https://www.linkedin.com/in/ryan-williams-480941192,EU,Ferrybridge Workshops,True,True,SteamTurbineMarket,2025-07-03
Scott,Allard,sallard@conval.com,President,https://www.linkedin.com/in/scott-allard-0104724,US,Conval,True,True,SteamTurbineMarket,2025-07-03
Sam,Hounslow,sam.hounslow@rolls-royce-smr.com,Commercial Director,https://www.linkedin.com/in/sam-hounslow-925bab21,EU,Rolls-Royce SMR,True,True,SteamTurbineMarket,2025-07-03
Sam,Craig,sam@reboundindustrialmaintenance.com,Owner,https://www.linkedin.com/in/sam-craig-83322588,US,Rebound Industrial,True,True,SteamTurbineMarket,2025-07-03
Scott,Blomquist,sblomquist@rmbsales.com,President,https://www.linkedin.com/in/scott-blomquist-90763845,US,RMB,True,True,SteamTurbineMarket,2025-07-03
Scot,Blodgett,scot.blodgett@ueci.com,Vice President of Engineering and Consulting Services,https://www.linkedin.com/in/scot-blodgett-2a2a9664,US,UECI,True,True,SteamTurbineMarket,2025-07-03
Stewart,Jones,sjones@jonesindustrial.com,Co CEO,https://www.linkedin.com/in/stewart-jones-32a65b34,US,Jones Industrial,True,True,SteamTurbineMarket,2025-07-03
Warren,Steer,steerw@tei.co.uk,Managing Director,https://www.linkedin.com/in/warren-steer-a4aab540,EU,TEi,True,True,SteamTurbineMarket,2025-07-03
Stephen,Petru,stephen.petru@trinityturbine.com,Controller,https://www.linkedin.com/in/stephen-petru-6256228,US,Trinity Turbine,True,True,SteamTurbineMarket,2025-07-03
Stephen,Atkinson,steve@unit-power.uk,Managing Director,https://www.linkedin.com/in/stephen-atkinson-a61b5a218,EU,Unit Power,True,True,SteamTurbineMarket,2025-07-03
Stuart,Cummings,stuartcummings@bihl.com,Chief Executive Officer,https://www.linkedin.com/in/stuart-cummings-286b388,EU,Boustead International Heaters,True,True,SteamTurbineMarket,2025-07-03
Stuart,Saint,stuarts@marchwoodpower.com,Commercial and Finance Manager,https://www.linkedin.com/in/stuart-saint-49b5a9235,EU,Marchwood Power,True,True,SteamTurbineMarket,2025-07-03
Suhaib,Ahmed,suhaib.ahmed@qturbomechs.com,Director,https://www.linkedin.com/in/suhaib-ahmed-c-eng-mimeche-98180623,EU,QTurbomechs,True,True,SteamTurbineMarket,2025-07-03
Timothy,Jackson,tdjackson0@tva.gov,Director Asset Management,https://www.linkedin.com/in/timothy-jackson-20a1b549,US,TVA,True,True,SteamTurbineMarket,2025-07-03
Travis,Mcgraw,tmcgraw@plantmachineworks.com,Senior Vice President,https://www.linkedin.com/in/travis-mcgraw-9989542b,US,Plant Machine Works,True,True,SteamTurbineMarket,2025-07-03
Tony,Montgomery,tony.montgomery@kaizenmech.com,Founder & CEO,https://www.linkedin.com/in/tony-montgomery-7699a524,US,Kaizen,True,True,SteamTurbineMarket,2025-07-03
Tim,Parker,tparker@hansenturbine.com,Chief Executive Officer,https://www.linkedin.com/in/tim-parker-684112259,US,Hansen Turbine,True,True,SteamTurbineMarket,2025-07-03
Ian,Yorke,yorkei@tei.co.uk,Operations Director,https://www.linkedin.com/in/ian-yorke-68216838,EU,TEi,True,True,SteamTurbineMarket,2025-07-03
