First Name,Last Name,Email,Job Title,LinkedIn,Timezone - Lead,Company,Is_Valid_Email,Is_Valid_LinkedIn,Source_File,Date_Processed
Bertsch,Cox,bertsch.cox@jamesriverequipment.com,CFO,https://www.linkedin.com/in/bertschcox,US,James River Equipment,True,True,WalkBehindSpreaderMarket,2025-07-03
Mark,Romer,mark.romer@jamesriverequipment.com,President,https://www.linkedin.com/in/mark-romer-7b9818159,US,James River Equipment,True,True,WalkBehindSpreaderMarket,2025-07-03
Greg,Morgan,gmorgan@qualityequip.com,Chief Operating Officer,https://www.linkedin.com/in/greg-morgan-b74a7523,US,Quality Equipment,True,True,WalkBehindSpreaderMarket,2025-07-03
Stan,Bowers,sbowers@qualityequip.com,CFO,https://www.linkedin.com/in/stan-bowers-55bb4783,US,Quality Equipment,True,True,WalkBehindSpreaderMarket,2025-07-03
Arin,Monroe,amonroe@haydist.com,President,https://www.linkedin.com/in/arin-monroe-0827b051,US,Hayward Distributing,True,True,WalkBehindSpreaderMarket,2025-07-03
Bas,Mulder,bas.mulder@zweq.nl,COO,https://www.linkedin.com/in/bas-mulder-b946a2a,EU,Zweegers,True,True,WalkBehindSpreaderMarket,2025-07-03
Ben,Butcher,bbutcher@agproco.com,Division President,https://www.linkedin.com/in/ben-butcher-89893554,US,Ag-Pro,True,True,WalkBehindSpreaderMarket,2025-07-03
Ben,Whyles,ben.whyles@agri-linc.com,Managing Director,https://www.linkedin.com/in/ben-whyles-2aa1b21ab,EU,Agri-Linc,True,True,WalkBehindSpreaderMarket,2025-07-03
Bernard,Hershberger,bhershberger@stoltzmfg.com,President,https://www.linkedin.com/in/bhershberger,US,Stoltz Mfg,True,True,WalkBehindSpreaderMarket,2025-07-03
Bill,Parsley,bparsley@carswelldist.com,President,https://www.linkedin.com/in/bill-parsley-73112413,US,Carswell Distributing,True,True,WalkBehindSpreaderMarket,2025-07-03
Bryan,Montgomery,bryanm@durand-wayland.com,VP Electrical Engineering,https://www.linkedin.com/in/bryan-montgomery-0b7a39112,US,Durand-Wayland,True,True,WalkBehindSpreaderMarket,2025-07-03
Curtis,Allen,c.allen@redexim.com,Global Commercial Director,https://www.linkedin.com/in/curtis-allen-a6474929,EU,Redexim,True,True,WalkBehindSpreaderMarket,2025-07-03
Chris,Almeling,calmeling@oscar-wilson.com,Chief Financial Officer,https://www.linkedin.com/in/chris-almeling-409b39b9,US,Oscar Wilson,True,True,WalkBehindSpreaderMarket,2025-07-03
Carlos,Sanchez,carlos.sanchez@lamsa.com.mx,Deputy Director Precision Ag & Drones,https://www.linkedin.com/in/carlos-sanchez-127798158,US,Lamsa,True,True,WalkBehindSpreaderMarket,2025-07-03
Catherine,Gutzwiller,catherine.gutzwiller@streumaster.com,Co-gérante,https://www.linkedin.com/in/catherine-gutzwiller-678a2b26a,EU,Streumaster,True,True,WalkBehindSpreaderMarket,2025-07-03
Charlie,Glenister,charlie.glenister@oliverlandpower.co.uk,Managing Director,https://www.linkedin.com/in/charlie-glenister,EU,Oliver Landpower,True,True,WalkBehindSpreaderMarket,2025-07-03
Chris,Pogge,chrisp@grasslandcorp.com,Vice President Commercial Sales,https://www.linkedin.com/in/chris-pogge-cse-scps-67993711,US,Grassland Equipment & Irrigation,True,True,WalkBehindSpreaderMarket,2025-07-03
Damian,Adamczak,d.adamczak@agro-siec.pl,Sales Director,https://www.linkedin.com/in/damian-adamczak-283416127,EU,Agro-Sieć,True,True,WalkBehindSpreaderMarket,2025-07-03
Denbigh,Whyles,denbigh.whyles@agri-linc.com,Commercial Director,https://www.linkedin.com/in/denbigh-whyles-806883127,EU,Agri-Linc,True,True,WalkBehindSpreaderMarket,2025-07-03
Eduard,Rodríguez,eduard.rodriguez@yaros.es,CEO,https://www.linkedin.com/in/eduard-rodríguez-891a0645,EU,YAROS,True,True,WalkBehindSpreaderMarket,2025-07-03
François,Gaignon,francois.gaignon@bonfils-sa.fr,Directeur d’activités Espaces vert,https://www.linkedin.com/in/françois-gaignon-18a94a67,EU,Bonfils,True,True,WalkBehindSpreaderMarket,2025-07-03
Gaëtan,Coisel,g.coisel@lhermite-agri.com,Directeur commercial,https://www.linkedin.com/in/gaëtan-coisel-0b6138ab,EU,Lhermite Agri,True,True,WalkBehindSpreaderMarket,2025-07-03
Grzegorz,Michalewicz,g.michalewicz@agro-siec.pl,Dyrektor finansowy grupy,https://www.linkedin.com/in/grzegorz-michalewicz-a99b61149,EU,Agro-Sieć,True,True,WalkBehindSpreaderMarket,2025-07-03
George,Lloyd,george@lloyd.ltd.uk,Managing Director,https://www.linkedin.com/in/george-lloyd-95a1a614a,EU,Lloyd,True,True,WalkBehindSpreaderMarket,2025-07-03
Guillaume,Dill,guillaume.dill@haag.fr,Precision AG Business Manager,https://www.linkedin.com/in/guillaume-dill-53980213a,EU,Haag,True,True,WalkBehindSpreaderMarket,2025-07-03
George,Whelan,gwhelan@tuckwells.com,Chief Technology Officer,https://www.linkedin.com/in/george-whelan-77a92249,EU,Tuckwells,True,True,WalkBehindSpreaderMarket,2025-07-03
Hans,Peters,hpeters@vredo.com,R&D engineer,https://www.linkedin.com/in/hans-peters-368031160,EU,Vredo,True,True,WalkBehindSpreaderMarket,2025-07-03
Julien,Wintrebert,j.wintrebert@bouchard-vromman.com,Directeur technique,https://www.linkedin.com/in/julien-wintrebert-264372181,EU,Bouchard Vromman,True,True,WalkBehindSpreaderMarket,2025-07-03
Jane,Sharp,jane.sharp@techneat.co.uk,Administration Director,https://www.linkedin.com/in/jane-sharp-32236810a,EU,Techneat,True,True,WalkBehindSpreaderMarket,2025-07-03
John,Budde,jbudde@haydist.com,Chairman & Treasurer,https://www.linkedin.com/in/john-budde-ba858659,US,Hayward Distributing,True,True,WalkBehindSpreaderMarket,2025-07-03
Jimmy,Laing,jimmy.laing@thomassherriff.co.uk,After sales director,https://www.linkedin.com/in/jimmy-laing-47393450,EU,Thomas Sherriff,True,True,WalkBehindSpreaderMarket,2025-07-03
James,Lucas,jlucas@qualityequip.com,Aftermarket Director,https://www.linkedin.com/in/james-lucas-25966016,US,Quality Equipment,True,True,WalkBehindSpreaderMarket,2025-07-03
João,Leal,joao.leal@venezanet.com,Diretor Comercial,https://www.linkedin.com/in/joão-leal-69b11a211,US,Veneza,True,True,WalkBehindSpreaderMarket,2025-07-03
Johan,Appelqvist,johan@stihl.com,"Head of Product, Service & Training",https://www.linkedin.com/in/johan-appelqvist-9a29b84a,EU,STIHL,True,True,WalkBehindSpreaderMarket,2025-07-03
Judy,Splan-Larin,jsplanlarin@brinly.com,Chief Operating Officer,https://www.linkedin.com/in/jsplanlarin1,US,Brinly-Hardy,True,True,WalkBehindSpreaderMarket,2025-07-03
Karl,Walizer,karl@dottererequip.com,Principal Owner,https://www.linkedin.com/in/karl-walizer-44a50a119,US,Dotterer Equipment,True,True,WalkBehindSpreaderMarket,2025-07-03
Kyle,Fulcher,kfulcher@agup.com,Chief Executive Officer,https://www.linkedin.com/in/kyle-fulcher-4b529120,US,AGUP,True,True,WalkBehindSpreaderMarket,2025-07-03
Kevin,Padgett,kpadgett@tractorstore.com,Business Owner,https://www.linkedin.com/in/kevin-padgett-89321018a,US,Plateau,True,True,WalkBehindSpreaderMarket,2025-07-03
Kristina,Schmitt,kschmitt@ariensco.com,"Director, Product Management",https://www.linkedin.com/in/kristina-schmitt-b0051624,US,AriensCo,True,True,WalkBehindSpreaderMarket,2025-07-03
Laura,Bentley,laura@bentleybrosinc.com,President,https://www.linkedin.com/in/laura-bentley-82a56725,US,Bentley Bros,True,True,WalkBehindSpreaderMarket,2025-07-03
Les,Malin,lmalin@etesia.co.uk,Managing Director,https://www.linkedin.com/in/les-malin-00012234,EU,Etesia,True,True,WalkBehindSpreaderMarket,2025-07-03
Marius,Van gent,m.vangent@redexim.com,Finance Director bij Redexim,https://www.linkedin.com/in/marius-van-gent-142b0262,EU,Redexim,True,True,WalkBehindSpreaderMarket,2025-07-03
Marie,Spliethoff,marie.spliethoff@rasplie.de,Geschäftsführer,https://www.linkedin.com/in/marie-spliethoff-1419021bb,EU,Rampelmann & Spliethoff,True,True,WalkBehindSpreaderMarket,2025-07-03
Matthew,Carlton,matthew@agproco.com,COO,https://www.linkedin.com/in/matthewcarltonthomasville,US,Ag-Pro,True,True,WalkBehindSpreaderMarket,2025-07-03
Maureen,Preziosi,maureen@chiefequip.com,President,https://www.linkedin.com/in/maureen-preziosi-1b9a2818a,US,Chief Equipment,True,True,WalkBehindSpreaderMarket,2025-07-03
Mike,Norton,mike.norton@fimcoindustries.com,Chief Operating Officer,https://www.linkedin.com/in/mike-norton-24202a56,US,FIMCO,True,True,WalkBehindSpreaderMarket,2025-07-03
Michael,Nelson,mike@nelsontractorco.com,President,https://www.linkedin.com/in/michael-nelson-1a888613b,US,Nelson Tractor,True,True,WalkBehindSpreaderMarket,2025-07-03
Manuel,Mondragon,mmondragon@tellusequip.com,Chief Financial Officer,https://www.linkedin.com/in/mmondragon1,US,Tellus Equipment,True,True,WalkBehindSpreaderMarket,2025-07-03
Morten,Foged,morten@semleragro.dk,CCO - Commercial Solution Center Manager,https://www.linkedin.com/in/morten-skau-foged-17515552,EU,Semler Agro,True,True,WalkBehindSpreaderMarket,2025-07-03
Pablo,Balanzá,pbalanza@vilagrancha.com,CEO,https://www.linkedin.com/in/pablobalanza,EU,Vila Grancha,True,True,WalkBehindSpreaderMarket,2025-07-03
Randy,Wenninger,randy.wenninger@trulandequip.com,Director of Sales,https://www.linkedin.com/in/randy-wenninger-a0723a18,US,Truland,True,True,WalkBehindSpreaderMarket,2025-07-03
Rob,Van Dijck,rob@rovadi.nl,Owner,https://www.linkedin.com/in/rob-van-dijck-8b79885a,EU,Rovadi,True,True,WalkBehindSpreaderMarket,2025-07-03
Rogier,Van der linde,rogier.vanderlinde@royalreesink.com,CEO Royal Reesink,https://www.linkedin.com/in/rogier-van-der-linde-0555029,EU,Royal Reesink,True,True,WalkBehindSpreaderMarket,2025-07-03
Ronald,Slaats,ronald.slaats@zweq.nl,CEO Mechan International,https://www.linkedin.com/in/ronald-slaats-53263a5,EU,Zweegers,True,True,WalkBehindSpreaderMarket,2025-07-03
Rachael,Willis,rwillis@tuckwells.com,Chief Financial Officer,https://www.linkedin.com/in/rachael-willis-965661163,EU,Tuckwells,True,True,WalkBehindSpreaderMarket,2025-07-03
Sebastien,Deloffre,s.deloffre@bouchard-vromman.com,Directeur général,https://www.linkedin.com/in/sebastien-deloffre-80156529,EU,Bouchard Vromman,True,True,WalkBehindSpreaderMarket,2025-07-03
Sammy,Johnson,sammyj@durand-wayland.com,"V.P, Packinghouse Engineering",https://www.linkedin.com/in/sammy-johnson-783b5ab4,US,Durand-Wayland,True,True,WalkBehindSpreaderMarket,2025-07-03
Steve,Lepera,slepera@schillergc.com,Director of Marketing,https://www.linkedin.com/in/steve-lepera-29418a14,US,Schiller Grounds Care,True,True,WalkBehindSpreaderMarket,2025-07-03
Stephen,Muir,smuir@etesia.co.uk,Business Development Manager,https://www.linkedin.com/in/stephen-muir-961018123,EU,Etesia,True,True,WalkBehindSpreaderMarket,2025-07-03
Steven,Turner,steven.turner@trulandequip.com,Director of Aftermarket,https://www.linkedin.com/in/steven-turner-79022012,US,Truland,True,True,WalkBehindSpreaderMarket,2025-07-03
Thomas,Wustmans,thomas.wustmans@limera.com,Kaufmännische Leitung,https://www.linkedin.com/in/thomas-wustmans-250247204,EU,Limera,True,True,WalkBehindSpreaderMarket,2025-07-03
Tom,Kollbach,tom.kollbach@limera.com,Geschäftsführer,https://www.linkedin.com/in/tom-kollbach-20b42850,EU,Limera,True,True,WalkBehindSpreaderMarket,2025-07-03
Tom,Neat,tom.neat@techneat.co.uk,Managing Director,https://www.linkedin.com/in/tom-neat-18858a32,EU,Techneat,True,True,WalkBehindSpreaderMarket,2025-07-03
Tom,Quigley,tquigley@ariensco.com,"Executive Vice President, Advanced Technology",https://www.linkedin.com/in/tom-quigley-8a21ba22,US,AriensCo,True,True,WalkBehindSpreaderMarket,2025-07-03
Vegard,Braate,vegard.braate@felleskjopet.no,Group Director Investor Relation,https://www.linkedin.com/in/vegard-braate-34822046,EU,Felleskjøpet,True,True,WalkBehindSpreaderMarket,2025-07-03
Will,Parsley,wparsley@carswelldist.com,President & COO,https://www.linkedin.com/in/will-parsley-3bb04a12,US,Carswell Distributing,True,True,WalkBehindSpreaderMarket,2025-07-03
Zach,Bonham,zbonham@oscar-wilson.com,Vice President of Product Development & Technology,https://www.linkedin.com/in/zach-bonham-810b2547,US,Oscar Wilson,True,True,WalkBehindSpreaderMarket,2025-07-03
