First Name,Last Name,Email,Job Title,LinkedIn,Timezone - Lead,Company,Is_Valid_Email,Is_Valid_LinkedIn,Source_File,Date_Processed
Andrew,Boggini,aboggini@optimal-outcomes.com,Principal,https://www.linkedin.com/in/andrew-boggini-48121035,US,Optimal Outcomes,True,True,WellnessRealEstateMarket,2025-07-03
Alisa,Connolly,aconnolly@caddis.com,"Executive Vice President, Asset Management",https://www.linkedin.com/in/alisa-a-connolly-5120243a,US,Caddis,True,True,WellnessRealEstateMarket,2025-07-03
Adam,Vaggelas,adam.vaggelas@greenfortcapital.com,Partner,https://www.linkedin.com/in/adam-vaggelas-53953818,US,GreenFort Capital,True,True,WellnessRealEstateMarket,2025-07-03
Anthony,Frogameni,afrogameni@optimal-outcomes.com,Vice President of Development,https://www.linkedin.com/in/frogameni,US,Optimal Outcomes,True,True,WellnessRealEstateMarket,2025-07-03
Alan,Bumpass,alan@stonelake.com,Chief Financial Officer,https://www.linkedin.com/in/alan-bumpass-144788ab,US,Stonelake,True,True,WellnessRealEstateMarket,2025-07-03
Alexander,Klafsky,alexander.klafsky@fle.co.at,Managing Partner,https://www.linkedin.com/in/alexanderklafsky,EU,FLE,True,True,WellnessRealEstateMarket,2025-07-03
Aaron,Metz,ametz@edgemark.com,Principal,https://www.linkedin.com/in/aaron-metz-22928a54,US,Edgemark,True,True,WellnessRealEstateMarket,2025-07-03
Ami,Kotecha,ami@amropartners.com,Co-Founder & President,https://www.linkedin.com/in/amikotechaamro,EU,Amro Partners,True,True,WellnessRealEstateMarket,2025-07-03
André,Cavalieri,andre@evourb.com.br,Sócio & Membro do Conselho,https://www.linkedin.com/in/andré-cavalieri-3a7515182,US,Evo,True,True,WellnessRealEstateMarket,2025-07-03
Andrew,Dankwerth,andrew.dankwerth@pembroke.com,Senior Vice President - Design & Development,https://www.linkedin.com/in/andrew-dankwerth-a1800aaa,US,Pembroke,True,True,WellnessRealEstateMarket,2025-07-03
Andrew,Nightingale,andrew.nightingale@sdg.org.au,Chief Financial Officer,https://www.linkedin.com/in/andrew-nightingale-3b415541,EU,Sustainable Development Group,True,True,WellnessRealEstateMarket,2025-07-03
Andy,Portlock,andy@hadleypropertygroup.com,Chief Executive Officer,https://www.linkedin.com/in/andy-portlock-5ab42413,EU,Hadley Property Group,True,True,WellnessRealEstateMarket,2025-07-03
Anne,Duggan,anne.duggan@sdg.org.au,Executive Director,https://www.linkedin.com/in/msanneduggan,US,Sustainable Development Group,True,True,WellnessRealEstateMarket,2025-07-03
Anne,Schwartz,anne.schwartz@paref.com,Deputy CEO PAREF,https://www.linkedin.com/in/anne-schwartz,EU,PAREF,True,True,WellnessRealEstateMarket,2025-07-03
Annica,Ånäs,annica.anas@al.se,CEO,https://www.linkedin.com/in/annica-ånäs-a9935415,EU,Atrium Ljungberg,True,True,WellnessRealEstateMarket,2025-07-03
Antoine,Castro,antoine.castro@paref.com,"Chairman, CEO and Board Member",https://www.linkedin.com/in/antoine-castro-97a51919,EU,PAREF,True,True,WellnessRealEstateMarket,2025-07-03
Anthony,Scacco,ascacco@riversideid.com,President,https://www.linkedin.com/in/anthony-scacco-ba49378,US,Riverside ID,True,True,WellnessRealEstateMarket,2025-07-03
Ashley,Shaw,ashley.shaw@millemont.co.uk,Co-Founder & CEO,https://www.linkedin.com/in/ashley-shaw-b81790b5,EU,Millemont,True,True,WellnessRealEstateMarket,2025-07-03
Alex,Young,ayoung@mspcommercial.com,President,https://www.linkedin.com/in/alex-young-a51246b8,US,MSP Commercial,True,True,WellnessRealEstateMarket,2025-07-03
Benjamin,Delaux,b.delaux@nfu.fr,President Fondateur,https://www.linkedin.com/in/benjamin-delaux-8baba71,EU,NFU,True,True,WellnessRealEstateMarket,2025-07-03
Bart,Van venrooij,bart@aig.nl,Managing Partner,https://www.linkedin.com/in/bart-van-venrooij-780a497,EU,AIG,True,True,WellnessRealEstateMarket,2025-07-03
Fabian,Bergfort,bergfort@sustina.ag,CEO and Co-Founder,https://www.linkedin.com/in/fabian-bergfort-93b69a224,EU,Sustina,True,True,WellnessRealEstateMarket,2025-07-03
Brian,Levitt,bl@navareal.com,Co-Founder / President,https://www.linkedin.com/in/brian-levitt-1352571a5,US,NAVA,True,True,WellnessRealEstateMarket,2025-07-03
Bill,Littlefield,blittlefield@aspecthealthre.com,General Counsel,https://www.linkedin.com/in/bill-littlefield-62957529,US,Aspect Health,True,True,WellnessRealEstateMarket,2025-07-03
Bryan,Marsh,bmarsh@stratcap.com,"CEO, Global Data Center Group",https://www.linkedin.com/in/bryan-marsh-38877411,US,StratCap,True,True,WellnessRealEstateMarket,2025-07-03
Bob,Laughrea,bob@generiscollective.com,Principal,https://www.linkedin.com/in/bob-laughrea-bb798411,US,Generis,True,True,WellnessRealEstateMarket,2025-07-03
Bond,Oman,boman@oman-gibson.com,CEO,https://www.linkedin.com/in/bondoman,US,Oman-Gibson,True,True,WellnessRealEstateMarket,2025-07-03
Brent,Gaulke,brent.gaulke@greencities.com,Managing Partner,https://www.linkedin.com/in/brent-gaulke-a67ba55,US,Green Cities,True,True,WellnessRealEstateMarket,2025-07-03
Bryce,Jones,bryce@rue-re.com,Managing Partner & Co-Founder | Investments,https://www.linkedin.com/in/bryce-jones-699b6026,US,RUE,True,True,WellnessRealEstateMarket,2025-07-03
Jan,Bryndza,bryndza@altorealestate.sk,Business Director,https://www.linkedin.com/in/jan-bryndza-419a2522,US,Alto Real Estate,True,True,WellnessRealEstateMarket,2025-07-03
Cameron,Koffman,cameron@havenlyventures.com,"Co-Founder, COO at Havenly Ventures",https://www.linkedin.com/in/cameron-koffman-827593154,US,Havenly Ventures,True,True,WellnessRealEstateMarket,2025-07-03
Catalina,Arcila,carcila@conexoinmobiliario.com,Directora Financiera,https://www.linkedin.com/in/catalina-arcila-46570282,US,Conexo Inmobiliario,True,True,WellnessRealEstateMarket,2025-07-03
Christopher,Dipasquale,cdipasquale@campanelli.com,Acquisition & Asset Manager,https://www.linkedin.com/in/christopher-dipasquale-3aa88a3,US,Campanelli,True,True,WellnessRealEstateMarket,2025-07-03
Chris,Flynn,cflynn@stratcap.com,Chief Investment Officer,https://www.linkedin.com/in/chris-flynn-814645b,US,StratCap,True,True,WellnessRealEstateMarket,2025-07-03
Christopher,Staggs,chris@ariatouch.com,Founding Principal,https://www.linkedin.com/in/christopher-staggs-aia-ncarb-leed-ap-060b087,US,Aria Touch,True,True,WellnessRealEstateMarket,2025-07-03
Chris,Hunt,chris@v7am.com,Co-founder & Director,https://www.linkedin.com/in/chris-hunt-67292a9,EU,V7,True,True,WellnessRealEstateMarket,2025-07-03
Craig,Parsons,craigp@senecagroup.com,Principal and Development Manager,https://www.linkedin.com/in/craig-parsons-0a9a613,US,Seneca,True,True,WellnessRealEstateMarket,2025-07-03
Celeste,Tanner,ctanner@confluentdev.com,"President, Confluent Commercial",https://www.linkedin.com/in/celeste-tanner-4104974,US,Confluent,True,True,WellnessRealEstateMarket,2025-07-03
Daniel,Kodsi,daniel@rpcholdings.com,Chief Executive Officer,https://www.linkedin.com/in/daniel-kodsi-1788a741,US,Royal Palm,True,True,WellnessRealEstateMarket,2025-07-03
David,Armesy,darmesy@allresco.com,Development Director,https://www.linkedin.com/in/armesy,US,Alliance,True,True,WellnessRealEstateMarket,2025-07-03
Dave,Cocagne,dave@vermiliondevelopment.com,President and CEO,https://www.linkedin.com/in/dave-cocagne-3a607a7,US,Vermilion Development,True,True,WellnessRealEstateMarket,2025-07-03
David,Camp,david.camp@stanhopeplc.com,Chief Executive Officer,https://www.linkedin.com/in/david-camp-96744b1b1,EU,Stanhope,True,True,WellnessRealEstateMarket,2025-07-03
David,Irvine,david.irvine@simplyuk.co,Technical Director,https://www.linkedin.com/in/david-irvine-a5099a12,EU,Simply UK,True,True,WellnessRealEstateMarket,2025-07-03
David,Rennex,david.rennex@mrdg.com.au,Managing Director,https://www.linkedin.com/in/david-rennex-0764b865,US,MRDG,True,True,WellnessRealEstateMarket,2025-07-03
David,Bronfman,david@evourb.com.br,Partner and Board Member,https://www.linkedin.com/in/davidbronfman,US,Evo,True,True,WellnessRealEstateMarket,2025-07-03
David,Walcott,david@novamed.inc,Founder & Managing Partner,https://www.linkedin.com/in/david-walcott-51502258,EU,Novamed,True,True,WellnessRealEstateMarket,2025-07-03
David,Mas,david@uncommondevelopers.com,President of Construction,https://www.linkedin.com/in/david-mas-5511ab31a,US,Uncommon Developers,True,True,WellnessRealEstateMarket,2025-07-03
Demeter,Kovacs,demeter.kovacs@millemont.co.uk,Co-Founder & General Counsel,https://www.linkedin.com/in/demeter-kovacs-29451a56,EU,Millemont,True,True,WellnessRealEstateMarket,2025-07-03
David,Foster,dfoster@bdpimpact.com,Founder & CEO,https://www.linkedin.com/in/ddfoster,US,BDP Impact,True,True,WellnessRealEstateMarket,2025-07-03
David,Heller,dheller@nrpgroup.com,CEO and Co-Founder,https://www.linkedin.com/in/david-heller-480a627,US,The NRP,True,True,WellnessRealEstateMarket,2025-07-03
Daniel,Mcgee,dmcgee@redbricklmd.com,Director of Sustainability,https://www.linkedin.com/in/danieljohnmcgee,US,Redbrick LMD,True,True,WellnessRealEstateMarket,2025-07-03
Daniel,Metcalfe,dmetcalfe@bartra.ie,Financial Director,https://www.linkedin.com/in/daniel-metcalfe-5bb38738,EU,Bartra,True,True,WellnessRealEstateMarket,2025-07-03
David,Turner,dt@feldberg-capital.com,Managing Partner,https://www.linkedin.com/in/david-turner-3a316b138,EU,Feldberg Capital,True,True,WellnessRealEstateMarket,2025-07-03
Emmanuel,La Fonta,e.lafonta@ikorealestate.eu,Group CFO,https://www.linkedin.com/in/emmanuel-la-fonta-7b7b5852,EU,IKO Real Estate,True,True,WellnessRealEstateMarket,2025-07-03
Ed,Smith,ed.smith@assuraplc.com,Chairman,https://www.linkedin.com/in/ed-smith-5b0620b,EU,Assura,True,True,WellnessRealEstateMarket,2025-07-03
Elaine,Siew,elaine.siew@gbpartnerships.co.uk,Managing Director,https://www.linkedin.com/in/elaine-siew-9310933,EU,GB Partnerships,True,True,WellnessRealEstateMarket,2025-07-03
Elie,Rieder,elie@castlelanterra.com,Founder & CEO,https://www.linkedin.com/in/elierieder,US,Castle Lanterra,True,True,WellnessRealEstateMarket,2025-07-03
Eric,Mendelsohn,emendelsohn@nhireit.com,"President, CEO & Board Member",https://www.linkedin.com/in/ericmendelsohn,US,National Health Investors,True,True,WellnessRealEstateMarket,2025-07-03
Eric,Solberg,eric@exs.com,Founder & Chairman,https://www.linkedin.com/in/eric-solberg-a2969029,US,EXS,True,True,WellnessRealEstateMarket,2025-07-03
Erik,Richters,erik@o-m-d.nl,Eigenaar/ontwikkelaar/projectmanager,https://www.linkedin.com/in/erik-richters-41707810,EU,OMD,True,True,WellnessRealEstateMarket,2025-07-03
Elliot,Schwab,eschwab@apexhp.com,President,https://www.linkedin.com/in/elliot-schwab-04148a21,US,Apex,True,True,WellnessRealEstateMarket,2025-07-03
Frederic,Flo,fflo@aventim.com,Directeur général délégué,https://www.linkedin.com/in/frederic-flo-b49133a1,EU,Aventim,True,True,WellnessRealEstateMarket,2025-07-03
Federico,Lacour,flacour@apexhp.com,Managing Director,https://www.linkedin.com/in/federicolacour,US,Apex,True,True,WellnessRealEstateMarket,2025-07-03
François,Lazard,francois.lazard@lazard-sa.com,CEO & Fondateur,https://www.linkedin.com/in/françois-lazard-a2304792,EU,Lazard,True,True,WellnessRealEstateMarket,2025-07-03
Frank,Ricci,frankr@healthcarerealtyonline.com,Director of Real Estate & Development,https://www.linkedin.com/in/frank-ricci-b0832a9,US,Healthcare Realty,True,True,WellnessRealEstateMarket,2025-07-03
Gabriel,Uzgen,gabriel.uzgen@besixred.com,Chief Executive Officer,https://www.linkedin.com/in/gabriel-uzgen-4498693,EU,BESIX RED,True,True,WellnessRealEstateMarket,2025-07-03
Ganit,Krakower,ganit@pmbllc.com,"CFO & COO, Chairman Operations",https://www.linkedin.com/in/ganit-krakower-7b76507,US,PMB,True,True,WellnessRealEstateMarket,2025-07-03
Gary,Sharp,gary.sharp@simplyuk.co,Founder,https://www.linkedin.com/in/gary-sharp-321a1b20,EU,Simply,True,True,WellnessRealEstateMarket,2025-07-03
Gary,Granger,ggranger@grangergroup.us,President,https://www.linkedin.com/in/gary-granger-39267413,US,Granger,True,True,WellnessRealEstateMarket,2025-07-03
Gail,Makode,gmakode@omegahealthcare.com,"Chief Legal Officer, General Counsel",https://www.linkedin.com/in/gail-makode-974162,US,Omega Healthcare,True,True,WellnessRealEstateMarket,2025-07-03
Greg,Markvluwer,gmarkvluwer@grangergroup.us,Chief Investment Officer,https://www.linkedin.com/in/greg-markvluwer-41754511b,US,Granger,True,True,WellnessRealEstateMarket,2025-07-03
Greg,Raap,graap@conam.com,"Executive Vice President, Conventional",https://www.linkedin.com/in/greg-raap-77342615,US,CONAM,True,True,WellnessRealEstateMarket,2025-07-03
Greg,Akoka,greg.akoka@curlewcapital.co.uk,Director of Sustainability,https://www.linkedin.com/in/gregakoka,EU,Curlew Capital,True,True,WellnessRealEstateMarket,2025-07-03
Hans,Bos,hans@dsgr.nl,Chief Executive Officer,https://www.linkedin.com/in/hans-bos-1bb418256,EU,DS,True,True,WellnessRealEstateMarket,2025-07-03
Marek,Hanzal,hanzal@ip4life.cz,CEO & CSO,https://www.linkedin.com/in/marek-hanzal-56136a61,EU,IP4Life,True,True,WellnessRealEstateMarket,2025-07-03
Hugues,Joubert,hjoubert@aventim.com,Président exécutif,https://www.linkedin.com/in/hugues-joubert-3144583a,EU,Aventim,True,True,WellnessRealEstateMarket,2025-07-03
Jason,N,jason@ashtongray.com,President,https://www.linkedin.com/in/jason-n-a7aa2059,US,Ashton Gray,True,True,WellnessRealEstateMarket,2025-07-03
Jason,Signor,jason@bigskymed.com,Chief Executive Officer/Managing Partner,https://www.linkedin.com/in/jason-signor-b6682110,US,Big Sky,True,True,WellnessRealEstateMarket,2025-07-03
Jason,Wood,jason@makeventures.com.au,Development Director,https://www.linkedin.com/in/jasonpkwood,US,Make Ventures,True,True,WellnessRealEstateMarket,2025-07-03
Jason,Hafer,jason@pre-3.com,Chief Tax Accountant,https://www.linkedin.com/in/jason-hafer-ea-222b2511,US,PRE3,True,True,WellnessRealEstateMarket,2025-07-03
Jason,Larian,jason@uncommondevelopers.com,Principal Partner,https://www.linkedin.com/in/jason-larian-0011792a,US,Uncommon Developers,True,True,WellnessRealEstateMarket,2025-07-03
Jan,Burman,jburman@b2kdevelopment.com,Chairman,https://www.linkedin.com/in/jan-burman-418782158,US,B2K,True,True,WellnessRealEstateMarket,2025-07-03
Jeremy,Jacinth,jeremy@thexcompany.com,Director of Development,https://www.linkedin.com/in/jeremyjacinth,US,The X,True,True,WellnessRealEstateMarket,2025-07-03
Joe,Greulich,jgreulich@woodsidehealth.com,Principal & Co-Founder,https://www.linkedin.com/in/joe-greulich-5199453,US,Woodside,True,True,WellnessRealEstateMarket,2025-07-03
Jorge,Guarner,jguarner@healthcareactivos.com,Founder & CEO,https://www.linkedin.com/in/jorgeguarner,EU,Healthcare Activos,True,True,WellnessRealEstateMarket,2025-07-03
Jay,Johnson,jjohnson@greatlakesmc.com,Executive Director,https://www.linkedin.com/in/jay-johnson-5a549b7a,US,Great Lakes,True,True,WellnessRealEstateMarket,2025-07-03
Javier,López Rama,jlopezrama@bravus-ip.com,COO (Chief Operation Officer),https://www.linkedin.com/in/javier-lopez-rama,EU,BRAVUS,True,True,WellnessRealEstateMarket,2025-07-03
James,Moss,jm@helical.co.uk,Chief Financial Officer Designate and Board Director of Helical plc,https://www.linkedin.com/in/jamesrichardmoss,EU,Helical,True,True,WellnessRealEstateMarket,2025-07-03
John,Kilgallon,john.kilgallon@ashtongray.com,Chief Financial Officer,https://www.linkedin.com/in/john-kilgallon-8641b65,US,Ashton Gray,True,True,WellnessRealEstateMarket,2025-07-03
John,Flannelly,john@targetfundmanagers.com,Head Of Investment,https://www.linkedin.com/in/john-flannelly-461aa54,EU,Target Fund Managers,True,True,WellnessRealEstateMarket,2025-07-03
Joshua,Kenitzer,joshua@pre-3.com,Executive Vice President,https://www.linkedin.com/in/joshua-kenitzer-37625aaa,US,PRE-3,True,True,WellnessRealEstateMarket,2025-07-03
Jason,Rickards,jrickards@bonfirecollective.com,President,https://www.linkedin.com/in/jason-rickards-3830666,US,Bonfire,True,True,WellnessRealEstateMarket,2025-07-03
Jon,Weiss,jweiss@b2kdevelopment.com,Principal & President of Construction,https://www.linkedin.com/in/jon-weiss-5b9064b9,US,B2K Development,True,True,WellnessRealEstateMarket,2025-07-03
Jeremy,Zidell,jz@rue-re.com,Founder,https://www.linkedin.com/in/jeremy-zidell-6482863b,US,RUE,True,True,WellnessRealEstateMarket,2025-07-03
Kabir,Seth,kabir@presidiobay.com,Principal / COO,https://www.linkedin.com/in/kabir-seth-6b6a1b23,US,Presidio Bay,True,True,WellnessRealEstateMarket,2025-07-03
Kamil,Dunaj,kamil.dunaj@bicz.cz,Development Director,https://www.linkedin.com/in/kamil-dunaj-b8129b206,EU,BICZ,True,True,WellnessRealEstateMarket,2025-07-03
Kelli,Winchell,kelli@mcmcompanyinc.com,Project Manager,https://www.linkedin.com/in/kelli-m-winchell-mba-rrt-641ba13b,EU,MCM,True,True,WellnessRealEstateMarket,2025-07-03
Kristi,Gaines,kgaines@nhireit.com,"SVP, Chief Transaction Officer",https://www.linkedin.com/in/kristi-gaines-41b3a535,US,National Health Investors,True,True,WellnessRealEstateMarket,2025-07-03
Ken,Outcalt,koutcalt@nrpgroup.com,"Principal, President of Development",https://www.linkedin.com/in/ken-outcalt-ab59aa3,US,The NRP Group,True,True,WellnessRealEstateMarket,2025-07-03
Laura,Lohman,laural@senecagroup.com,Managing Principal,https://www.linkedin.com/in/laura-lohman-66617317,US,Seneca,True,True,WellnessRealEstateMarket,2025-07-03
Elizabeth,Arce,liz@presidiobay.com,Managing Director,https://www.linkedin.com/in/elizabeth-arce-0770a533,US,Presidio Bay,True,True,WellnessRealEstateMarket,2025-07-03
Lauren,Selinger,lselinger@confluentdev.com,General Counsel,https://www.linkedin.com/in/lauren-selinger-531b9b22,US,Confluent,True,True,WellnessRealEstateMarket,2025-07-03
Manuel,Fernandez,m.fernandez@groupecardinal.com,Directeur technique,https://www.linkedin.com/in/manuel-fernandez-60935814b,EU,Cardinal,True,True,WellnessRealEstateMarket,2025-07-03
Marc,Crohain,marc.crohain@besixred.com,Chief Financial Officer,https://www.linkedin.com/in/marc-crohain-469a82250,EU,BESIX RED,True,True,WellnessRealEstateMarket,2025-07-03
Mark,Toothacre,mark@pmbllc.com,Managing Partner | CEO,https://www.linkedin.com/in/mark-toothacre-75984b12,US,PMB,True,True,WellnessRealEstateMarket,2025-07-03
Markus,Reiman,markus.reiman@vestera.fi,Talousjohtaja,https://www.linkedin.com/in/markus-reiman-b31555123,EU,Vestera,True,True,WellnessRealEstateMarket,2025-07-03
Martin,Hoffmann,martin.hoffmann@simmoag.at,Leitung Immobilien Portfoliomanagement und Immobilien Asset Management AT/DE,https://www.linkedin.com/in/martin-hoffmann-70a365283,EU,S IMMO,True,True,WellnessRealEstateMarket,2025-07-03
Mathew,Evans-pollard,mathew@hadleypropertygroup.com,Managing Director,https://www.linkedin.com/in/mathew-evans-pollard-3908339,EU,Hadley,True,True,WellnessRealEstateMarket,2025-07-03
Matt,Ablethorpe,matt@makeventures.com.au,Development Director,https://www.linkedin.com/in/matt-ablethorpe-51837695,US,Make Ventures,True,True,WellnessRealEstateMarket,2025-07-03
Matthew,Berry,mberry@tjbc.com,Consultant,https://www.linkedin.com/in/matthewberry,US,John Buck,True,True,WellnessRealEstateMarket,2025-07-03
Matthew,Comernisky,mcomernisky@woodsidehealth.com,Executive Vice President,https://www.linkedin.com/in/matthew-comernisky-b951589,US,Woodside,True,True,WellnessRealEstateMarket,2025-07-03
Martin,Gillar,mg@esgseniorcare.eu,"Předseda dozorčí rady, akcionář",https://www.linkedin.com/in/martin-gillar-17648117b,EU,ESG SeniorCARE,True,True,WellnessRealEstateMarket,2025-07-03
Matthew,Gorman,mgorman@avenuedev.com,Chief Investment Officer,https://www.linkedin.com/in/matthew-gorman-11045421,US,Avenue,True,True,WellnessRealEstateMarket,2025-07-03
Michael,Denk,michael.denk@quadoro.com,Founding Partner,https://www.linkedin.com/in/michael-denk-9a4bb943,EU,Quadoro,True,True,WellnessRealEstateMarket,2025-07-03
Michael,Massad,michael@stonelake.com,Managing Director,https://www.linkedin.com/in/michael-massad,US,Stonelake,True,True,WellnessRealEstateMarket,2025-07-03
Mike,Piette,mike@sensusone.com,Principal,https://www.linkedin.com/in/mike-piette-5209757,US,SensusOne,True,True,WellnessRealEstateMarket,2025-07-03
Molly,Bordonaro,molly.bordonaro@greencities.com,Managing Partner,https://www.linkedin.com/in/molly-bordonaro-8870a97a,US,Green Cities,True,True,WellnessRealEstateMarket,2025-07-03
Max,Qwarnström,mq@re-eqt.com,Managing Partner,https://www.linkedin.com/in/max-qwarnström-34a01296,EU,RE Equity,True,True,WellnessRealEstateMarket,2025-07-03
Martin,Sankot,msankot@esgseniorcare.eu,Head of Finance and Compliance,https://www.linkedin.com/in/martin-sankot-74718714,EU,ESG SeniorCARE,True,True,WellnessRealEstateMarket,2025-07-03
Nicolas,Redjem,n.redjem@groupecardinal.com,Directeur des Systèmes d'Information (DSI) | Groupe Cardinal,https://www.linkedin.com/in/nicolas-redjem-423880118,EU,Cardinal,True,True,WellnessRealEstateMarket,2025-07-03
Nathan,Grider,ngrider@allresco.com,Managing Director - Acquisitions,https://www.linkedin.com/in/nathan-grider-8ba51788,US,Alliance,True,True,WellnessRealEstateMarket,2025-07-03
Nick,Singleton,nick.singleton@greenfortcapital.com,Partner,https://www.linkedin.com/in/nick-singleton-a94a3069,US,GreenFort,True,True,WellnessRealEstateMarket,2025-07-03
Nick,Stojanovski,nick@apolloinvestment.com.au,Head of Partnerships,https://www.linkedin.com/in/nick-stojanovski-14b289219,US,Apollo Investment,True,True,WellnessRealEstateMarket,2025-07-03
Nicholas,Judd,njudd@90northgroup.com,Founder Partner,https://www.linkedin.com/in/nicholasjudd,EU,90 North,True,True,WellnessRealEstateMarket,2025-07-03
Noah,Gottlieb,noah@thexcompany.com,Chief Executive Officer,https://www.linkedin.com/in/noahgottlieb,US,The X,True,True,WellnessRealEstateMarket,2025-07-03
Noel,Epelboim,noel@epelboim.com,CEO-President,https://www.linkedin.com/in/nepelboim,US,EPELBOIM,True,True,WellnessRealEstateMarket,2025-07-03
Nic,Vervoort,nv@seald.com,CFO,https://www.linkedin.com/in/nic-vervoort-72614523,EU,Seald,True,True,WellnessRealEstateMarket,2025-07-03
Olivera,Hofman,o.hofman@a2plus.green,Chief Technical Officer CTO,https://www.linkedin.com/in/olivera-hofman-a764983a,EU,A++,True,True,WellnessRealEstateMarket,2025-07-03
Ola,Semb,ola@dpend.no,Daglig leder,https://www.linkedin.com/in/ola-semb-69b52ab7,EU,Dpend,True,True,WellnessRealEstateMarket,2025-07-03
Dariush,Oranghi,oranghi@msolutionsrealestate.nl,Owner,https://www.linkedin.com/in/dariush-oranghi-23693bb,EU,MSolutions Real Estate,True,True,WellnessRealEstateMarket,2025-07-03
Orla,Ball,orla.ball@assuraplc.com,General Counsel,https://www.linkedin.com/in/orla-ball-235a9336,EU,Assura,True,True,WellnessRealEstateMarket,2025-07-03
Oronzo,Perrini,oronzo.perrini@reamsgr.it,Direttore Generale,https://www.linkedin.com/in/oronzo-perrini-b8a4952b,US,Ream,True,True,WellnessRealEstateMarket,2025-07-03
Paolo,Colombo,p.colombo@a2plus.green,Amministratore delegato,https://www.linkedin.com/in/paolo-colombo-architect,EU,A++,True,True,WellnessRealEstateMarket,2025-07-03
Patrick,Couttenier,patrick.couttenier@carepropertyinvest.be,Chief Executive Officer,https://www.linkedin.com/in/couttenier,EU,Care Property Invest,True,True,WellnessRealEstateMarket,2025-07-03
Paul,Ferry,paul.ferry@gbpartnerships.co.uk,Executive Chairman,https://www.linkedin.com/in/paulferry1,EU,GB Partnerships,True,True,WellnessRealEstateMarket,2025-07-03
Paul,Oliver,paul.oliver@curlewcapital.co.uk,Chief Executive Officer,https://www.linkedin.com/in/paul-oliver-69548a46,EU,Curlew Capital,True,True,WellnessRealEstateMarket,2025-07-03
Paul,Scialla,paul.scialla@delos.com,Founder,https://www.linkedin.com/in/paul-scialla,US,Delos,True,True,WellnessRealEstateMarket,2025-07-03
Philip,Churchill,pchurchill@90northgroup.com,Founder & Managing Partner,https://www.linkedin.com/in/philipchurchill,EU,90 North,True,True,WellnessRealEstateMarket,2025-07-03
Pat,Fox,pfox@bartra.ie,General Counsel,https://www.linkedin.com/in/pat-fox-92196032,EU,Bartra,True,True,WellnessRealEstateMarket,2025-07-03
Philip,De Monie,philip.demonie@carepropertyinvest.be,Investment Manager,https://www.linkedin.com/in/philipdemonie,EU,Care Property Invest,True,True,WellnessRealEstateMarket,2025-07-03
Philip,Silverman,psilverman@bskyre.com,President and CEO,https://www.linkedin.com/in/philip-silverman-94497682,US,Blue Sky,True,True,WellnessRealEstateMarket,2025-07-03
Robert,Wagenaar,r.wagenaar@bouwinvest.nl,Director North American Investments,https://www.linkedin.com/in/robert-wagenaar-aa2a0b32,EU,Bouwinvest,True,True,WellnessRealEstateMarket,2025-07-03
Ralph,Ziegler,ralph.ziegler@hd-gruppe.de,Geschäftsführer,https://www.linkedin.com/in/ralph-ziegler-b530111b6,EU,HD Gruppe,True,True,WellnessRealEstateMarket,2025-07-03
Raul,Socarras,raul.socarras@upshotca.com,CEO,https://www.linkedin.com/in/raul-socarras-82282028,US,Upshot,True,True,WellnessRealEstateMarket,2025-07-03
Reid,Marks,reid@havenlyventures.com,Co-Founder & CEO,https://www.linkedin.com/in/reid-m-789449111,US,Havenly Ventures,True,True,WellnessRealEstateMarket,2025-07-03
Richard,Porter,rick@grossresidential.com,Director Of Design And Development,https://www.linkedin.com/in/richard-porter-r-a-leed-ap-mpe-7023b98,US,Gross Residential,True,True,WellnessRealEstateMarket,2025-07-03
Ronnie,Johnson,rjohnson@edgemark.com,Chief Operating Officer,https://www.linkedin.com/in/ronnie-johnson-04ab0921b,US,Edgemark,True,True,WellnessRealEstateMarket,2025-07-03
Rishi,Khanna,rk@fremontdevelopers.com,CEO & Director,https://www.linkedin.com/in/rishi-khanna-607a216,US,Fremont Developers,True,True,WellnessRealEstateMarket,2025-07-03
Rob,Loftus,rloftus@mspcommercial.com,Vice President,https://www.linkedin.com/in/rob-loftus-456aa470,US,MSP Commercial,True,True,WellnessRealEstateMarket,2025-07-03
Rob,S,robs@cathartes.com,Director Of Development,https://www.linkedin.com/in/rob-s-049b442b,US,Cathartes,True,True,WellnessRealEstateMarket,2025-07-03
Rochelle,Gamiere,rochelle@mcmcompanyinc.com,Chief Operating Officer,https://www.linkedin.com/in/rochelle-gamiere-500406b,US,MCM,True,True,WellnessRealEstateMarket,2025-07-03
Roy,Kim,roy@centralbethany.com,General Managing Partner,https://www.linkedin.com/in/roy-kim-4004128,US,Central Bethany,True,True,WellnessRealEstateMarket,2025-07-03
Richard,Rendina,rrendina@rendina.com,Chairman & CEO,https://www.linkedin.com/in/richard-m-rendina-b4320216,US,Rendina,True,True,WellnessRealEstateMarket,2025-07-03
Robert,Starkman,rstarkman@argentdevco.com,Senior Vice President,https://www.linkedin.com/in/robert-starkman-6212327,US,Argent,True,True,WellnessRealEstateMarket,2025-07-03
Sandra,Huber,s.huber@ikorealestate.eu,"Chief Development Officer (CDO), member of the Executive Committee",https://www.linkedin.com/in/sandra-huber-3414ba136,EU,IKO Real Estate,True,True,WellnessRealEstateMarket,2025-07-03
Stephen,Tross,s.tross@bouwinvest.nl,CIO International Investments,https://www.linkedin.com/in/stephen-tross-62a40211,EU,Bouwinvest,True,True,WellnessRealEstateMarket,2025-07-03
Sally,Fish,sally.fish@wilky.co.uk,Property Director,https://www.linkedin.com/in/sally-fish-93a43ba6,EU,Wilky,True,True,WellnessRealEstateMarket,2025-07-03
Sanna,Heinonen,sanna.heinonen@vestera.fi,Chief Executive Officer,https://www.linkedin.com/in/sannaheinonen1,EU,Vestera,True,True,WellnessRealEstateMarket,2025-07-03
Sarah,Wolfe,sarahw@cathartes.com,Director of Asset Services,https://www.linkedin.com/in/sarah-wolfe-823423100,US,Cathartes,True,True,WellnessRealEstateMarket,2025-07-03
Stewart,Davis,sdavis@davishre.com,EVP-Acquisitions,https://www.linkedin.com/in/stewart-davis-8997b476,US,Davis,True,True,WellnessRealEstateMarket,2025-07-03
Silvio,Di Loreto,sdiloreto@risanamentospa.com,CFO,https://www.linkedin.com/in/silvio-di-loreto-b84631141,US,Risanamento,True,True,WellnessRealEstateMarket,2025-07-03
Sebastian,Sehr,sehr@sustina.ag,Vorstand & Architekt,https://www.linkedin.com/in/sebastian-sehr-642860241,EU,Sustina,True,True,WellnessRealEstateMarket,2025-07-03
Sheldon,Oppermann,sheldon@newlandmke.com,Chief Financial Officer,https://www.linkedin.com/in/sheldon-oppermann-21393415,US,New Land,True,True,WellnessRealEstateMarket,2025-07-03
Stephen,Murphy,smurphy@campanelli.com,Partner,https://www.linkedin.com/in/stephen-murphy-824283127,US,Campanelli,True,True,WellnessRealEstateMarket,2025-07-03
Steven,Rosefsky,srosefsky@chapartners.com,Partner/General Counsel,https://www.linkedin.com/in/steven-rosefsky-9b94b3334,US,CHA Partners,True,True,WellnessRealEstateMarket,2025-07-03
Sarah,Stone,ss@navareal.com,Vice President of Marketing,https://www.linkedin.com/in/sarahstone26,US,NAVA,True,True,WellnessRealEstateMarket,2025-07-03
Stefan,Van den Brink,stefan@coffr.nl,CEO,https://www.linkedin.com/in/stefan-van-den-brink-924a389,EU,COFFR,True,True,WellnessRealEstateMarket,2025-07-03
Juraj,Sturdik,sturdik@altorealestate.sk,Chief Financial Officer,https://www.linkedin.com/in/juraj-sturdik-76963b79,US,Alto Real Estate,True,True,WellnessRealEstateMarket,2025-07-03
Tereza,Mádrová,tereza.madrova@100towers.cz,Group CFO,https://www.linkedin.com/in/terezamadrova,EU,100 Towers,True,True,WellnessRealEstateMarket,2025-07-03
Tom,Green,tgreen@providence-one.com,CEO,https://www.linkedin.com/in/tom-green-7b138910,US,Providence One,True,True,WellnessRealEstateMarket,2025-07-03
Tilman,Engel,tilman.engel@sontowski.de,Geschäftsführer,https://www.linkedin.com/in/dr-tilman-engel-700a77228,EU,Sontowski & Partner,True,True,WellnessRealEstateMarket,2025-07-03
Todd,Bryant,todd.bryant@hdpartners.com,President and Managing Member,https://www.linkedin.com/in/toddbbryant,US,Healthcare Development Partners,True,True,WellnessRealEstateMarket,2025-07-03
Taylor,Pickett,tpickett@omegahealthcare.com,Chief Executive Officer,https://www.linkedin.com/in/taylor-pickett-aa7692240,US,Omega Healthcare,True,True,WellnessRealEstateMarket,2025-07-03
Tom,Rollins,trollins@argentdevco.com,Senior Vice President,https://www.linkedin.com/in/tom-rollins-51b55524,US,Argent,True,True,WellnessRealEstateMarket,2025-07-03
Václav,Kratochvíl,vaclav.kratochvil@bicz.cz,"Regionální ředitel BICZ HOLDING a.s. , jednatel BICZ IZ s.r.o.",https://www.linkedin.com/in/václav-kratochvíl-74a473100,EU,BICZ,True,True,WellnessRealEstateMarket,2025-07-03
Vitor,Antunes,vitor.antunes@madredevelopment.com,Managing Director - Commercial & Marketing,https://www.linkedin.com/in/vitor-antunes-0042721b6,US,Madre,True,True,WellnessRealEstateMarket,2025-07-03
William,Amies,wa@feldberg-capital.com,Managing Partner,https://www.linkedin.com/in/william-amies-24b92654,EU,Feldberg Capital,True,True,WellnessRealEstateMarket,2025-07-03
Xavier,Musseau,xavier.musseau@hines.com,Président,https://www.linkedin.com/in/xavier-musseau-16353aa3,EU,Hines,True,True,WellnessRealEstateMarket,2025-07-03
Zak,Veasey,zak@v7am.com,Co-founder and Director,https://www.linkedin.com/in/zak-veasey-0b115819,EU,V7,True,True,WellnessRealEstateMarket,2025-07-03
Zee,Jennings,zjennings@oman-gibson.com,Managing Director,https://www.linkedin.com/in/zee-jennings-b44a1525,US,OGA,True,True,WellnessRealEstateMarket,2025-07-03
Zahra,Wragg,zwragg@vigogroup.co.uk,Legal & Regulatory Compliance manager,https://www.linkedin.com/in/zahra-wragg-84538774,EU,Vigo,True,True,WellnessRealEstateMarket,2025-07-03
